country,year,uis_fep_56_f500
abw,1999,10.7066402435303
abw,2000,12.0567398071289
abw,2001,10.7416896820068
abw,2002,11.2271499633789
abw,2003,13.6986303329468
abw,2004,12.5313301086426
abw,2005,11.5555601119995
abw,2006,11.5196104049683
abw,2007,10.5515604019165
abw,2008,12.2715396881104
abw,2009,14.2512102127075
abw,2010,15.7303400039673
abw,2011,14.3176698684692
abw,2012,13.3333301544189
afg,2014,6.38065004348755
ago,1999,20.4747791290283
ago,2013,23.3439292907715
alb,2000,23.1242809295654
alb,2001,24.002950668335
alb,2003,25.5484199523926
alb,2004,26.2785797119141
alb,2011,32.623420715332
alb,2012,28.7294998168945
alb,2013,29.3993396759033
alb,2014,32.5376510620117
and,2013,9.23077011108398
and,2014,8.77192974090576
are,2011,34.0725517272949
are,2012,35.1235084533691
are,2013,35.1131286621094
are,2014,36.7210083007813
arg,2005,30.664119720459
arg,2006,31.6588802337646
arg,2007,31.6627101898193
arg,2008,32.0498886108398
arg,2009,31.8175506591797
arg,2010,32.0661087036133
arg,2011,30.2761192321777
arg,2012,30.3721599578857
arg,2013,31.0908699035645
atg,2012,42.8571395874023
aus,1998,17.987979888916
aus,1999,17.7824096679688
aus,2000,18.3711109161377
aus,2001,18.6249504089355
aus,2002,19.8634796142578
aus,2003,20.1232604980469
aus,2004,20.7211894989014
aus,2005,20.9039993286133
aus,2006,21.032320022583
aus,2007,21.2737598419189
aus,2008,21.7034091949463
aus,2009,20.7926692962646
aus,2010,20.4770908355713
aus,2011,20.1459503173828
aus,2012,20.2632904052734
aus,2013,20.4998607635498
aus,2014,20.5783996582031
aut,1999,17.5332107543945
aut,2003,19.7990894317627
aut,2004,20.5639190673828
aut,2005,20.7218399047852
aut,2006,21.2980899810791
aut,2007,22.8892803192139
aut,2008,24.3355197906494
aut,2009,23.2123908996582
aut,2010,23.2753295898438
aut,2011,23.9686298370361
aut,2012,24.5668392181396
aut,2013,24.040210723877
aut,2014,24.0353603363037
aze,2008,20.3683395385742
aze,2009,18.2256603240967
aze,2010,18.63258934021
aze,2011,18.6153392791748
aze,2012,18.8070201873779
aze,2013,25.935359954834
aze,2014,26.7418403625488
bdi,2002,8.60000038146973
bdi,2011,41.8181800842285
bdi,2012,8.7058801651001
bel,2000,18.4044094085693
bel,2001,18.4928798675537
bel,2002,20.5212802886963
bel,2003,20.1515293121338
bel,2004,22.8281002044678
bel,2005,21.008129119873
bel,2006,24.1780700683594
bel,2007,20.0510501861572
bel,2008,21.4913692474365
bel,2009,23.0261306762695
bel,2010,22.831880569458
bel,2011,20.3603591918945
bel,2012,20.7552394866943
bel,2013,20.2220497131348
bel,2014,20.8732490539551
ben,2008,11.4772701263428
ben,2009,14.5607004165649
ben,2010,13.4969301223755
ben,2011,10.7659902572632
ben,2012,11.1861896514893
ben,2013,12.4120101928711
bfa,2006,42.5915184020996
bfa,2007,9.15493011474609
bfa,2008,7.25805997848511
bfa,2009,7.64525985717773
bfa,2010,8.29662036895752
bfa,2011,13.840160369873
bfa,2012,16.8145198822021
bfa,2013,16.9859790802002
bgd,2001,9.98068046569824
bgd,2002,10.560489654541
bgd,2003,10.8975696563721
bgd,2004,12.8743295669556
bgd,2005,14.9048004150391
bgd,2007,19.237850189209
bgd,2008,19.5123195648193
bgd,2009,19.4608707427979
bgd,2011,18.3602905273438
bgd,2014,15.3512201309204
bgr,1999,40.1055603027344
bgr,2000,38.5324096679688
bgr,2001,36.9138107299805
bgr,2002,34.6007995605469
bgr,2003,33.8698310852051
bgr,2004,32.2275695800781
bgr,2005,32.0172691345215
bgr,2006,31.8285903930664
bgr,2007,31.1410598754883
bgr,2008,30.8665904998779
bgr,2009,31.1028099060059
bgr,2010,31.9970893859863
bgr,2011,31.2574501037598
bgr,2012,29.8375492095947
bgr,2013,29.7018508911133
bgr,2014,28.541130065918
bhr,2003,24.4711494445801
bhr,2005,22.592830657959
bhr,2006,21.0626201629639
bhr,2014,32.8627815246582
bih,2011,32.0480003356934
bih,2012,33.1096382141113
bih,2013,34.1286811828613
bih,2014,35.2957611083984
blr,2005,28.9141101837158
blr,2006,29.2160606384277
blr,2008,29.3420696258545
blr,2009,29.0116806030273
blr,2010,28.8697299957275
blr,2011,28.340799331665
blr,2012,27.7800693511963
blr,2013,27.19455909729
blr,2014,26.9635906219482
bra,2002,26.9959506988525
bra,2003,26.3486309051514
bra,2004,26.3733100891113
bra,2005,26.1271705627441
bra,2007,25.9685001373291
bra,2008,26.3427104949951
bra,2009,27.8032398223877
bra,2010,28.3451995849609
bra,2012,30.3244895935059
brb,2011,14.1176500320435
brn,1999,30.5555591583252
brn,2000,35.2941207885742
brn,2001,40.7894706726074
brn,2003,37.6237602233887
brn,2004,38.2352905273438
brn,2005,38.5321083068848
brn,2006,36.5269508361816
brn,2007,36.0103607177734
brn,2008,41.7690391540527
brn,2009,39.8172302246094
brn,2010,39.8172302246094
brn,2011,43.8150291442871
brn,2012,45.145149230957
brn,2013,45.7115898132324
brn,2014,47.1153793334961
btn,2008,24.4897994995117
btn,2010,24.0056800842285
btn,2011,26.2921295166016
btn,2013,28.2643299102783
bwa,2012,29.0194492340088
bwa,2013,28.3606204986572
bwa,2014,28.7926502227783
caf,2010,20.9821395874023
can,1998,19.5267105102539
che,1999,10.6786298751831
che,2000,11.6799001693726
che,2001,12.6819200515747
che,2002,13.0942096710205
che,2003,13.5321502685547
che,2004,13.9283304214478
che,2005,14.2023096084595
che,2006,14.5305995941162
che,2007,14.5364303588867
che,2008,14.8594799041748
che,2009,15.617039680481
che,2010,15.9274396896362
che,2011,16.3821792602539
che,2012,17.0002899169922
che,2013,17.442289352417
che,2014,17.5578594207764
chl,2002,24.7598209381104
chl,2003,21.8829402923584
chl,2004,21.2229995727539
chl,2005,21.4276294708252
chl,2006,23.7956008911133
chl,2007,18.539270401001
chl,2008,19.2271003723145
chl,2009,19.6165790557861
chl,2010,19.1772899627686
chl,2011,18.9306507110596
chl,2012,18.6141605377197
chl,2013,19.3664703369141
chl,2014,18.705509185791
civ,2007,13.1370296478271
civ,2009,17.3975601196289
civ,2010,16.0006809234619
civ,2011,13.3084001541138
civ,2013,15.7764301300049
civ,2014,17.8171005249023
cmr,2008,14.9263696670532
cmr,2009,13.3464603424072
cmr,2010,13.5429697036743
cmr,2011,26.1218299865723
cod,2011,7.24295997619629
cod,2012,10.2036895751953
cod,2013,5.33696985244751
cog,2002,10.3448295593262
cog,2013,22.2969493865967
col,2001,33.4155883789063
col,2004,32.0790214538574
col,2005,31.700080871582
col,2006,36.5426216125488
col,2007,32.1196899414063
col,2008,33.2384185791016
col,2009,32.5118103027344
col,2010,31.0932197570801
col,2011,39.2107810974121
col,2012,31.4035396575928
col,2013,31.4559497833252
col,2014,31.3050193786621
cpv,2008,19.8148097991943
cpv,2009,21.6569805145264
cpv,2010,24.303409576416
cpv,2013,28.2800807952881
cpv,2014,23.8881797790527
cri,2004,28.6315498352051
cub,2007,24.216760635376
cub,2008,24.1937503814697
cub,2010,24.9368495941162
cub,2011,27.3878898620605
cub,2012,29.5538196563721
cuw,2013,19.3661994934082
cym,2007,66.6666717529297
cym,2008,42.8571395874023
cyp,1999,22.6862297058105
cyp,2000,11.0447797775269
cyp,2001,7.81818008422852
cyp,2002,7.47126007080078
cyp,2003,7.69230985641479
cyp,2004,10.0830402374268
cyp,2005,12.8840398788452
cyp,2006,14.0253601074219
cyp,2007,18.584659576416
cyp,2008,21.6270809173584
cyp,2009,22.5853805541992
cyp,2010,24.3601894378662
cyp,2011,25.855619430542
cyp,2012,26.4852104187012
cyp,2013,27.0242404937744
cyp,2014,27.8607006072998
cze,1999,19.5205898284912
cze,2000,25.8602905273438
cze,2001,25.78244972229
cze,2002,20.9623794555664
cze,2003,20.7190494537354
cze,2004,20.3305206298828
cze,2005,21.2247905731201
cze,2006,24.0244808197021
cze,2007,24.6494808197021
cze,2008,23.5621490478516
cze,2009,23.8253707885742
cze,2010,25.022180557251
cze,2011,25.3010101318359
cze,2012,25.7898006439209
cze,2013,26.9786701202393
cze,2014,27.4623699188232
deu,2000,18.4403095245361
deu,2001,18.7826595306396
deu,2002,18.857120513916
deu,2013,19.0250492095947
deu,2014,19.6386604309082
dji,2004,25.0
dji,2006,21.0526294708252
dji,2009,39.1408081054688
dnk,1999,29.1916904449463
dnk,2000,27.9633293151855
dnk,2001,26.2423896789551
dnk,2002,30.8615894317627
dnk,2003,32.7499885559082
dnk,2004,33.5762901306152
dnk,2005,33.1222686767578
dnk,2006,32.9158897399902
dnk,2007,33.2636909484863
dnk,2008,34.2233009338379
dnk,2009,34.4878005981445
dnk,2010,35.062141418457
dnk,2011,34.3786506652832
dnk,2012,33.9581184387207
dnk,2013,33.5397300720215
dnk,2014,33.4068794250488
dom,2012,31.2448196411133
dom,2014,32.2823600769043
dza,2005,31.0687599182129
dza,2006,31.3438701629639
dza,2010,32.7997817993164
dza,2014,37.8530693054199
ecu,2008,23.3446102142334
ecu,2012,22.3195400238037
egy,2013,24.2154006958008
egy,2014,23.3515396118164
eri,2004,9.56453990936279
eri,2009,15.7528600692749
esp,1999,25.2736396789551
esp,2000,25.4228401184082
esp,2001,25.4778594970703
esp,2002,26.6205196380615
esp,2003,27.2887191772461
esp,2004,27.6811408996582
esp,2005,27.8061008453369
esp,2006,27.9979095458984
esp,2007,28.1166095733643
esp,2008,28.3693809509277
esp,2009,28.1255702972412
esp,2010,27.642879486084
esp,2011,28.284309387207
esp,2012,26.4787693023682
esp,2013,26.091100692749
esp,2014,25.7725696563721
est,1999,26.6728706359863
est,2000,26.778980255127
est,2001,28.0737705230713
est,2002,28.9995803833008
est,2003,27.7830600738525
est,2004,26.8609199523926
est,2005,27.4519290924072
est,2006,27.246789932251
est,2007,26.0922603607178
est,2008,26.1614799499512
est,2009,25.2947006225586
est,2010,23.8115901947021
est,2011,24.8591499328613
est,2012,25.8581008911133
est,2013,26.1673698425293
eth,1999,8.71916007995605
eth,2000,7.7053599357605
eth,2001,8.67700004577637
eth,2002,8.15303993225098
eth,2003,7.90459012985229
eth,2004,11.1373701095581
eth,2005,14.3353796005249
eth,2008,15.4356899261475
eth,2010,16.4518795013428
fin,1998,16.5627098083496
fin,1999,17.3808307647705
fin,2000,17.7755298614502
fin,2001,18.2053298950195
fin,2002,18.8064804077148
fin,2003,18.6311206817627
fin,2004,18.5125999450684
fin,2005,18.659610748291
fin,2006,18.8102798461914
fin,2007,18.9199504852295
fin,2008,18.9492607116699
fin,2009,19.1513805389404
fin,2010,18.9833393096924
fin,2011,18.963249206543
fin,2012,18.7814407348633
fin,2013,18.9421501159668
fin,2014,18.8825397491455
fra,2006,23.4160594940186
fra,2007,24.1000709533691
fra,2008,24.233470916748
fra,2009,25.2607898712158
fra,2010,25.260290145874
fra,2011,25.8075294494629
fra,2012,25.7997703552246
fra,2013,26.111400604248
fra,2014,26.4272994995117
gbr,2001,16.5899696350098
gbr,2002,15.9355802536011
gbr,2003,18.5822200775146
gbr,2004,18.8784198760986
gbr,2005,19.1318092346191
gbr,2006,19.8141002655029
gbr,2007,20.3578701019287
gbr,2008,19.2679901123047
gbr,2009,19.136999130249
gbr,2010,19.2114295959473
gbr,2011,19.1688194274902
gbr,2012,18.9842796325684
gbr,2013,19.8022193908691
gbr,2014,20.0356101989746
geo,1999,25.1104393005371
geo,2000,22.1974105834961
geo,2001,26.3503303527832
geo,2002,28.1686992645264
geo,2003,31.3229103088379
geo,2004,31.5113391876221
geo,2005,33.0441284179688
geo,2006,27.6081695556641
geo,2007,35.2429618835449
geo,2009,23.3992195129395
geo,2010,27.1453399658203
geo,2012,23.0552406311035
geo,2013,20.4566497802734
geo,2014,24.2031898498535
gha,2008,11.6697101593018
gha,2009,12.7654495239258
gha,2011,14.565770149231
gha,2012,12.6275196075439
gha,2013,15.0853395462036
gha,2014,11.7684698104858
gin,2004,6.84465980529785
gin,2006,12.0215301513672
gin,2008,16.9024906158447
gin,2013,17.0942993164063
gin,2014,19.533109664917
gmb,2011,8.25687980651855
gmb,2012,8.08080959320068
grc,2002,26.9580993652344
grc,2004,28.1303901672363
grc,2005,27.7363700866699
grc,2007,25.8549900054932
grc,2010,26.0176906585693
grc,2011,25.80299949646
grc,2012,26.0787792205811
grc,2013,26.2743301391602
grd,2009,50.2222213745117
guy,2004,12.9753904342651
guy,2006,15.5136299133301
guy,2007,17.8378391265869
guy,2008,15.6140403747559
guy,2010,14.0893497467041
guy,2011,14.2857103347778
guy,2012,10.9489097595215
hkg,2003,19.0459308624268
hkg,2004,20.0560207366943
hkg,2005,20.8452491760254
hkg,2006,21.1206398010254
hkg,2013,23.0682601928711
hkg,2014,22.7250995635986
hnd,2003,33.7435607910156
hnd,2012,30.9812507629395
hnd,2013,31.1569309234619
hnd,2014,30.9928703308105
hrv,1999,27.2583293914795
hrv,2001,24.8895397186279
hrv,2002,25.7409191131592
hrv,2003,24.925199508667
hrv,2005,24.6676692962646
hrv,2006,25.3601398468018
hrv,2007,26.4771308898926
hrv,2008,26.9043102264404
hrv,2009,26.8415298461914
hrv,2010,28.6981601715088
hrv,2011,27.5894298553467
hrv,2012,27.7208595275879
hrv,2014,34.9221115112305
hun,1999,20.7135200500488
hun,2001,20.08544921875
hun,2002,21.4570999145508
hun,2003,20.1798992156982
hun,2004,18.6413307189941
hun,2005,19.0586490631104
hun,2006,18.653450012207
hun,2007,18.5536308288574
hun,2008,18.4523105621338
hun,2009,18.4230499267578
hun,2010,18.1477298736572
hun,2011,18.3330097198486
hun,2012,18.7612895965576
hun,2013,19.1470108032227
hun,2014,20.0137100219727
idn,2013,35.3507804870605
idn,2014,35.6493492126465
ind,2013,28.0711708068848
irl,1998,15.6741504669189
irl,2008,16.835750579834
irl,2009,15.5191202163696
irl,2010,15.598560333252
irl,2011,14.8124103546143
irl,2012,15.1180801391602
irl,2013,15.4686298370361
irn,2004,17.2878608703613
irn,2005,20.7150592803955
irn,2006,26.0331192016602
irn,2007,28.2195091247559
irn,2008,32.4637489318848
irn,2009,27.5154800415039
irn,2010,27.9357891082764
irn,2011,28.3161392211914
irn,2012,29.7649192810059
irn,2013,28.5176696777344
irn,2014,28.5423793792725
irq,2004,18.8004093170166
isl,1998,20.6422004699707
isl,1999,21.3250503540039
isl,2000,22.6618690490723
isl,2001,25.7425708770752
isl,2002,26.2626304626465
isl,2003,28.0459804534912
isl,2004,31.1224498748779
isl,2005,31.311149597168
isl,2006,32.0278511047363
isl,2007,31.9868106842041
isl,2008,32.9345512390137
isl,2009,33.7395782470703
isl,2010,33.5727081298828
isl,2011,30.5841903686523
isl,2012,31.5756797790527
isr,1999,26.5805206298828
isr,2000,24.4877109527588
isr,2001,26.855640411377
isr,2002,29.0554904937744
isr,2003,22.6190700531006
isr,2004,27.1117095947266
isr,2005,26.7830696105957
isr,2006,27.2052898406982
isr,2007,27.8380508422852
isr,2008,27.7052001953125
isr,2009,29.0456790924072
isr,2010,27.8654098510742
isr,2011,28.1772594451904
isr,2012,27.3098697662354
isr,2013,27.5291996002197
isr,2014,27.4036598205566
ita,1999,25.8031005859375
ita,2000,26.3087100982666
ita,2001,26.5122890472412
ita,2002,26.4109306335449
ita,2003,26.7056407928467
ita,2004,27.149959564209
ita,2005,27.7152900695801
ita,2006,28.3420104980469
ita,2007,28.8156204223633
ita,2011,33.4970016479492
ita,2012,30.8707599639893
ita,2013,31.0453205108643
jor,2003,30.2968692779541
jor,2004,30.2968692779541
jor,2005,24.5107002258301
jor,2006,26.5425205230713
jor,2007,28.6078796386719
jor,2008,30.0551605224609
jor,2009,31.6876602172852
jor,2010,32.7112083435059
jor,2011,33.7543182373047
jor,2012,37.6419296264648
jpn,1998,10.3692598342896
jpn,1999,10.7512397766113
jpn,2000,10.9864501953125
jpn,2001,11.2870502471924
jpn,2002,11.6365299224854
jpn,2003,11.8616800308228
jpn,2004,11.9080095291138
jpn,2005,11.8870496749878
jpn,2006,11.7285804748535
jpn,2007,11.5620203018188
jpn,2008,11.4629001617432
jpn,2009,11.4596004486084
jpn,2010,11.6211500167847
jpn,2011,11.7432203292847
jpn,2012,11.8825397491455
jpn,2013,12.2088098526001
kaz,2012,32.1852912902832
kaz,2013,32.2087898254395
kaz,2014,25.1444091796875
kaz,2015,31.881799697876
ken,2000,13.1913604736328
ken,2001,12.627459526062
kgz,2001,28.7553195953369
kgz,2002,43.2421493530273
kgz,2003,30.5328598022461
kgz,2004,22.8136901855469
kgz,2005,29.2531204223633
kgz,2006,29.3774604797363
kgz,2007,33.0340995788574
kgz,2008,33.0366401672363
kgz,2010,31.7435607910156
kgz,2011,29.6485595703125
kgz,2013,25.9344005584717
khm,2001,5.54017019271851
khm,2002,4.10959005355835
khm,2004,4.22138977050781
kna,2014,30.3030300140381
kor,1998,18.2139301300049
kor,1999,17.8099308013916
kor,2000,16.7546100616455
kor,2001,17.4879398345947
kor,2002,18.2590408325195
kor,2003,16.1324596405029
kor,2004,16.2274799346924
kor,2005,16.0762004852295
kor,2006,16.1849594116211
kor,2007,16.4033508300781
kor,2008,16.567289352417
kor,2009,16.8644504547119
kor,2010,17.3030109405518
kor,2011,17.3971996307373
kor,2012,17.5700607299805
kor,2013,17.8507099151611
kwt,2013,43.4300994873047
lao,2007,11.7260398864746
lao,2008,17.9930801391602
lao,2009,9.58874988555908
lao,2010,17.234920501709
lao,2011,10.9436702728271
lao,2012,12.5224304199219
lao,2013,13.7288703918457
lao,2014,12.8460903167725
lbn,2000,22.7781391143799
lbn,2001,19.9789009094238
lbn,2002,20.3977699279785
lbn,2003,21.4414691925049
lbn,2004,22.479419708252
lbn,2005,19.5528106689453
lbn,2006,20.6159400939941
lbn,2007,22.3213901519775
lbn,2008,24.1433906555176
lbn,2009,24.8035297393799
lbn,2010,25.8560009002686
lbn,2011,27.8421401977539
lbn,2012,28.6475105285645
lbn,2014,30.3660907745361
lbr,1999,12.2536401748657
lbr,2000,24.7888698577881
lbr,2010,7.02290010452271
lbr,2012,9.9494800567627
lca,2013,20.2749099731445
lca,2014,26.4084491729736
lie,2003,28.8288307189941
lie,2004,28.8590602874756
lie,2005,31.1111106872559
lie,2007,38.9610404968262
lie,2008,39.8773002624512
lie,2009,43.7125701904297
lie,2010,50.0
lie,2011,48.0952415466309
lie,2012,45.5814018249512
lie,2014,42.613639831543
lka,2010,26.4419708251953
lka,2011,24.8441390991211
lka,2012,28.7518997192383
lka,2013,25.4165000915527
lka,2014,27.0366401672363
lso,2005,36.538459777832
lso,2013,21.1405296325684
lso,2014,25.4586296081543
ltu,1999,32.5636291503906
ltu,2000,31.3107204437256
ltu,2001,30.6366596221924
ltu,2002,29.2624492645264
ltu,2003,28.0733604431152
ltu,2004,27.8149394989014
ltu,2005,25.9676704406738
ltu,2006,25.1572303771973
ltu,2007,24.1074104309082
ltu,2008,23.190299987793
ltu,2009,20.9915599822998
ltu,2010,20.6074199676514
ltu,2011,19.8451499938965
ltu,2012,19.3767395019531
ltu,2013,19.8585796356201
ltu,2014,20.2373294830322
lux,2008,9.84251976013184
lux,2010,17.7829093933105
lux,2012,19.362190246582
lva,1999,24.154369354248
lva,2000,26.6666698455811
lva,2001,24.881519317627
lva,2002,22.8091907501221
lva,2003,21.5147895812988
lva,2004,20.9283409118652
lva,2005,21.4378204345703
lva,2006,20.7842502593994
lva,2007,20.9518909454346
lva,2008,21.1861400604248
lva,2009,20.3954792022705
lva,2010,21.3516407012939
lva,2011,21.4763698577881
lva,2012,21.4666805267334
lva,2013,21.3138599395752
lva,2014,21.6914100646973
mac,2005,12.4752502441406
mac,2006,13.9720602035522
mac,2007,13.9917697906494
mac,2008,12.3595504760742
mac,2009,12.3022804260254
mac,2010,11.92982006073
mac,2011,14.4460000991821
mac,2012,16.4879398345947
mac,2013,17.2749404907227
mac,2014,16.871509552002
mar,1999,23.6822395324707
mdg,2005,18.4749507904053
mdg,2006,18.0443496704102
mdg,2007,20.7100601196289
mdg,2008,19.9276103973389
mdg,2009,20.0300102233887
mdg,2010,24.3494396209717
mdg,2011,21.3951091766357
mdg,2013,20.8509197235107
mex,1999,21.5474605560303
mex,2000,22.1875495910645
mex,2001,22.2584209442139
mex,2002,23.268159866333
mex,2003,23.8628005981445
mex,2004,26.8801898956299
mex,2005,24.5221099853516
mex,2006,24.5876407623291
mex,2007,24.6397705078125
mex,2008,25.3350696563721
mex,2009,25.3243503570557
mex,2010,25.7835597991943
mex,2011,26.8420791625977
mex,2012,26.7084999084473
mex,2013,26.7044506072998
mex,2014,26.9138107299805
mkd,1999,27.950590133667
mkd,2000,28.1791400909424
mkd,2001,28.4602394104004
mkd,2002,28.190559387207
mkd,2003,28.9872703552246
mkd,2004,31.590259552002
mkd,2005,31.7255992889404
mkd,2006,32.3340492248535
mkd,2007,32.4173889160156
mkd,2008,32.0881996154785
mkd,2009,32.6315803527832
mkd,2010,33.7180709838867
mkd,2012,37.3771018981934
mkd,2013,38.5284881591797
mli,2008,16.0808906555176
mli,2009,11.783109664917
mli,2011,5.97795009613037
mlt,2000,23.1143608093262
mlt,2001,23.3115501403809
mlt,2002,27.6190490722656
mlt,2003,27.5964393615723
mlt,2004,26.9340991973877
mlt,2005,28.3582096099854
mlt,2006,29.1176490783691
mlt,2007,29.2367401123047
mlt,2008,30.6233100891113
mlt,2009,26.8770408630371
mlt,2010,26.1974601745605
mlt,2011,24.8785190582275
mlt,2012,23.1000003814697
mlt,2013,22.5950794219971
mlt,2014,23.5674705505371
mmr,2011,45.2584800720215
mmr,2012,54.8412590026855
mng,1999,47.7436218261719
mng,2000,46.9098701477051
mng,2001,47.5117797851563
mng,2002,49.2807807922363
mng,2003,47.9089317321777
mng,2004,43.4510612487793
mng,2005,41.0250015258789
mng,2006,38.5888404846191
mng,2007,37.7484588623047
mng,2008,36.5825691223145
mng,2009,33.9984588623047
mng,2010,32.6806907653809
mng,2011,31.6802291870117
mng,2012,32.1160316467285
mng,2013,31.430269241333
mng,2014,30.5812206268311
moz,2004,10.1072597503662
moz,2005,9.97130966186523
moz,2008,14.4197397232056
moz,2009,14.3819799423218
moz,2010,14.4909400939941
moz,2011,17.3530406951904
moz,2012,19.4336109161377
moz,2013,15.1487998962402
moz,2014,16.8861999511719
mrt,2015,10.9504098892212
mus,2011,22.8244800567627
mus,2012,22.1226692199707
mus,2013,22.4992008209229
mus,2014,21.9050998687744
mwi,1999,16.7147006988525
mys,2002,30.633129119873
mys,2004,37.0609016418457
mys,2005,39.1350402832031
mys,2006,36.6688613891602
mys,2007,30.8139095306396
mys,2008,30.7516708374023
mys,2009,30.2378997802734
mys,2010,33.5383682250977
mys,2011,34.4333686828613
mys,2012,36.803840637207
mys,2013,37.9875793457031
mys,2014,36.1224594116211
nam,1998,37.9518089294434
nam,2003,17.9962902069092
nam,2008,19.5445899963379
ner,2010,29.9638996124268
ner,2011,30.6397304534912
nld,1999,12.2863101959229
nld,2000,12.0762996673584
nld,2001,11.9460897445679
nld,2002,11.8925104141235
nld,2003,11.736120223999
nld,2004,13.4803495407104
nld,2005,13.4704904556274
nld,2006,15.0279102325439
nld,2007,15.2083196640015
nld,2008,15.7944297790527
nld,2009,16.09202003479
nld,2010,16.9095706939697
nld,2011,18.1263103485107
nld,2012,18.184289932251
nor,1998,24.6393299102783
nor,1999,25.2653694152832
nor,2000,24.9440307617188
nor,2001,24.0109806060791
nor,2002,23.5989799499512
nor,2003,24.1134796142578
nor,2004,23.8215408325195
nor,2005,24.1070194244385
nor,2007,24.8989906311035
nor,2008,26.080680847168
nor,2009,26.8576507568359
nor,2010,26.9764099121094
nor,2011,26.3228302001953
nor,2012,26.6534404754639
nor,2013,21.7243900299072
nor,2014,21.9831409454346
npl,2005,15.4551296234131
npl,2006,16.4248905181885
npl,2008,19.6532802581787
npl,2009,19.6449394226074
npl,2010,18.0472297668457
npl,2011,13.5464296340942
npl,2013,13.7208595275879
nzl,1998,29.4535598754883
nzl,1999,28.3875904083252
nzl,2000,29.5356502532959
nzl,2001,26.561559677124
nzl,2002,31.9836902618408
nzl,2003,28.2862300872803
nzl,2004,22.8452091217041
nzl,2005,23.2610397338867
nzl,2006,25.1900196075439
nzl,2007,24.8527507781982
nzl,2008,25.0057792663574
nzl,2009,25.2039794921875
nzl,2010,24.6904296875
nzl,2011,25.0881900787354
nzl,2012,25.252950668335
nzl,2013,25.5351696014404
nzl,2014,25.5823593139648
omn,2011,25.5717296600342
omn,2014,37.7022018432617
pan,2002,29.2877006530762
pan,2003,29.8089904785156
pan,2004,28.0243892669678
pan,2005,31.0413208007813
pan,2006,30.5032691955566
pan,2007,33.6474990844727
pan,2008,33.5426788330078
pan,2009,33.8291015625
pan,2010,33.8264083862305
pan,2011,39.0484008789063
pan,2012,42.0859909057617
pan,2013,41.9474105834961
phl,2003,30.2890605926514
phl,2010,25.9926490783691
phl,2011,26.7139701843262
phl,2012,27.0022392272949
phl,2013,28.2770595550537
phl,2014,29.6213397979736
plw,2013,8.0
png,1998,26.7543907165527
pol,1998,24.2802696228027
pol,1999,20.6356601715088
pol,2000,20.7737197875977
pol,2001,21.6959705352783
pol,2002,22.2416896820068
pol,2003,22.1176300048828
pol,2004,22.5490703582764
pol,2005,25.6355094909668
pol,2006,27.1053695678711
pol,2007,27.1438903808594
pol,2008,27.5799007415771
pol,2009,28.1450996398926
pol,2010,29.6732807159424
pol,2011,30.976749420166
pol,2012,31.936149597168
pol,2013,33.439079284668
prt,2000,29.4670696258545
prt,2002,27.0894603729248
prt,2003,26.8059501647949
prt,2004,26.6759490966797
prt,2005,25.9981498718262
prt,2006,25.7081508636475
prt,2007,25.1133804321289
prt,2008,25.2103099822998
prt,2009,25.3445491790771
prt,2010,25.4992504119873
prt,2011,25.625
prt,2012,26.1059894561768
prt,2013,26.3313808441162
prt,2014,26.6978206634521
pse,1999,25.3503494262695
pse,2002,30.2329502105713
pse,2003,35.4966583251953
pse,2004,31.3881206512451
pse,2007,29.6223201751709
pse,2008,29.9957408905029
pse,2009,30.9232997894287
pse,2010,31.3817691802979
pse,2011,32.8504600524902
pse,2012,32.7125091552734
pse,2013,34.896240234375
pse,2014,36.1743011474609
qat,2003,16.0256404876709
qat,2004,15.7407398223877
qat,2012,30.1603507995605
qat,2013,34.2985000610352
qat,2014,33.4542999267578
rou,1999,24.2110404968262
rou,2000,25.3627605438232
rou,2001,26.5716991424561
rou,2002,27.8120803833008
rou,2003,29.302640914917
rou,2004,30.1517505645752
rou,2005,29.295690536499
rou,2006,29.7333393096924
rou,2007,30.3516693115234
rou,2008,29.9156608581543
rou,2009,30.1327705383301
rou,2010,30.3864192962646
rou,2011,31.0729598999023
rou,2012,30.6820106506348
rou,2013,31.0030708312988
rou,2014,28.8039608001709
rwa,2012,26.0769195556641
sau,1998,2.35315990447998
sau,1999,11.9716796875
sau,2000,0.606710016727448
sau,2001,0.57600998878479
sau,2002,0.636960029602051
sau,2003,0.779959976673126
sau,2004,18.0713691711426
sau,2005,15.2780599594116
sau,2006,2.20649003982544
sau,2007,6.22322988510132
sau,2008,6.20733976364136
sau,2009,6.20500993728638
sau,2010,9.15577030181885
sau,2011,13.9215898513794
sau,2012,5.25902986526489
sau,2013,5.87894010543823
sau,2014,6.71592998504639
sgp,2008,27.8679504394531
sgp,2009,28.8231201171875
sgp,2010,28.9275894165039
sgp,2011,28.0657405853271
sgp,2012,28.1465797424316
sgp,2013,28.6095504760742
sle,2000,28.5714302062988
sle,2001,25.0
slv,2002,25.1261692047119
slv,2003,26.0386390686035
slv,2005,25.2718505859375
slv,2006,24.9714908599854
slv,2007,24.1511096954346
slv,2008,24.604320526123
slv,2009,24.1935501098633
slv,2010,24.0844593048096
slv,2011,23.7904891967773
slv,2012,19.9081592559814
slv,2013,22.4942607879639
slv,2014,21.6840705871582
smr,2000,25.531909942627
srb,2007,33.437198638916
srb,2008,32.1916007995605
srb,2009,31.1315402984619
srb,2010,31.3150691986084
srb,2011,30.7796401977539
srb,2012,31.6692008972168
srb,2013,32.4837799072266
srb,2014,33.2316017150879
stp,2014,29.7297306060791
stp,2015,36.5217399597168
sur,2002,33.0798492431641
svk,1999,27.8640308380127
svk,2000,26.1538505554199
svk,2001,27.0675201416016
svk,2002,28.6043605804443
svk,2003,28.5759792327881
svk,2004,28.6747493743896
svk,2005,27.9845199584961
svk,2006,28.5058097839355
svk,2007,29.2129192352295
svk,2008,29.451639175415
svk,2009,29.140209197998
svk,2010,29.1181392669678
svk,2011,29.3582305908203
svk,2012,29.7748699188232
svk,2013,30.3193092346191
svk,2014,30.7337703704834
svn,1999,24.4793090820313
svn,2000,25.0420703887939
svn,2001,24.7098503112793
svn,2002,24.5372104644775
svn,2003,23.235559463501
svn,2004,23.6634693145752
svn,2005,24.1480293273926
svn,2006,24.1342792510986
svn,2007,24.682559967041
svn,2008,25.1336402893066
svn,2009,25.3453903198242
svn,2010,25.4347991943359
svn,2011,27.7647590637207
svn,2012,25.0511798858643
svn,2013,25.1611595153809
svn,2014,25.2037296295166
swe,1999,27.1312294006348
swe,2000,28.3449192047119
swe,2001,29.2745494842529
swe,2002,29.2032794952393
swe,2003,28.7554397583008
swe,2004,28.1588306427002
swe,2005,27.9801406860352
swe,2006,27.7663192749023
swe,2007,28.1319007873535
swe,2008,28.7130699157715
swe,2009,29.3899097442627
swe,2010,29.0516109466553
swe,2011,28.6754703521729
swe,2012,29.3796405792236
swe,2013,30.0979804992676
swe,2014,30.4516906738281
swz,1999,6.92520999908447
swz,2000,5.81040000915527
swz,2004,15.7377004623413
swz,2005,10.6666698455811
swz,2006,8.62069034576416
swz,2013,16.363639831543
syc,2013,21.2765998840332
syc,2014,27.7777805328369
syr,2012,32.056999206543
syr,2013,33.4090309143066
tha,2011,23.6789093017578
tha,2014,28.2213802337646
tjk,2012,7.675950050354
tjk,2013,6.50558996200562
tjk,2014,8.00953006744385
tjk,2015,8.60608005523682
tto,2000,24.3846206665039
tto,2001,27.0907802581787
tto,2004,21.1985206604004
tun,2013,38.7491416931152
tun,2014,39.644401550293
tur,1998,20.2583408355713
tur,2001,21.7357406616211
tur,2002,21.6615295410156
tur,2003,18.6274700164795
tur,2004,18.8598003387451
tur,2005,18.1984996795654
tur,2006,18.6117992401123
tur,2007,19.3898105621338
tur,2008,19.9531307220459
tur,2009,21.2352905273438
tur,2010,22.3741798400879
tur,2011,22.4159698486328
tur,2012,22.2322998046875
tur,2013,22.3788604736328
tza,1999,8.6318302154541
tza,2012,21.8610992431641
uga,1999,17.0110206604004
uga,2000,12.5307102203369
uga,2001,17.7064800262451
uga,2004,18.8881893157959
ukr,2011,26.2336597442627
ukr,2013,25.6692695617676
ukr,2014,24.9916095733643
ury,2007,39.0663909912109
ury,2008,39.0052185058594
ury,2009,40.1772804260254
usa,2008,16.8546905517578
usa,2009,17.3569297790527
usa,2010,17.3276805877686
usa,2011,17.261999130249
usa,2012,17.2771701812744
usa,2013,15.2570199966431
usa,2014,15.1151103973389
uzb,2006,12.0167198181152
uzb,2007,11.0443897247314
uzb,2008,10.0818004608154
uzb,2009,10.0150499343872
uzb,2010,9.78771018981934
uzb,2011,9.4242000579834
ven,2008,34.3703689575195
vnm,1999,10.5235004425049
vnm,2000,11.7817897796631
vnm,2002,14.4369201660156
vnm,2003,14.363260269165
vnm,2007,23.3630790710449
vnm,2008,25.605619430542
vnm,2009,26.8945598602295
vnm,2010,27.2828407287598
vnm,2011,30.2272701263428
vnm,2013,33.9867286682129
wsm,2000,3.50876998901367
zaf,2012,26.9559001922607
zaf,2013,27.4501495361328
zmb,1998,7.73402976989746
zwe,2010,18.4813499450684
zwe,2011,19.8869705200195
zwe,2012,20.0791301727295
