country,year,prj_att_1519_s1_ma
abw,2010,0.01
abw,2015,0.0
abw,2020,0.0
abw,2025,0.0
abw,2030,0.0
abw,2035,0.0
abw,2040,0.0
abw,2045,0.0
abw,2050,0.0
abw,2055,0.0
abw,2060,0.0
abw,2065,0.0
abw,2070,0.0
abw,2075,0.0
abw,2080,0.0
abw,2085,0.0
abw,2090,0.0
abw,2095,0.0
abw,2100,0.0
alb,2010,0.0
alb,2015,0.0
alb,2020,0.0
alb,2025,0.0
alb,2030,0.0
alb,2035,0.0
alb,2040,0.0
alb,2045,0.0
alb,2050,0.0
alb,2055,0.0
alb,2060,0.0
alb,2065,0.0
alb,2070,0.0
alb,2075,0.0
alb,2080,0.0
alb,2085,0.0
alb,2090,0.0
alb,2095,0.0
alb,2100,0.0
are,2010,0.02
are,2015,0.01
are,2020,0.01
are,2025,0.01
are,2030,0.0
are,2035,0.0
are,2040,0.0
are,2045,0.0
are,2050,0.0
are,2055,0.0
are,2060,0.0
are,2065,0.0
are,2070,0.0
are,2075,0.0
are,2080,0.0
are,2085,0.0
are,2090,0.0
are,2095,0.0
are,2100,0.0
arg,2010,0.07
arg,2015,0.06
arg,2020,0.05
arg,2025,0.04
arg,2030,0.03
arg,2035,0.02
arg,2040,0.02
arg,2045,0.02
arg,2050,0.01
arg,2055,0.01
arg,2060,0.01
arg,2065,0.01
arg,2070,0.0
arg,2075,0.0
arg,2080,0.0
arg,2085,0.0
arg,2090,0.0
arg,2095,0.0
arg,2100,0.0
arm,2010,0.0
arm,2015,0.0
arm,2020,0.0
arm,2025,0.0
arm,2030,0.0
arm,2035,0.0
arm,2040,0.0
arm,2045,0.0
arm,2050,0.0
arm,2055,0.0
arm,2060,0.0
arm,2065,0.0
arm,2070,0.0
arm,2075,0.0
arm,2080,0.0
arm,2085,0.0
arm,2090,0.0
arm,2095,0.0
arm,2100,0.0
aus,2010,0.0
aus,2015,0.0
aus,2020,0.0
aus,2025,0.0
aus,2030,0.0
aus,2035,0.0
aus,2040,0.0
aus,2045,0.0
aus,2050,0.0
aus,2055,0.0
aus,2060,0.0
aus,2065,0.0
aus,2070,0.0
aus,2075,0.0
aus,2080,0.0
aus,2085,0.0
aus,2090,0.0
aus,2095,0.0
aus,2100,0.0
aut,2010,0.0
aut,2015,0.0
aut,2020,0.0
aut,2025,0.0
aut,2030,0.0
aut,2035,0.0
aut,2040,0.0
aut,2045,0.0
aut,2050,0.0
aut,2055,0.0
aut,2060,0.0
aut,2065,0.0
aut,2070,0.0
aut,2075,0.0
aut,2080,0.0
aut,2085,0.0
aut,2090,0.0
aut,2095,0.0
aut,2100,0.0
aze,2010,0.01
aze,2015,0.0
aze,2020,0.0
aze,2025,0.0
aze,2030,0.0
aze,2035,0.0
aze,2040,0.0
aze,2045,0.0
aze,2050,0.0
aze,2055,0.0
aze,2060,0.0
aze,2065,0.0
aze,2070,0.0
aze,2075,0.0
aze,2080,0.0
aze,2085,0.0
aze,2090,0.0
aze,2095,0.0
aze,2100,0.0
bdi,2010,0.49
bdi,2015,0.36
bdi,2020,0.34
bdi,2025,0.33
bdi,2030,0.32
bdi,2035,0.3
bdi,2040,0.29
bdi,2045,0.27
bdi,2050,0.26
bdi,2055,0.24
bdi,2060,0.22
bdi,2065,0.21
bdi,2070,0.19
bdi,2075,0.17
bdi,2080,0.15
bdi,2085,0.13
bdi,2090,0.11
bdi,2095,0.09
bdi,2100,0.08
bel,2010,0.0
bel,2015,0.0
bel,2020,0.0
bel,2025,0.0
bel,2030,0.0
bel,2035,0.0
bel,2040,0.0
bel,2045,0.0
bel,2050,0.0
bel,2055,0.0
bel,2060,0.0
bel,2065,0.0
bel,2070,0.0
bel,2075,0.0
bel,2080,0.0
bel,2085,0.0
bel,2090,0.0
bel,2095,0.0
bel,2100,0.0
ben,2010,0.16
ben,2015,0.15
ben,2020,0.13
ben,2025,0.11
ben,2030,0.1
ben,2035,0.08
ben,2040,0.07
ben,2045,0.06
ben,2050,0.04
ben,2055,0.04
ben,2060,0.03
ben,2065,0.02
ben,2070,0.02
ben,2075,0.01
ben,2080,0.01
ben,2085,0.01
ben,2090,0.0
ben,2095,0.0
ben,2100,0.0
bfa,2010,0.26
bfa,2015,0.28
bfa,2020,0.29
bfa,2025,0.3
bfa,2030,0.31
bfa,2035,0.31
bfa,2040,0.31
bfa,2045,0.3
bfa,2050,0.28
bfa,2055,0.27
bfa,2060,0.24
bfa,2065,0.23
bfa,2070,0.21
bfa,2075,0.19
bfa,2080,0.17
bfa,2085,0.15
bfa,2090,0.13
bfa,2095,0.11
bfa,2100,0.09
bgd,2010,0.16
bgd,2015,0.14
bgd,2020,0.12
bgd,2025,0.11
bgd,2030,0.09
bgd,2035,0.08
bgd,2040,0.06
bgd,2045,0.05
bgd,2050,0.04
bgd,2055,0.03
bgd,2060,0.03
bgd,2065,0.02
bgd,2070,0.02
bgd,2075,0.02
bgd,2080,0.01
bgd,2085,0.01
bgd,2090,0.01
bgd,2095,0.01
bgd,2100,0.01
bgr,2010,0.02
bgr,2015,0.01
bgr,2020,0.01
bgr,2025,0.01
bgr,2030,0.0
bgr,2035,0.0
bgr,2040,0.0
bgr,2045,0.0
bgr,2050,0.0
bgr,2055,0.0
bgr,2060,0.0
bgr,2065,0.0
bgr,2070,0.0
bgr,2075,0.0
bgr,2080,0.0
bgr,2085,0.0
bgr,2090,0.0
bgr,2095,0.0
bgr,2100,0.0
bhr,2010,0.01
bhr,2015,0.01
bhr,2020,0.01
bhr,2025,0.0
bhr,2030,0.0
bhr,2035,0.0
bhr,2040,0.0
bhr,2045,0.0
bhr,2050,0.0
bhr,2055,0.0
bhr,2060,0.0
bhr,2065,0.0
bhr,2070,0.0
bhr,2075,0.0
bhr,2080,0.0
bhr,2085,0.0
bhr,2090,0.0
bhr,2095,0.0
bhr,2100,0.0
bhs,2010,0.02
bhs,2015,0.01
bhs,2020,0.01
bhs,2025,0.01
bhs,2030,0.01
bhs,2035,0.01
bhs,2040,0.01
bhs,2045,0.01
bhs,2050,0.01
bhs,2055,0.01
bhs,2060,0.01
bhs,2065,0.01
bhs,2070,0.0
bhs,2075,0.0
bhs,2080,0.0
bhs,2085,0.0
bhs,2090,0.0
bhs,2095,0.0
bhs,2100,0.0
bih,2010,0.0
bih,2015,0.0
bih,2020,0.0
bih,2025,0.0
bih,2030,0.0
bih,2035,0.0
bih,2040,0.0
bih,2045,0.0
bih,2050,0.0
bih,2055,0.0
bih,2060,0.0
bih,2065,0.0
bih,2070,0.0
bih,2075,0.0
bih,2080,0.0
bih,2085,0.0
bih,2090,0.0
bih,2095,0.0
bih,2100,0.0
blr,2010,0.0
blr,2015,0.0
blr,2020,0.0
blr,2025,0.0
blr,2030,0.0
blr,2035,0.0
blr,2040,0.0
blr,2045,0.0
blr,2050,0.0
blr,2055,0.0
blr,2060,0.0
blr,2065,0.0
blr,2070,0.0
blr,2075,0.0
blr,2080,0.0
blr,2085,0.0
blr,2090,0.0
blr,2095,0.0
blr,2100,0.0
blz,2010,0.26
blz,2015,0.24
blz,2020,0.21
blz,2025,0.19
blz,2030,0.16
blz,2035,0.13
blz,2040,0.11
blz,2045,0.09
blz,2050,0.07
blz,2055,0.06
blz,2060,0.04
blz,2065,0.03
blz,2070,0.03
blz,2075,0.02
blz,2080,0.02
blz,2085,0.01
blz,2090,0.01
blz,2095,0.01
blz,2100,0.01
bol,2010,0.08
bol,2015,0.06
bol,2020,0.05
bol,2025,0.04
bol,2030,0.03
bol,2035,0.02
bol,2040,0.02
bol,2045,0.01
bol,2050,0.01
bol,2055,0.01
bol,2060,0.01
bol,2065,0.01
bol,2070,0.0
bol,2075,0.0
bol,2080,0.0
bol,2085,0.0
bol,2090,0.0
bol,2095,0.0
bol,2100,0.0
bra,2010,0.06
bra,2015,0.04
bra,2020,0.03
bra,2025,0.03
bra,2030,0.02
bra,2035,0.01
bra,2040,0.01
bra,2045,0.01
bra,2050,0.01
bra,2055,0.0
bra,2060,0.0
bra,2065,0.0
bra,2070,0.0
bra,2075,0.0
bra,2080,0.0
bra,2085,0.0
bra,2090,0.0
bra,2095,0.0
bra,2100,0.0
btn,2010,0.12
btn,2015,0.09
btn,2020,0.07
btn,2025,0.05
btn,2030,0.04
btn,2035,0.02
btn,2040,0.02
btn,2045,0.01
btn,2050,0.01
btn,2055,0.0
btn,2060,0.0
btn,2065,0.0
btn,2070,0.0
btn,2075,0.0
btn,2080,0.0
btn,2085,0.0
btn,2090,0.0
btn,2095,0.0
btn,2100,0.0
caf,2010,0.52
caf,2015,0.5
caf,2020,0.47
caf,2025,0.44
caf,2030,0.41
caf,2035,0.38
caf,2040,0.34
caf,2045,0.31
caf,2050,0.27
caf,2055,0.24
caf,2060,0.2
caf,2065,0.18
caf,2070,0.16
caf,2075,0.14
caf,2080,0.12
caf,2085,0.1
caf,2090,0.09
caf,2095,0.07
caf,2100,0.06
can,2010,0.0
can,2015,0.0
can,2020,0.0
can,2025,0.0
can,2030,0.0
can,2035,0.0
can,2040,0.0
can,2045,0.0
can,2050,0.0
can,2055,0.0
can,2060,0.0
can,2065,0.0
can,2070,0.0
can,2075,0.0
can,2080,0.0
can,2085,0.0
can,2090,0.0
can,2095,0.0
can,2100,0.0
che,2010,0.0
che,2015,0.0
che,2020,0.0
che,2025,0.0
che,2030,0.0
che,2035,0.0
che,2040,0.0
che,2045,0.0
che,2050,0.0
che,2055,0.0
che,2060,0.0
che,2065,0.0
che,2070,0.0
che,2075,0.0
che,2080,0.0
che,2085,0.0
che,2090,0.0
che,2095,0.0
che,2100,0.0
chl,2010,0.02
chl,2015,0.01
chl,2020,0.01
chl,2025,0.01
chl,2030,0.0
chl,2035,0.0
chl,2040,0.0
chl,2045,0.0
chl,2050,0.0
chl,2055,0.0
chl,2060,0.0
chl,2065,0.0
chl,2070,0.0
chl,2075,0.0
chl,2080,0.0
chl,2085,0.0
chl,2090,0.0
chl,2095,0.0
chl,2100,0.0
chn,2010,0.0
chn,2015,0.0
chn,2020,0.0
chn,2025,0.0
chn,2030,0.0
chn,2035,0.0
chn,2040,0.0
chn,2045,0.0
chn,2050,0.0
chn,2055,0.0
chn,2060,0.0
chn,2065,0.0
chn,2070,0.0
chn,2075,0.0
chn,2080,0.0
chn,2085,0.0
chn,2090,0.0
chn,2095,0.0
chn,2100,0.0
civ,2010,0.18
civ,2015,0.17
civ,2020,0.16
civ,2025,0.16
civ,2030,0.15
civ,2035,0.15
civ,2040,0.14
civ,2045,0.13
civ,2050,0.13
civ,2055,0.12
civ,2060,0.11
civ,2065,0.09
civ,2070,0.08
civ,2075,0.06
civ,2080,0.05
civ,2085,0.04
civ,2090,0.03
civ,2095,0.02
civ,2100,0.02
cmr,2010,0.27
cmr,2015,0.24
cmr,2020,0.22
cmr,2025,0.2
cmr,2030,0.18
cmr,2035,0.16
cmr,2040,0.14
cmr,2045,0.12
cmr,2050,0.1
cmr,2055,0.09
cmr,2060,0.07
cmr,2065,0.06
cmr,2070,0.05
cmr,2075,0.04
cmr,2080,0.03
cmr,2085,0.02
cmr,2090,0.02
cmr,2095,0.01
cmr,2100,0.01
cod,2010,0.37
cod,2015,0.34
cod,2020,0.31
cod,2025,0.29
cod,2030,0.26
cod,2035,0.23
cod,2040,0.21
cod,2045,0.18
cod,2050,0.16
cod,2055,0.13
cod,2060,0.11
cod,2065,0.09
cod,2070,0.07
cod,2075,0.06
cod,2080,0.05
cod,2085,0.03
cod,2090,0.03
cod,2095,0.02
cod,2100,0.01
cog,2010,0.27
cog,2015,0.25
cog,2020,0.22
cog,2025,0.2
cog,2030,0.18
cog,2035,0.16
cog,2040,0.14
cog,2045,0.12
cog,2050,0.11
cog,2055,0.09
cog,2060,0.08
cog,2065,0.06
cog,2070,0.05
cog,2075,0.04
cog,2080,0.03
cog,2085,0.03
cog,2090,0.02
cog,2095,0.02
cog,2100,0.01
col,2010,0.07
col,2015,0.05
col,2020,0.04
col,2025,0.03
col,2030,0.02
col,2035,0.02
col,2040,0.01
col,2045,0.01
col,2050,0.01
col,2055,0.0
col,2060,0.0
col,2065,0.0
col,2070,0.0
col,2075,0.0
col,2080,0.0
col,2085,0.0
col,2090,0.0
col,2095,0.0
col,2100,0.0
com,2010,0.44
com,2015,0.43
com,2020,0.41
com,2025,0.38
com,2030,0.36
com,2035,0.33
com,2040,0.3
com,2045,0.26
com,2050,0.23
com,2055,0.2
com,2060,0.17
com,2065,0.14
com,2070,0.12
com,2075,0.1
com,2080,0.08
com,2085,0.06
com,2090,0.05
com,2095,0.04
com,2100,0.03
cpv,2010,0.22
cpv,2015,0.19
cpv,2020,0.16
cpv,2025,0.13
cpv,2030,0.1
cpv,2035,0.07
cpv,2040,0.06
cpv,2045,0.04
cpv,2050,0.03
cpv,2055,0.02
cpv,2060,0.01
cpv,2065,0.01
cpv,2070,0.01
cpv,2075,0.0
cpv,2080,0.0
cpv,2085,0.0
cpv,2090,0.0
cpv,2095,0.0
cpv,2100,0.0
cri,2010,0.11
cri,2015,0.09
cri,2020,0.08
cri,2025,0.07
cri,2030,0.06
cri,2035,0.05
cri,2040,0.05
cri,2045,0.04
cri,2050,0.03
cri,2055,0.03
cri,2060,0.02
cri,2065,0.02
cri,2070,0.01
cri,2075,0.01
cri,2080,0.01
cri,2085,0.01
cri,2090,0.01
cri,2095,0.0
cri,2100,0.0
cub,2010,0.01
cub,2015,0.01
cub,2020,0.01
cub,2025,0.01
cub,2030,0.0
cub,2035,0.0
cub,2040,0.0
cub,2045,0.0
cub,2050,0.0
cub,2055,0.0
cub,2060,0.0
cub,2065,0.0
cub,2070,0.0
cub,2075,0.0
cub,2080,0.0
cub,2085,0.0
cub,2090,0.0
cub,2095,0.0
cub,2100,0.0
cyp,2010,0.0
cyp,2015,0.0
cyp,2020,0.0
cyp,2025,0.0
cyp,2030,0.0
cyp,2035,0.0
cyp,2040,0.0
cyp,2045,0.0
cyp,2050,0.0
cyp,2055,0.0
cyp,2060,0.0
cyp,2065,0.0
cyp,2070,0.0
cyp,2075,0.0
cyp,2080,0.0
cyp,2085,0.0
cyp,2090,0.0
cyp,2095,0.0
cyp,2100,0.0
cze,2010,0.0
cze,2015,0.0
cze,2020,0.0
cze,2025,0.0
cze,2030,0.0
cze,2035,0.0
cze,2040,0.0
cze,2045,0.0
cze,2050,0.0
cze,2055,0.0
cze,2060,0.0
cze,2065,0.0
cze,2070,0.0
cze,2075,0.0
cze,2080,0.0
cze,2085,0.0
cze,2090,0.0
cze,2095,0.0
cze,2100,0.0
deu,2010,0.0
deu,2015,0.0
deu,2020,0.0
deu,2025,0.0
deu,2030,0.0
deu,2035,0.0
deu,2040,0.0
deu,2045,0.0
deu,2050,0.0
deu,2055,0.0
deu,2060,0.0
deu,2065,0.0
deu,2070,0.0
deu,2075,0.0
deu,2080,0.0
deu,2085,0.0
deu,2090,0.0
deu,2095,0.0
deu,2100,0.0
dnk,2010,0.0
dnk,2015,0.0
dnk,2020,0.0
dnk,2025,0.0
dnk,2030,0.0
dnk,2035,0.0
dnk,2040,0.0
dnk,2045,0.0
dnk,2050,0.0
dnk,2055,0.0
dnk,2060,0.0
dnk,2065,0.0
dnk,2070,0.0
dnk,2075,0.0
dnk,2080,0.0
dnk,2085,0.0
dnk,2090,0.0
dnk,2095,0.0
dnk,2100,0.0
dom,2010,0.12
dom,2015,0.1
dom,2020,0.08
dom,2025,0.07
dom,2030,0.05
dom,2035,0.04
dom,2040,0.03
dom,2045,0.03
dom,2050,0.02
dom,2055,0.02
dom,2060,0.01
dom,2065,0.01
dom,2070,0.01
dom,2075,0.01
dom,2080,0.01
dom,2085,0.0
dom,2090,0.0
dom,2095,0.0
dom,2100,0.0
dza,2010,0.04
dza,2015,0.03
dza,2020,0.02
dza,2025,0.02
dza,2030,0.01
dza,2035,0.01
dza,2040,0.01
dza,2045,0.01
dza,2050,0.0
dza,2055,0.0
dza,2060,0.0
dza,2065,0.0
dza,2070,0.0
dza,2075,0.0
dza,2080,0.0
dza,2085,0.0
dza,2090,0.0
dza,2095,0.0
dza,2100,0.0
ecu,2010,0.1
ecu,2015,0.08
ecu,2020,0.07
ecu,2025,0.06
ecu,2030,0.05
ecu,2035,0.04
ecu,2040,0.03
ecu,2045,0.02
ecu,2050,0.02
ecu,2055,0.01
ecu,2060,0.01
ecu,2065,0.01
ecu,2070,0.01
ecu,2075,0.0
ecu,2080,0.0
ecu,2085,0.0
ecu,2090,0.0
ecu,2095,0.0
ecu,2100,0.0
egy,2010,0.02
egy,2015,0.02
egy,2020,0.01
egy,2025,0.01
egy,2030,0.01
egy,2035,0.0
egy,2040,0.0
egy,2045,0.0
egy,2050,0.0
egy,2055,0.0
egy,2060,0.0
egy,2065,0.0
egy,2070,0.0
egy,2075,0.0
egy,2080,0.0
egy,2085,0.0
egy,2090,0.0
egy,2095,0.0
egy,2100,0.0
esp,2010,0.01
esp,2015,0.01
esp,2020,0.0
esp,2025,0.0
esp,2030,0.0
esp,2035,0.0
esp,2040,0.0
esp,2045,0.0
esp,2050,0.0
esp,2055,0.0
esp,2060,0.0
esp,2065,0.0
esp,2070,0.0
esp,2075,0.0
esp,2080,0.0
esp,2085,0.0
esp,2090,0.0
esp,2095,0.0
esp,2100,0.0
est,2010,0.01
est,2015,0.0
est,2020,0.0
est,2025,0.0
est,2030,0.0
est,2035,0.0
est,2040,0.0
est,2045,0.0
est,2050,0.0
est,2055,0.0
est,2060,0.0
est,2065,0.0
est,2070,0.0
est,2075,0.0
est,2080,0.0
est,2085,0.0
est,2090,0.0
est,2095,0.0
est,2100,0.0
eth,2010,0.41
eth,2015,0.34
eth,2020,0.31
eth,2025,0.27
eth,2030,0.24
eth,2035,0.21
eth,2040,0.18
eth,2045,0.15
eth,2050,0.13
eth,2055,0.1
eth,2060,0.08
eth,2065,0.07
eth,2070,0.06
eth,2075,0.05
eth,2080,0.04
eth,2085,0.04
eth,2090,0.03
eth,2095,0.03
eth,2100,0.02
fin,2010,0.0
fin,2015,0.0
fin,2020,0.0
fin,2025,0.0
fin,2030,0.0
fin,2035,0.0
fin,2040,0.0
fin,2045,0.0
fin,2050,0.0
fin,2055,0.0
fin,2060,0.0
fin,2065,0.0
fin,2070,0.0
fin,2075,0.0
fin,2080,0.0
fin,2085,0.0
fin,2090,0.0
fin,2095,0.0
fin,2100,0.0
fra,2010,0.0
fra,2015,0.0
fra,2020,0.0
fra,2025,0.0
fra,2030,0.0
fra,2035,0.0
fra,2040,0.0
fra,2045,0.0
fra,2050,0.0
fra,2055,0.0
fra,2060,0.0
fra,2065,0.0
fra,2070,0.0
fra,2075,0.0
fra,2080,0.0
fra,2085,0.0
fra,2090,0.0
fra,2095,0.0
fra,2100,0.0
gab,2010,0.13
gab,2015,0.11
gab,2020,0.1
gab,2025,0.09
gab,2030,0.09
gab,2035,0.08
gab,2040,0.07
gab,2045,0.06
gab,2050,0.06
gab,2055,0.05
gab,2060,0.05
gab,2065,0.04
gab,2070,0.03
gab,2075,0.02
gab,2080,0.02
gab,2085,0.02
gab,2090,0.01
gab,2095,0.01
gab,2100,0.01
gbr,2010,0.0
gbr,2015,0.0
gbr,2020,0.0
gbr,2025,0.0
gbr,2030,0.0
gbr,2035,0.0
gbr,2040,0.0
gbr,2045,0.0
gbr,2050,0.0
gbr,2055,0.0
gbr,2060,0.0
gbr,2065,0.0
gbr,2070,0.0
gbr,2075,0.0
gbr,2080,0.0
gbr,2085,0.0
gbr,2090,0.0
gbr,2095,0.0
gbr,2100,0.0
geo,2010,0.0
geo,2015,0.0
geo,2020,0.0
geo,2025,0.0
geo,2030,0.0
geo,2035,0.0
geo,2040,0.0
geo,2045,0.0
geo,2050,0.0
geo,2055,0.0
geo,2060,0.0
geo,2065,0.0
geo,2070,0.0
geo,2075,0.0
geo,2080,0.0
geo,2085,0.0
geo,2090,0.0
geo,2095,0.0
geo,2100,0.0
gha,2010,0.03
gha,2015,0.03
gha,2020,0.03
gha,2025,0.03
gha,2030,0.02
gha,2035,0.02
gha,2040,0.02
gha,2045,0.01
gha,2050,0.01
gha,2055,0.01
gha,2060,0.01
gha,2065,0.01
gha,2070,0.01
gha,2075,0.0
gha,2080,0.0
gha,2085,0.0
gha,2090,0.0
gha,2095,0.0
gha,2100,0.0
gin,2010,0.13
gin,2015,0.14
gin,2020,0.15
gin,2025,0.15
gin,2030,0.16
gin,2035,0.16
gin,2040,0.16
gin,2045,0.16
gin,2050,0.15
gin,2055,0.15
gin,2060,0.14
gin,2065,0.13
gin,2070,0.12
gin,2075,0.11
gin,2080,0.09
gin,2085,0.08
gin,2090,0.07
gin,2095,0.05
gin,2100,0.04
gmb,2010,0.11
gmb,2015,0.11
gmb,2020,0.1
gmb,2025,0.09
gmb,2030,0.08
gmb,2035,0.07
gmb,2040,0.06
gmb,2045,0.05
gmb,2050,0.04
gmb,2055,0.03
gmb,2060,0.02
gmb,2065,0.02
gmb,2070,0.02
gmb,2075,0.01
gmb,2080,0.01
gmb,2085,0.01
gmb,2090,0.01
gmb,2095,0.01
gmb,2100,0.0
gnb,2010,0.2
gnb,2015,0.18
gnb,2020,0.16
gnb,2025,0.15
gnb,2030,0.13
gnb,2035,0.11
gnb,2040,0.09
gnb,2045,0.08
gnb,2050,0.06
gnb,2055,0.05
gnb,2060,0.04
gnb,2065,0.03
gnb,2070,0.03
gnb,2075,0.02
gnb,2080,0.02
gnb,2085,0.01
gnb,2090,0.01
gnb,2095,0.01
gnb,2100,0.01
gnq,2010,0.06
gnq,2015,0.05
gnq,2020,0.05
gnq,2025,0.04
gnq,2030,0.03
gnq,2035,0.03
gnq,2040,0.02
gnq,2045,0.02
gnq,2050,0.01
gnq,2055,0.01
gnq,2060,0.01
gnq,2065,0.01
gnq,2070,0.01
gnq,2075,0.0
gnq,2080,0.0
gnq,2085,0.0
gnq,2090,0.0
gnq,2095,0.0
gnq,2100,0.0
grc,2010,0.0
grc,2015,0.0
grc,2020,0.0
grc,2025,0.0
grc,2030,0.0
grc,2035,0.0
grc,2040,0.0
grc,2045,0.0
grc,2050,0.0
grc,2055,0.0
grc,2060,0.0
grc,2065,0.0
grc,2070,0.0
grc,2075,0.0
grc,2080,0.0
grc,2085,0.0
grc,2090,0.0
grc,2095,0.0
grc,2100,0.0
gtm,2010,0.24
gtm,2015,0.21
gtm,2020,0.19
gtm,2025,0.16
gtm,2030,0.14
gtm,2035,0.12
gtm,2040,0.1
gtm,2045,0.08
gtm,2050,0.06
gtm,2055,0.05
gtm,2060,0.04
gtm,2065,0.03
gtm,2070,0.03
gtm,2075,0.02
gtm,2080,0.02
gtm,2085,0.01
gtm,2090,0.01
gtm,2095,0.01
gtm,2100,0.01
guy,2010,0.01
guy,2015,0.01
guy,2020,0.01
guy,2025,0.0
guy,2030,0.0
guy,2035,0.0
guy,2040,0.0
guy,2045,0.0
guy,2050,0.0
guy,2055,0.0
guy,2060,0.0
guy,2065,0.0
guy,2070,0.0
guy,2075,0.0
guy,2080,0.0
guy,2085,0.0
guy,2090,0.0
guy,2095,0.0
guy,2100,0.0
hkg,2010,0.0
hkg,2015,0.0
hkg,2020,0.0
hkg,2025,0.0
hkg,2030,0.0
hkg,2035,0.0
hkg,2040,0.0
hkg,2045,0.0
hkg,2050,0.0
hkg,2055,0.0
hkg,2060,0.0
hkg,2065,0.0
hkg,2070,0.0
hkg,2075,0.0
hkg,2080,0.0
hkg,2085,0.0
hkg,2090,0.0
hkg,2095,0.0
hkg,2100,0.0
hnd,2010,0.22
hnd,2015,0.2
hnd,2020,0.18
hnd,2025,0.16
hnd,2030,0.14
hnd,2035,0.12
hnd,2040,0.11
hnd,2045,0.09
hnd,2050,0.08
hnd,2055,0.07
hnd,2060,0.06
hnd,2065,0.05
hnd,2070,0.04
hnd,2075,0.04
hnd,2080,0.03
hnd,2085,0.02
hnd,2090,0.02
hnd,2095,0.02
hnd,2100,0.01
hrv,2010,0.01
hrv,2015,0.01
hrv,2020,0.01
hrv,2025,0.01
hrv,2030,0.0
hrv,2035,0.0
hrv,2040,0.0
hrv,2045,0.0
hrv,2050,0.0
hrv,2055,0.0
hrv,2060,0.0
hrv,2065,0.0
hrv,2070,0.0
hrv,2075,0.0
hrv,2080,0.0
hrv,2085,0.0
hrv,2090,0.0
hrv,2095,0.0
hrv,2100,0.0
hti,2010,0.34
hti,2015,0.29
hti,2020,0.25
hti,2025,0.22
hti,2030,0.18
hti,2035,0.15
hti,2040,0.12
hti,2045,0.1
hti,2050,0.08
hti,2055,0.06
hti,2060,0.04
hti,2065,0.03
hti,2070,0.02
hti,2075,0.02
hti,2080,0.01
hti,2085,0.01
hti,2090,0.01
hti,2095,0.0
hti,2100,0.0
hun,2010,0.0
hun,2015,0.0
hun,2020,0.0
hun,2025,0.0
hun,2030,0.0
hun,2035,0.0
hun,2040,0.0
hun,2045,0.0
hun,2050,0.0
hun,2055,0.0
hun,2060,0.0
hun,2065,0.0
hun,2070,0.0
hun,2075,0.0
hun,2080,0.0
hun,2085,0.0
hun,2090,0.0
hun,2095,0.0
hun,2100,0.0
idn,2010,0.04
idn,2015,0.01
idn,2020,0.01
idn,2025,0.01
idn,2030,0.01
idn,2035,0.01
idn,2040,0.0
idn,2045,0.0
idn,2050,0.0
idn,2055,0.0
idn,2060,0.0
idn,2065,0.0
idn,2070,0.0
idn,2075,0.0
idn,2080,0.0
idn,2085,0.0
idn,2090,0.0
idn,2095,0.0
idn,2100,0.0
ind,2010,0.06
ind,2015,0.05
ind,2020,0.04
ind,2025,0.03
ind,2030,0.03
ind,2035,0.02
ind,2040,0.02
ind,2045,0.01
ind,2050,0.01
ind,2055,0.01
ind,2060,0.01
ind,2065,0.0
ind,2070,0.0
ind,2075,0.0
ind,2080,0.0
ind,2085,0.0
ind,2090,0.0
ind,2095,0.0
ind,2100,0.0
irl,2010,0.0
irl,2015,0.0
irl,2020,0.0
irl,2025,0.0
irl,2030,0.0
irl,2035,0.0
irl,2040,0.0
irl,2045,0.0
irl,2050,0.0
irl,2055,0.0
irl,2060,0.0
irl,2065,0.0
irl,2070,0.0
irl,2075,0.0
irl,2080,0.0
irl,2085,0.0
irl,2090,0.0
irl,2095,0.0
irl,2100,0.0
irn,2010,0.02
irn,2015,0.02
irn,2020,0.02
irn,2025,0.01
irn,2030,0.01
irn,2035,0.01
irn,2040,0.01
irn,2045,0.0
irn,2050,0.0
irn,2055,0.0
irn,2060,0.0
irn,2065,0.0
irn,2070,0.0
irn,2075,0.0
irn,2080,0.0
irn,2085,0.0
irn,2090,0.0
irn,2095,0.0
irn,2100,0.0
irq,2010,0.1
irq,2015,0.09
irq,2020,0.08
irq,2025,0.07
irq,2030,0.06
irq,2035,0.05
irq,2040,0.04
irq,2045,0.03
irq,2050,0.02
irq,2055,0.02
irq,2060,0.01
irq,2065,0.01
irq,2070,0.01
irq,2075,0.01
irq,2080,0.0
irq,2085,0.0
irq,2090,0.0
irq,2095,0.0
irq,2100,0.0
isl,2010,0.0
isl,2015,0.0
isl,2020,0.0
isl,2025,0.0
isl,2030,0.0
isl,2035,0.0
isl,2040,0.0
isl,2045,0.0
isl,2050,0.0
isl,2055,0.0
isl,2060,0.0
isl,2065,0.0
isl,2070,0.0
isl,2075,0.0
isl,2080,0.0
isl,2085,0.0
isl,2090,0.0
isl,2095,0.0
isl,2100,0.0
isr,2010,0.01
isr,2015,0.01
isr,2020,0.01
isr,2025,0.01
isr,2030,0.01
isr,2035,0.0
isr,2040,0.0
isr,2045,0.0
isr,2050,0.0
isr,2055,0.0
isr,2060,0.0
isr,2065,0.0
isr,2070,0.0
isr,2075,0.0
isr,2080,0.0
isr,2085,0.0
isr,2090,0.0
isr,2095,0.0
isr,2100,0.0
ita,2010,0.0
ita,2015,0.0
ita,2020,0.0
ita,2025,0.0
ita,2030,0.0
ita,2035,0.0
ita,2040,0.0
ita,2045,0.0
ita,2050,0.0
ita,2055,0.0
ita,2060,0.0
ita,2065,0.0
ita,2070,0.0
ita,2075,0.0
ita,2080,0.0
ita,2085,0.0
ita,2090,0.0
ita,2095,0.0
ita,2100,0.0
jam,2010,0.0
jam,2015,0.0
jam,2020,0.0
jam,2025,0.0
jam,2030,0.0
jam,2035,0.0
jam,2040,0.0
jam,2045,0.0
jam,2050,0.0
jam,2055,0.0
jam,2060,0.0
jam,2065,0.0
jam,2070,0.0
jam,2075,0.0
jam,2080,0.0
jam,2085,0.0
jam,2090,0.0
jam,2095,0.0
jam,2100,0.0
jor,2010,0.04
jor,2015,0.03
jor,2020,0.02
jor,2025,0.02
jor,2030,0.01
jor,2035,0.01
jor,2040,0.01
jor,2045,0.01
jor,2050,0.0
jor,2055,0.0
jor,2060,0.0
jor,2065,0.0
jor,2070,0.0
jor,2075,0.0
jor,2080,0.0
jor,2085,0.0
jor,2090,0.0
jor,2095,0.0
jor,2100,0.0
jpn,2010,0.0
jpn,2015,0.0
jpn,2020,0.0
jpn,2025,0.0
jpn,2030,0.0
jpn,2035,0.0
jpn,2040,0.0
jpn,2045,0.0
jpn,2050,0.0
jpn,2055,0.0
jpn,2060,0.0
jpn,2065,0.0
jpn,2070,0.0
jpn,2075,0.0
jpn,2080,0.0
jpn,2085,0.0
jpn,2090,0.0
jpn,2095,0.0
jpn,2100,0.0
kaz,2010,0.04
kaz,2015,0.03
kaz,2020,0.02
kaz,2025,0.02
kaz,2030,0.01
kaz,2035,0.01
kaz,2040,0.01
kaz,2045,0.01
kaz,2050,0.01
kaz,2055,0.0
kaz,2060,0.0
kaz,2065,0.0
kaz,2070,0.0
kaz,2075,0.0
kaz,2080,0.0
kaz,2085,0.0
kaz,2090,0.0
kaz,2095,0.0
kaz,2100,0.0
ken,2010,0.24
ken,2015,0.19
ken,2020,0.16
ken,2025,0.12
ken,2030,0.09
ken,2035,0.07
ken,2040,0.05
ken,2045,0.04
ken,2050,0.03
ken,2055,0.02
ken,2060,0.01
ken,2065,0.01
ken,2070,0.01
ken,2075,0.0
ken,2080,0.0
ken,2085,0.0
ken,2090,0.0
ken,2095,0.0
ken,2100,0.0
kgz,2010,0.0
kgz,2015,0.0
kgz,2020,0.0
kgz,2025,0.0
kgz,2030,0.0
kgz,2035,0.0
kgz,2040,0.0
kgz,2045,0.0
kgz,2050,0.0
kgz,2055,0.0
kgz,2060,0.0
kgz,2065,0.0
kgz,2070,0.0
kgz,2075,0.0
kgz,2080,0.0
kgz,2085,0.0
kgz,2090,0.0
kgz,2095,0.0
kgz,2100,0.0
khm,2010,0.25
khm,2015,0.2
khm,2020,0.18
khm,2025,0.16
khm,2030,0.15
khm,2035,0.13
khm,2040,0.12
khm,2045,0.1
khm,2050,0.09
khm,2055,0.08
khm,2060,0.07
khm,2065,0.06
khm,2070,0.05
khm,2075,0.04
khm,2080,0.04
khm,2085,0.03
khm,2090,0.03
khm,2095,0.02
khm,2100,0.02
kor,2010,0.0
kor,2015,0.0
kor,2020,0.0
kor,2025,0.0
kor,2030,0.0
kor,2035,0.0
kor,2040,0.0
kor,2045,0.0
kor,2050,0.0
kor,2055,0.0
kor,2060,0.0
kor,2065,0.0
kor,2070,0.0
kor,2075,0.0
kor,2080,0.0
kor,2085,0.0
kor,2090,0.0
kor,2095,0.0
kor,2100,0.0
kwt,2010,0.02
kwt,2015,0.02
kwt,2020,0.02
kwt,2025,0.01
kwt,2030,0.01
kwt,2035,0.01
kwt,2040,0.01
kwt,2045,0.0
kwt,2050,0.0
kwt,2055,0.0
kwt,2060,0.0
kwt,2065,0.0
kwt,2070,0.0
kwt,2075,0.0
kwt,2080,0.0
kwt,2085,0.0
kwt,2090,0.0
kwt,2095,0.0
kwt,2100,0.0
lao,2010,0.11
lao,2015,0.1
lao,2020,0.09
lao,2025,0.08
lao,2030,0.07
lao,2035,0.06
lao,2040,0.05
lao,2045,0.04
lao,2050,0.04
lao,2055,0.03
lao,2060,0.03
lao,2065,0.02
lao,2070,0.02
lao,2075,0.01
lao,2080,0.01
lao,2085,0.01
lao,2090,0.0
lao,2095,0.0
lao,2100,0.0
lbn,2010,0.01
lbn,2015,0.01
lbn,2020,0.01
lbn,2025,0.01
lbn,2030,0.01
lbn,2035,0.01
lbn,2040,0.0
lbn,2045,0.0
lbn,2050,0.0
lbn,2055,0.0
lbn,2060,0.0
lbn,2065,0.0
lbn,2070,0.0
lbn,2075,0.0
lbn,2080,0.0
lbn,2085,0.0
lbn,2090,0.0
lbn,2095,0.0
lbn,2100,0.0
lbr,2010,0.17
lbr,2015,0.18
lbr,2020,0.19
lbr,2025,0.2
lbr,2030,0.21
lbr,2035,0.21
lbr,2040,0.21
lbr,2045,0.21
lbr,2050,0.21
lbr,2055,0.2
lbr,2060,0.19
lbr,2065,0.18
lbr,2070,0.17
lbr,2075,0.15
lbr,2080,0.14
lbr,2085,0.12
lbr,2090,0.1
lbr,2095,0.09
lbr,2100,0.07
lca,2010,0.01
lca,2015,0.01
lca,2020,0.01
lca,2025,0.01
lca,2030,0.0
lca,2035,0.0
lca,2040,0.0
lca,2045,0.0
lca,2050,0.0
lca,2055,0.0
lca,2060,0.0
lca,2065,0.0
lca,2070,0.0
lca,2075,0.0
lca,2080,0.0
lca,2085,0.0
lca,2090,0.0
lca,2095,0.0
lca,2100,0.0
lso,2010,0.46
lso,2015,0.39
lso,2020,0.35
lso,2025,0.31
lso,2030,0.27
lso,2035,0.24
lso,2040,0.2
lso,2045,0.17
lso,2050,0.15
lso,2055,0.12
lso,2060,0.1
lso,2065,0.09
lso,2070,0.07
lso,2075,0.06
lso,2080,0.05
lso,2085,0.04
lso,2090,0.03
lso,2095,0.03
lso,2100,0.02
ltu,2010,0.0
ltu,2015,0.0
ltu,2020,0.0
ltu,2025,0.0
ltu,2030,0.0
ltu,2035,0.0
ltu,2040,0.0
ltu,2045,0.0
ltu,2050,0.0
ltu,2055,0.0
ltu,2060,0.0
ltu,2065,0.0
ltu,2070,0.0
ltu,2075,0.0
ltu,2080,0.0
ltu,2085,0.0
ltu,2090,0.0
ltu,2095,0.0
ltu,2100,0.0
lux,2010,0.0
lux,2015,0.0
lux,2020,0.0
lux,2025,0.0
lux,2030,0.0
lux,2035,0.0
lux,2040,0.0
lux,2045,0.0
lux,2050,0.0
lux,2055,0.0
lux,2060,0.0
lux,2065,0.0
lux,2070,0.0
lux,2075,0.0
lux,2080,0.0
lux,2085,0.0
lux,2090,0.0
lux,2095,0.0
lux,2100,0.0
lva,2010,0.0
lva,2015,0.0
lva,2020,0.0
lva,2025,0.0
lva,2030,0.0
lva,2035,0.0
lva,2040,0.0
lva,2045,0.0
lva,2050,0.0
lva,2055,0.0
lva,2060,0.0
lva,2065,0.0
lva,2070,0.0
lva,2075,0.0
lva,2080,0.0
lva,2085,0.0
lva,2090,0.0
lva,2095,0.0
lva,2100,0.0
mac,2010,0.01
mac,2015,0.01
mac,2020,0.01
mac,2025,0.0
mac,2030,0.0
mac,2035,0.0
mac,2040,0.0
mac,2045,0.0
mac,2050,0.0
mac,2055,0.0
mac,2060,0.0
mac,2065,0.0
mac,2070,0.0
mac,2075,0.0
mac,2080,0.0
mac,2085,0.0
mac,2090,0.0
mac,2095,0.0
mac,2100,0.0
mar,2010,0.18
mar,2015,0.16
mar,2020,0.15
mar,2025,0.13
mar,2030,0.12
mar,2035,0.11
mar,2040,0.09
mar,2045,0.08
mar,2050,0.07
mar,2055,0.05
mar,2060,0.04
mar,2065,0.03
mar,2070,0.03
mar,2075,0.02
mar,2080,0.02
mar,2085,0.01
mar,2090,0.01
mar,2095,0.01
mar,2100,0.0
mda,2010,0.01
mda,2015,0.0
mda,2020,0.0
mda,2025,0.0
mda,2030,0.0
mda,2035,0.0
mda,2040,0.0
mda,2045,0.0
mda,2050,0.0
mda,2055,0.0
mda,2060,0.0
mda,2065,0.0
mda,2070,0.0
mda,2075,0.0
mda,2080,0.0
mda,2085,0.0
mda,2090,0.0
mda,2095,0.0
mda,2100,0.0
mdg,2010,0.41
mdg,2015,0.36
mdg,2020,0.33
mdg,2025,0.3
mdg,2030,0.26
mdg,2035,0.23
mdg,2040,0.19
mdg,2045,0.16
mdg,2050,0.14
mdg,2055,0.11
mdg,2060,0.09
mdg,2065,0.07
mdg,2070,0.06
mdg,2075,0.05
mdg,2080,0.04
mdg,2085,0.03
mdg,2090,0.02
mdg,2095,0.02
mdg,2100,0.01
mdv,2010,0.06
mdv,2015,0.04
mdv,2020,0.03
mdv,2025,0.03
mdv,2030,0.02
mdv,2035,0.02
mdv,2040,0.01
mdv,2045,0.01
mdv,2050,0.01
mdv,2055,0.01
mdv,2060,0.01
mdv,2065,0.01
mdv,2070,0.01
mdv,2075,0.01
mdv,2080,0.0
mdv,2085,0.0
mdv,2090,0.0
mdv,2095,0.0
mdv,2100,0.0
mex,2010,0.04
mex,2015,0.03
mex,2020,0.02
mex,2025,0.02
mex,2030,0.01
mex,2035,0.01
mex,2040,0.01
mex,2045,0.01
mex,2050,0.01
mex,2055,0.0
mex,2060,0.0
mex,2065,0.0
mex,2070,0.0
mex,2075,0.0
mex,2080,0.0
mex,2085,0.0
mex,2090,0.0
mex,2095,0.0
mex,2100,0.0
mkd,2010,0.03
mkd,2015,0.03
mkd,2020,0.02
mkd,2025,0.02
mkd,2030,0.01
mkd,2035,0.01
mkd,2040,0.01
mkd,2045,0.01
mkd,2050,0.0
mkd,2055,0.0
mkd,2060,0.0
mkd,2065,0.0
mkd,2070,0.0
mkd,2075,0.0
mkd,2080,0.0
mkd,2085,0.0
mkd,2090,0.0
mkd,2095,0.0
mkd,2100,0.0
mli,2010,0.1
mli,2015,0.11
mli,2020,0.12
mli,2025,0.13
mli,2030,0.14
mli,2035,0.14
mli,2040,0.15
mli,2045,0.15
mli,2050,0.15
mli,2055,0.14
mli,2060,0.14
mli,2065,0.13
mli,2070,0.12
mli,2075,0.11
mli,2080,0.1
mli,2085,0.09
mli,2090,0.08
mli,2095,0.07
mli,2100,0.06
mlt,2010,0.04
mlt,2015,0.04
mlt,2020,0.03
mlt,2025,0.03
mlt,2030,0.03
mlt,2035,0.02
mlt,2040,0.02
mlt,2045,0.01
mlt,2050,0.01
mlt,2055,0.01
mlt,2060,0.01
mlt,2065,0.01
mlt,2070,0.0
mlt,2075,0.0
mlt,2080,0.0
mlt,2085,0.0
mlt,2090,0.0
mlt,2095,0.0
mlt,2100,0.0
mmr,2010,0.04
mmr,2015,0.03
mmr,2020,0.03
mmr,2025,0.03
mmr,2030,0.03
mmr,2035,0.02
mmr,2040,0.02
mmr,2045,0.02
mmr,2050,0.02
mmr,2055,0.01
mmr,2060,0.01
mmr,2065,0.01
mmr,2070,0.01
mmr,2075,0.01
mmr,2080,0.01
mmr,2085,0.01
mmr,2090,0.0
mmr,2095,0.0
mmr,2100,0.0
mne,2010,0.0
mne,2015,0.0
mne,2020,0.0
mne,2025,0.0
mne,2030,0.0
mne,2035,0.0
mne,2040,0.0
mne,2045,0.0
mne,2050,0.0
mne,2055,0.0
mne,2060,0.0
mne,2065,0.0
mne,2070,0.0
mne,2075,0.0
mne,2080,0.0
mne,2085,0.0
mne,2090,0.0
mne,2095,0.0
mne,2100,0.0
mng,2010,0.03
mng,2015,0.03
mng,2020,0.02
mng,2025,0.02
mng,2030,0.02
mng,2035,0.01
mng,2040,0.01
mng,2045,0.01
mng,2050,0.01
mng,2055,0.01
mng,2060,0.0
mng,2065,0.0
mng,2070,0.0
mng,2075,0.0
mng,2080,0.0
mng,2085,0.0
mng,2090,0.0
mng,2095,0.0
mng,2100,0.0
moz,2010,0.2
moz,2015,0.19
moz,2020,0.18
moz,2025,0.17
moz,2030,0.15
moz,2035,0.14
moz,2040,0.12
moz,2045,0.11
moz,2050,0.1
moz,2055,0.08
moz,2060,0.07
moz,2065,0.06
moz,2070,0.05
moz,2075,0.05
moz,2080,0.04
moz,2085,0.04
moz,2090,0.03
moz,2095,0.03
moz,2100,0.02
mus,2010,0.16
mus,2015,0.13
mus,2020,0.1
mus,2025,0.08
mus,2030,0.07
mus,2035,0.05
mus,2040,0.04
mus,2045,0.04
mus,2050,0.03
mus,2055,0.02
mus,2060,0.02
mus,2065,0.02
mus,2070,0.01
mus,2075,0.01
mus,2080,0.01
mus,2085,0.01
mus,2090,0.01
mus,2095,0.01
mus,2100,0.01
mwi,2010,0.31
mwi,2015,0.26
mwi,2020,0.23
mwi,2025,0.21
mwi,2030,0.18
mwi,2035,0.15
mwi,2040,0.13
mwi,2045,0.11
mwi,2050,0.09
mwi,2055,0.07
mwi,2060,0.05
mwi,2065,0.04
mwi,2070,0.04
mwi,2075,0.03
mwi,2080,0.02
mwi,2085,0.02
mwi,2090,0.02
mwi,2095,0.01
mwi,2100,0.01
mys,2010,0.02
mys,2015,0.01
mys,2020,0.01
mys,2025,0.01
mys,2030,0.0
mys,2035,0.0
mys,2040,0.0
mys,2045,0.0
mys,2050,0.0
mys,2055,0.0
mys,2060,0.0
mys,2065,0.0
mys,2070,0.0
mys,2075,0.0
mys,2080,0.0
mys,2085,0.0
mys,2090,0.0
mys,2095,0.0
mys,2100,0.0
nam,2010,0.21
nam,2015,0.18
nam,2020,0.16
nam,2025,0.13
nam,2030,0.11
nam,2035,0.09
nam,2040,0.07
nam,2045,0.06
nam,2050,0.05
nam,2055,0.04
nam,2060,0.03
nam,2065,0.02
nam,2070,0.02
nam,2075,0.01
nam,2080,0.01
nam,2085,0.01
nam,2090,0.01
nam,2095,0.0
nam,2100,0.0
ncl,2010,0.0
ncl,2015,0.0
ncl,2020,0.0
ncl,2025,0.0
ncl,2030,0.0
ncl,2035,0.0
ncl,2040,0.0
ncl,2045,0.0
ncl,2050,0.0
ncl,2055,0.0
ncl,2060,0.0
ncl,2065,0.0
ncl,2070,0.0
ncl,2075,0.0
ncl,2080,0.0
ncl,2085,0.0
ncl,2090,0.0
ncl,2095,0.0
ncl,2100,0.0
ner,2010,0.17
ner,2015,0.17
ner,2020,0.16
ner,2025,0.16
ner,2030,0.15
ner,2035,0.15
ner,2040,0.14
ner,2045,0.13
ner,2050,0.12
ner,2055,0.12
ner,2060,0.11
ner,2065,0.1
ner,2070,0.09
ner,2075,0.09
ner,2080,0.08
ner,2085,0.07
ner,2090,0.07
ner,2095,0.06
ner,2100,0.05
nga,2010,0.1
nga,2015,0.05
nga,2020,0.04
nga,2025,0.04
nga,2030,0.03
nga,2035,0.02
nga,2040,0.02
nga,2045,0.01
nga,2050,0.01
nga,2055,0.01
nga,2060,0.01
nga,2065,0.0
nga,2070,0.0
nga,2075,0.0
nga,2080,0.0
nga,2085,0.0
nga,2090,0.0
nga,2095,0.0
nga,2100,0.0
nic,2010,0.21
nic,2015,0.18
nic,2020,0.16
nic,2025,0.13
nic,2030,0.11
nic,2035,0.09
nic,2040,0.08
nic,2045,0.06
nic,2050,0.05
nic,2055,0.04
nic,2060,0.03
nic,2065,0.02
nic,2070,0.02
nic,2075,0.02
nic,2080,0.01
nic,2085,0.01
nic,2090,0.01
nic,2095,0.01
nic,2100,0.01
nld,2010,0.0
nld,2015,0.0
nld,2020,0.0
nld,2025,0.0
nld,2030,0.0
nld,2035,0.0
nld,2040,0.0
nld,2045,0.0
nld,2050,0.0
nld,2055,0.0
nld,2060,0.0
nld,2065,0.0
nld,2070,0.0
nld,2075,0.0
nld,2080,0.0
nld,2085,0.0
nld,2090,0.0
nld,2095,0.0
nld,2100,0.0
nor,2010,0.0
nor,2015,0.0
nor,2020,0.0
nor,2025,0.0
nor,2030,0.0
nor,2035,0.0
nor,2040,0.0
nor,2045,0.0
nor,2050,0.0
nor,2055,0.0
nor,2060,0.0
nor,2065,0.0
nor,2070,0.0
nor,2075,0.0
nor,2080,0.0
nor,2085,0.0
nor,2090,0.0
nor,2095,0.0
nor,2100,0.0
npl,2010,0.05
npl,2015,0.04
npl,2020,0.03
npl,2025,0.02
npl,2030,0.01
npl,2035,0.01
npl,2040,0.01
npl,2045,0.01
npl,2050,0.0
npl,2055,0.0
npl,2060,0.0
npl,2065,0.0
npl,2070,0.0
npl,2075,0.0
npl,2080,0.0
npl,2085,0.0
npl,2090,0.0
npl,2095,0.0
npl,2100,0.0
nzl,2010,0.0
nzl,2015,0.0
nzl,2020,0.0
nzl,2025,0.0
nzl,2030,0.0
nzl,2035,0.0
nzl,2040,0.0
nzl,2045,0.0
nzl,2050,0.0
nzl,2055,0.0
nzl,2060,0.0
nzl,2065,0.0
nzl,2070,0.0
nzl,2075,0.0
nzl,2080,0.0
nzl,2085,0.0
nzl,2090,0.0
nzl,2095,0.0
nzl,2100,0.0
pak,2010,0.06
pak,2015,0.05
pak,2020,0.05
pak,2025,0.04
pak,2030,0.04
pak,2035,0.03
pak,2040,0.03
pak,2045,0.02
pak,2050,0.02
pak,2055,0.01
pak,2060,0.01
pak,2065,0.01
pak,2070,0.01
pak,2075,0.01
pak,2080,0.0
pak,2085,0.0
pak,2090,0.0
pak,2095,0.0
pak,2100,0.0
pan,2010,0.05
pan,2015,0.03
pan,2020,0.02
pan,2025,0.02
pan,2030,0.01
pan,2035,0.01
pan,2040,0.01
pan,2045,0.01
pan,2050,0.0
pan,2055,0.0
pan,2060,0.0
pan,2065,0.0
pan,2070,0.0
pan,2075,0.0
pan,2080,0.0
pan,2085,0.0
pan,2090,0.0
pan,2095,0.0
pan,2100,0.0
per,2010,0.05
per,2015,0.04
per,2020,0.03
per,2025,0.02
per,2030,0.02
per,2035,0.01
per,2040,0.01
per,2045,0.01
per,2050,0.0
per,2055,0.0
per,2060,0.0
per,2065,0.0
per,2070,0.0
per,2075,0.0
per,2080,0.0
per,2085,0.0
per,2090,0.0
per,2095,0.0
per,2100,0.0
phl,2010,0.1
phl,2015,0.08
phl,2020,0.06
phl,2025,0.05
phl,2030,0.04
phl,2035,0.03
phl,2040,0.02
phl,2045,0.01
phl,2050,0.01
phl,2055,0.01
phl,2060,0.01
phl,2065,0.0
phl,2070,0.0
phl,2075,0.0
phl,2080,0.0
phl,2085,0.0
phl,2090,0.0
phl,2095,0.0
phl,2100,0.0
pol,2010,0.01
pol,2015,0.01
pol,2020,0.01
pol,2025,0.01
pol,2030,0.0
pol,2035,0.0
pol,2040,0.0
pol,2045,0.0
pol,2050,0.0
pol,2055,0.0
pol,2060,0.0
pol,2065,0.0
pol,2070,0.0
pol,2075,0.0
pol,2080,0.0
pol,2085,0.0
pol,2090,0.0
pol,2095,0.0
pol,2100,0.0
pri,2010,0.0
pri,2015,0.0
pri,2020,0.0
pri,2025,0.0
pri,2030,0.0
pri,2035,0.0
pri,2040,0.0
pri,2045,0.0
pri,2050,0.0
pri,2055,0.0
pri,2060,0.0
pri,2065,0.0
pri,2070,0.0
pri,2075,0.0
pri,2080,0.0
pri,2085,0.0
pri,2090,0.0
pri,2095,0.0
pri,2100,0.0
prt,2010,0.01
prt,2015,0.04
prt,2020,0.03
prt,2025,0.02
prt,2030,0.02
prt,2035,0.01
prt,2040,0.01
prt,2045,0.01
prt,2050,0.01
prt,2055,0.01
prt,2060,0.0
prt,2065,0.0
prt,2070,0.0
prt,2075,0.0
prt,2080,0.0
prt,2085,0.0
prt,2090,0.0
prt,2095,0.0
prt,2100,0.0
pry,2010,0.12
pry,2015,0.09
pry,2020,0.08
pry,2025,0.06
pry,2030,0.05
pry,2035,0.04
pry,2040,0.03
pry,2045,0.03
pry,2050,0.02
pry,2055,0.02
pry,2060,0.01
pry,2065,0.01
pry,2070,0.01
pry,2075,0.01
pry,2080,0.01
pry,2085,0.0
pry,2090,0.0
pry,2095,0.0
pry,2100,0.0
pse,2010,0.03
pse,2015,0.03
pse,2020,0.02
pse,2025,0.02
pse,2030,0.01
pse,2035,0.01
pse,2040,0.01
pse,2045,0.01
pse,2050,0.0
pse,2055,0.0
pse,2060,0.0
pse,2065,0.0
pse,2070,0.0
pse,2075,0.0
pse,2080,0.0
pse,2085,0.0
pse,2090,0.0
pse,2095,0.0
pse,2100,0.0
pyf,2010,0.0
pyf,2015,0.0
pyf,2020,0.0
pyf,2025,0.0
pyf,2030,0.0
pyf,2035,0.0
pyf,2040,0.0
pyf,2045,0.0
pyf,2050,0.0
pyf,2055,0.0
pyf,2060,0.0
pyf,2065,0.0
pyf,2070,0.0
pyf,2075,0.0
pyf,2080,0.0
pyf,2085,0.0
pyf,2090,0.0
pyf,2095,0.0
pyf,2100,0.0
qat,2010,0.26
qat,2015,0.22
qat,2020,0.19
qat,2025,0.16
qat,2030,0.14
qat,2035,0.12
qat,2040,0.1
qat,2045,0.08
qat,2050,0.07
qat,2055,0.06
qat,2060,0.05
qat,2065,0.04
qat,2070,0.04
qat,2075,0.03
qat,2080,0.03
qat,2085,0.02
qat,2090,0.02
qat,2095,0.02
qat,2100,0.01
rou,2010,0.02
rou,2015,0.01
rou,2020,0.01
rou,2025,0.01
rou,2030,0.0
rou,2035,0.0
rou,2040,0.0
rou,2045,0.0
rou,2050,0.0
rou,2055,0.0
rou,2060,0.0
rou,2065,0.0
rou,2070,0.0
rou,2075,0.0
rou,2080,0.0
rou,2085,0.0
rou,2090,0.0
rou,2095,0.0
rou,2100,0.0
rus,2010,0.0
rus,2015,0.0
rus,2020,0.0
rus,2025,0.0
rus,2030,0.0
rus,2035,0.0
rus,2040,0.0
rus,2045,0.0
rus,2050,0.0
rus,2055,0.0
rus,2060,0.0
rus,2065,0.0
rus,2070,0.0
rus,2075,0.0
rus,2080,0.0
rus,2085,0.0
rus,2090,0.0
rus,2095,0.0
rus,2100,0.0
rwa,2010,0.51
rwa,2015,0.5
rwa,2020,0.48
rwa,2025,0.46
rwa,2030,0.43
rwa,2035,0.41
rwa,2040,0.38
rwa,2045,0.35
rwa,2050,0.32
rwa,2055,0.29
rwa,2060,0.26
rwa,2065,0.23
rwa,2070,0.2
rwa,2075,0.17
rwa,2080,0.14
rwa,2085,0.12
rwa,2090,0.09
rwa,2095,0.08
rwa,2100,0.06
sau,2010,0.02
sau,2015,0.02
sau,2020,0.01
sau,2025,0.01
sau,2030,0.01
sau,2035,0.0
sau,2040,0.0
sau,2045,0.0
sau,2050,0.0
sau,2055,0.0
sau,2060,0.0
sau,2065,0.0
sau,2070,0.0
sau,2075,0.0
sau,2080,0.0
sau,2085,0.0
sau,2090,0.0
sau,2095,0.0
sau,2100,0.0
sdn,2010,0.32
sdn,2015,0.28
sdn,2020,0.3
sdn,2025,0.31
sdn,2030,0.32
sdn,2035,0.32
sdn,2040,0.32
sdn,2045,0.31
sdn,2050,0.3
sdn,2055,0.28
sdn,2060,0.27
sdn,2065,0.25
sdn,2070,0.24
sdn,2075,0.23
sdn,2080,0.21
sdn,2085,0.2
sdn,2090,0.19
sdn,2095,0.18
sdn,2100,0.17
sen,2010,0.1
sen,2015,0.12
sen,2020,0.12
sen,2025,0.13
sen,2030,0.13
sen,2035,0.14
sen,2040,0.14
sen,2045,0.14
sen,2050,0.14
sen,2055,0.13
sen,2060,0.13
sen,2065,0.11
sen,2070,0.1
sen,2075,0.09
sen,2080,0.08
sen,2085,0.06
sen,2090,0.05
sen,2095,0.04
sen,2100,0.04
sgp,2010,0.0
sgp,2015,0.0
sgp,2020,0.0
sgp,2025,0.0
sgp,2030,0.0
sgp,2035,0.0
sgp,2040,0.0
sgp,2045,0.0
sgp,2050,0.0
sgp,2055,0.0
sgp,2060,0.0
sgp,2065,0.0
sgp,2070,0.0
sgp,2075,0.0
sgp,2080,0.0
sgp,2085,0.0
sgp,2090,0.0
sgp,2095,0.0
sgp,2100,0.0
sle,2010,0.14
sle,2015,0.14
sle,2020,0.13
sle,2025,0.12
sle,2030,0.11
sle,2035,0.11
sle,2040,0.1
sle,2045,0.09
sle,2050,0.08
sle,2055,0.08
sle,2060,0.07
sle,2065,0.06
sle,2070,0.05
sle,2075,0.05
sle,2080,0.04
sle,2085,0.03
sle,2090,0.03
sle,2095,0.02
sle,2100,0.02
slv,2010,0.14
slv,2015,0.1
slv,2020,0.08
slv,2025,0.06
slv,2030,0.05
slv,2035,0.04
slv,2040,0.03
slv,2045,0.02
slv,2050,0.01
slv,2055,0.01
slv,2060,0.01
slv,2065,0.0
slv,2070,0.0
slv,2075,0.0
slv,2080,0.0
slv,2085,0.0
slv,2090,0.0
slv,2095,0.0
slv,2100,0.0
som,2010,0.04
som,2015,0.04
som,2020,0.04
som,2025,0.04
som,2030,0.04
som,2035,0.04
som,2040,0.04
som,2045,0.03
som,2050,0.03
som,2055,0.03
som,2060,0.03
som,2065,0.03
som,2070,0.02
som,2075,0.02
som,2080,0.02
som,2085,0.01
som,2090,0.01
som,2095,0.01
som,2100,0.01
srb,2010,0.03
srb,2015,0.03
srb,2020,0.02
srb,2025,0.02
srb,2030,0.01
srb,2035,0.01
srb,2040,0.01
srb,2045,0.0
srb,2050,0.0
srb,2055,0.0
srb,2060,0.0
srb,2065,0.0
srb,2070,0.0
srb,2075,0.0
srb,2080,0.0
srb,2085,0.0
srb,2090,0.0
srb,2095,0.0
srb,2100,0.0
stp,2010,0.36
stp,2015,0.3
stp,2020,0.25
stp,2025,0.2
stp,2030,0.17
stp,2035,0.14
stp,2040,0.12
stp,2045,0.1
stp,2050,0.08
stp,2055,0.07
stp,2060,0.06
stp,2065,0.06
stp,2070,0.05
stp,2075,0.05
stp,2080,0.05
stp,2085,0.04
stp,2090,0.04
stp,2095,0.04
stp,2100,0.03
sur,2010,0.02
sur,2015,0.02
sur,2020,0.02
sur,2025,0.02
sur,2030,0.01
sur,2035,0.01
sur,2040,0.01
sur,2045,0.01
sur,2050,0.01
sur,2055,0.01
sur,2060,0.01
sur,2065,0.01
sur,2070,0.0
sur,2075,0.0
sur,2080,0.0
sur,2085,0.0
sur,2090,0.0
sur,2095,0.0
sur,2100,0.0
svk,2010,0.0
svk,2015,0.0
svk,2020,0.0
svk,2025,0.0
svk,2030,0.0
svk,2035,0.0
svk,2040,0.0
svk,2045,0.0
svk,2050,0.0
svk,2055,0.0
svk,2060,0.0
svk,2065,0.0
svk,2070,0.0
svk,2075,0.0
svk,2080,0.0
svk,2085,0.0
svk,2090,0.0
svk,2095,0.0
svk,2100,0.0
svn,2010,0.0
svn,2015,0.0
svn,2020,0.0
svn,2025,0.0
svn,2030,0.0
svn,2035,0.0
svn,2040,0.0
svn,2045,0.0
svn,2050,0.0
svn,2055,0.0
svn,2060,0.0
svn,2065,0.0
svn,2070,0.0
svn,2075,0.0
svn,2080,0.0
svn,2085,0.0
svn,2090,0.0
svn,2095,0.0
svn,2100,0.0
swe,2010,0.0
swe,2015,0.0
swe,2020,0.0
swe,2025,0.0
swe,2030,0.0
swe,2035,0.0
swe,2040,0.0
swe,2045,0.0
swe,2050,0.0
swe,2055,0.0
swe,2060,0.0
swe,2065,0.0
swe,2070,0.0
swe,2075,0.0
swe,2080,0.0
swe,2085,0.0
swe,2090,0.0
swe,2095,0.0
swe,2100,0.0
swz,2010,0.34
swz,2015,0.28
swz,2020,0.24
swz,2025,0.2
swz,2030,0.17
swz,2035,0.14
swz,2040,0.12
swz,2045,0.1
swz,2050,0.09
swz,2055,0.07
swz,2060,0.06
swz,2065,0.05
swz,2070,0.05
swz,2075,0.05
swz,2080,0.04
swz,2085,0.04
swz,2090,0.04
swz,2095,0.04
swz,2100,0.04
syr,2010,0.25
syr,2015,0.25
syr,2020,0.21
syr,2025,0.18
syr,2030,0.16
syr,2035,0.13
syr,2040,0.11
syr,2045,0.09
syr,2050,0.07
syr,2055,0.06
syr,2060,0.05
syr,2065,0.04
syr,2070,0.03
syr,2075,0.03
syr,2080,0.02
syr,2085,0.02
syr,2090,0.01
syr,2095,0.01
syr,2100,0.01
tcd,2010,0.28
tcd,2015,0.28
tcd,2020,0.27
tcd,2025,0.26
tcd,2030,0.25
tcd,2035,0.23
tcd,2040,0.22
tcd,2045,0.2
tcd,2050,0.18
tcd,2055,0.16
tcd,2060,0.14
tcd,2065,0.13
tcd,2070,0.11
tcd,2075,0.1
tcd,2080,0.09
tcd,2085,0.08
tcd,2090,0.06
tcd,2095,0.05
tcd,2100,0.05
tha,2010,0.02
tha,2015,0.01
tha,2020,0.0
tha,2025,0.0
tha,2030,0.0
tha,2035,0.0
tha,2040,0.0
tha,2045,0.0
tha,2050,0.0
tha,2055,0.0
tha,2060,0.0
tha,2065,0.0
tha,2070,0.0
tha,2075,0.0
tha,2080,0.0
tha,2085,0.0
tha,2090,0.0
tha,2095,0.0
tha,2100,0.0
tjk,2010,0.0
tjk,2015,0.0
tjk,2020,0.0
tjk,2025,0.0
tjk,2030,0.0
tjk,2035,0.0
tjk,2040,0.0
tjk,2045,0.0
tjk,2050,0.0
tjk,2055,0.0
tjk,2060,0.0
tjk,2065,0.0
tjk,2070,0.0
tjk,2075,0.0
tjk,2080,0.0
tjk,2085,0.0
tjk,2090,0.0
tjk,2095,0.0
tjk,2100,0.0
tkm,2010,0.0
tkm,2015,0.0
tkm,2020,0.0
tkm,2025,0.0
tkm,2030,0.0
tkm,2035,0.0
tkm,2040,0.0
tkm,2045,0.0
tkm,2050,0.0
tkm,2055,0.0
tkm,2060,0.0
tkm,2065,0.0
tkm,2070,0.0
tkm,2075,0.0
tkm,2080,0.0
tkm,2085,0.0
tkm,2090,0.0
tkm,2095,0.0
tkm,2100,0.0
tls,2010,0.19
tls,2015,0.15
tls,2020,0.13
tls,2025,0.1
tls,2030,0.08
tls,2035,0.06
tls,2040,0.04
tls,2045,0.03
tls,2050,0.02
tls,2055,0.02
tls,2060,0.01
tls,2065,0.01
tls,2070,0.0
tls,2075,0.0
tls,2080,0.0
tls,2085,0.0
tls,2090,0.0
tls,2095,0.0
tls,2100,0.0
ton,2010,0.01
ton,2015,0.01
ton,2020,0.01
ton,2025,0.01
ton,2030,0.01
ton,2035,0.0
ton,2040,0.0
ton,2045,0.0
ton,2050,0.0
ton,2055,0.0
ton,2060,0.0
ton,2065,0.0
ton,2070,0.0
ton,2075,0.0
ton,2080,0.0
ton,2085,0.0
ton,2090,0.0
ton,2095,0.0
ton,2100,0.0
tto,2010,0.0
tto,2015,0.0
tto,2020,0.0
tto,2025,0.0
tto,2030,0.0
tto,2035,0.0
tto,2040,0.0
tto,2045,0.0
tto,2050,0.0
tto,2055,0.0
tto,2060,0.0
tto,2065,0.0
tto,2070,0.0
tto,2075,0.0
tto,2080,0.0
tto,2085,0.0
tto,2090,0.0
tto,2095,0.0
tto,2100,0.0
tun,2010,0.0
tun,2015,0.0
tun,2020,0.0
tun,2025,0.0
tun,2030,0.0
tun,2035,0.0
tun,2040,0.0
tun,2045,0.0
tun,2050,0.0
tun,2055,0.0
tun,2060,0.0
tun,2065,0.0
tun,2070,0.0
tun,2075,0.0
tun,2080,0.0
tun,2085,0.0
tun,2090,0.0
tun,2095,0.0
tun,2100,0.0
tur,2010,0.02
tur,2015,0.01
tur,2020,0.01
tur,2025,0.01
tur,2030,0.01
tur,2035,0.01
tur,2040,0.01
tur,2045,0.01
tur,2050,0.0
tur,2055,0.0
tur,2060,0.0
tur,2065,0.0
tur,2070,0.0
tur,2075,0.0
tur,2080,0.0
tur,2085,0.0
tur,2090,0.0
tur,2095,0.0
tur,2100,0.0
tza,2010,0.28
tza,2015,0.28
tza,2020,0.28
tza,2025,0.27
tza,2030,0.26
tza,2035,0.25
tza,2040,0.23
tza,2045,0.22
tza,2050,0.2
tza,2055,0.18
tza,2060,0.17
tza,2065,0.15
tza,2070,0.14
tza,2075,0.13
tza,2080,0.12
tza,2085,0.11
tza,2090,0.1
tza,2095,0.09
tza,2100,0.08
uga,2010,0.43
uga,2015,0.41
uga,2020,0.37
uga,2025,0.34
uga,2030,0.31
uga,2035,0.28
uga,2040,0.26
uga,2045,0.23
uga,2050,0.2
uga,2055,0.18
uga,2060,0.15
uga,2065,0.14
uga,2070,0.12
uga,2075,0.11
uga,2080,0.09
uga,2085,0.08
uga,2090,0.07
uga,2095,0.06
uga,2100,0.05
ukr,2010,0.0
ukr,2015,0.0
ukr,2020,0.0
ukr,2025,0.0
ukr,2030,0.0
ukr,2035,0.0
ukr,2040,0.0
ukr,2045,0.0
ukr,2050,0.0
ukr,2055,0.0
ukr,2060,0.0
ukr,2065,0.0
ukr,2070,0.0
ukr,2075,0.0
ukr,2080,0.0
ukr,2085,0.0
ukr,2090,0.0
ukr,2095,0.0
ukr,2100,0.0
ury,2010,0.03
ury,2015,0.02
ury,2020,0.02
ury,2025,0.02
ury,2030,0.02
ury,2035,0.01
ury,2040,0.01
ury,2045,0.01
ury,2050,0.01
ury,2055,0.01
ury,2060,0.01
ury,2065,0.01
ury,2070,0.01
ury,2075,0.01
ury,2080,0.0
ury,2085,0.0
ury,2090,0.0
ury,2095,0.0
ury,2100,0.0
usa,2010,0.0
usa,2015,0.0
usa,2020,0.0
usa,2025,0.0
usa,2030,0.0
usa,2035,0.0
usa,2040,0.0
usa,2045,0.0
usa,2050,0.0
usa,2055,0.0
usa,2060,0.0
usa,2065,0.0
usa,2070,0.0
usa,2075,0.0
usa,2080,0.0
usa,2085,0.0
usa,2090,0.0
usa,2095,0.0
usa,2100,0.0
vct,2010,0.01
vct,2015,0.01
vct,2020,0.01
vct,2025,0.01
vct,2030,0.01
vct,2035,0.0
vct,2040,0.0
vct,2045,0.0
vct,2050,0.0
vct,2055,0.0
vct,2060,0.0
vct,2065,0.0
vct,2070,0.0
vct,2075,0.0
vct,2080,0.0
vct,2085,0.0
vct,2090,0.0
vct,2095,0.0
vct,2100,0.0
ven,2010,0.1
ven,2015,0.09
ven,2020,0.08
ven,2025,0.07
ven,2030,0.06
ven,2035,0.05
ven,2040,0.04
ven,2045,0.03
ven,2050,0.02
ven,2055,0.02
ven,2060,0.02
ven,2065,0.01
ven,2070,0.01
ven,2075,0.01
ven,2080,0.01
ven,2085,0.01
ven,2090,0.0
ven,2095,0.0
ven,2100,0.0
vnm,2010,0.04
vnm,2015,0.03
vnm,2020,0.03
vnm,2025,0.02
vnm,2030,0.02
vnm,2035,0.01
vnm,2040,0.01
vnm,2045,0.01
vnm,2050,0.0
vnm,2055,0.0
vnm,2060,0.0
vnm,2065,0.0
vnm,2070,0.0
vnm,2075,0.0
vnm,2080,0.0
vnm,2085,0.0
vnm,2090,0.0
vnm,2095,0.0
vnm,2100,0.0
vut,2010,0.23
vut,2015,0.15
vut,2020,0.14
vut,2025,0.13
vut,2030,0.12
vut,2035,0.11
vut,2040,0.1
vut,2045,0.09
vut,2050,0.08
vut,2055,0.07
vut,2060,0.06
vut,2065,0.05
vut,2070,0.04
vut,2075,0.03
vut,2080,0.03
vut,2085,0.02
vut,2090,0.02
vut,2095,0.02
vut,2100,0.01
wld,2010,0.07
wld,2015,0.07
wld,2020,0.06
wld,2025,0.06
wld,2030,0.05
wld,2035,0.05
wld,2040,0.05
wld,2045,0.04
wld,2050,0.04
wld,2055,0.03
wld,2060,0.03
wld,2065,0.03
wld,2070,0.02
wld,2075,0.02
wld,2080,0.02
wld,2085,0.02
wld,2090,0.01
wld,2095,0.01
wld,2100,0.01
wsm,2010,0.0
wsm,2015,0.0
wsm,2020,0.0
wsm,2025,0.0
wsm,2030,0.0
wsm,2035,0.0
wsm,2040,0.0
wsm,2045,0.0
wsm,2050,0.0
wsm,2055,0.0
wsm,2060,0.0
wsm,2065,0.0
wsm,2070,0.0
wsm,2075,0.0
wsm,2080,0.0
wsm,2085,0.0
wsm,2090,0.0
wsm,2095,0.0
wsm,2100,0.0
zaf,2010,0.03
zaf,2015,0.02
zaf,2020,0.01
zaf,2025,0.01
zaf,2030,0.01
zaf,2035,0.0
zaf,2040,0.0
zaf,2045,0.0
zaf,2050,0.0
zaf,2055,0.0
zaf,2060,0.0
zaf,2065,0.0
zaf,2070,0.0
zaf,2075,0.0
zaf,2080,0.0
zaf,2085,0.0
zaf,2090,0.0
zaf,2095,0.0
zaf,2100,0.0
zmb,2010,0.4
zmb,2015,0.38
zmb,2020,0.35
zmb,2025,0.32
zmb,2030,0.3
zmb,2035,0.27
zmb,2040,0.25
zmb,2045,0.22
zmb,2050,0.2
zmb,2055,0.18
zmb,2060,0.16
zmb,2065,0.13
zmb,2070,0.11
zmb,2075,0.09
zmb,2080,0.08
zmb,2085,0.06
zmb,2090,0.05
zmb,2095,0.04
zmb,2100,0.03
zwe,2010,0.06
zwe,2015,0.04
zwe,2020,0.03
zwe,2025,0.02
zwe,2030,0.01
zwe,2035,0.01
zwe,2040,0.01
zwe,2045,0.0
zwe,2050,0.0
zwe,2055,0.0
zwe,2060,0.0
zwe,2065,0.0
zwe,2070,0.0
zwe,2075,0.0
zwe,2080,0.0
zwe,2085,0.0
zwe,2090,0.0
zwe,2095,0.0
zwe,2100,0.0
