country,year,prj_att_4064_3_fe
abw,2010,0.1
abw,2015,0.11
abw,2020,0.13
abw,2025,0.14
abw,2030,0.14
abw,2035,0.15
abw,2040,0.16
abw,2045,0.17
abw,2050,0.18
abw,2055,0.19
abw,2060,0.2
abw,2065,0.2
abw,2070,0.21
abw,2075,0.21
abw,2080,0.22
abw,2085,0.22
abw,2090,0.22
abw,2095,0.22
abw,2100,0.22
alb,2010,0.37
alb,2015,0.42
alb,2020,0.45
alb,2025,0.5
alb,2030,0.55
alb,2035,0.6
alb,2040,0.63
alb,2045,0.66
alb,2050,0.68
alb,2055,0.7
alb,2060,0.71
alb,2065,0.72
alb,2070,0.72
alb,2075,0.72
alb,2080,0.72
alb,2085,0.72
alb,2090,0.71
alb,2095,0.7
alb,2100,0.69
are,2010,0.33
are,2015,0.35
are,2020,0.37
are,2025,0.38
are,2030,0.39
are,2035,0.4
are,2040,0.4
are,2045,0.4
are,2050,0.4
are,2055,0.39
are,2060,0.39
are,2065,0.39
are,2070,0.39
are,2075,0.39
are,2080,0.39
are,2085,0.4
are,2090,0.4
are,2095,0.41
are,2100,0.41
arg,2010,0.26
arg,2015,0.28
arg,2020,0.3
arg,2025,0.32
arg,2030,0.34
arg,2035,0.36
arg,2040,0.38
arg,2045,0.39
arg,2050,0.41
arg,2055,0.42
arg,2060,0.43
arg,2065,0.44
arg,2070,0.45
arg,2075,0.46
arg,2080,0.47
arg,2085,0.47
arg,2090,0.46
arg,2095,0.46
arg,2100,0.45
arm,2010,0.7
arm,2015,0.71
arm,2020,0.71
arm,2025,0.7
arm,2030,0.69
arm,2035,0.69
arm,2040,0.69
arm,2045,0.68
arm,2050,0.68
arm,2055,0.67
arm,2060,0.66
arm,2065,0.65
arm,2070,0.64
arm,2075,0.63
arm,2080,0.61
arm,2085,0.6
arm,2090,0.58
arm,2095,0.56
arm,2100,0.54
aus,2010,0.31
aus,2015,0.34
aus,2020,0.36
aus,2025,0.38
aus,2030,0.39
aus,2035,0.39
aus,2040,0.39
aus,2045,0.39
aus,2050,0.38
aus,2055,0.37
aus,2060,0.36
aus,2065,0.35
aus,2070,0.34
aus,2075,0.34
aus,2080,0.33
aus,2085,0.31
aus,2090,0.3
aus,2095,0.29
aus,2100,0.27
aut,2010,0.5
aut,2015,0.5
aut,2020,0.5
aut,2025,0.49
aut,2030,0.48
aut,2035,0.46
aut,2040,0.44
aut,2045,0.43
aut,2050,0.41
aut,2055,0.4
aut,2060,0.38
aut,2065,0.36
aut,2070,0.35
aut,2075,0.34
aut,2080,0.33
aut,2085,0.31
aut,2090,0.3
aut,2095,0.28
aut,2100,0.27
aze,2010,0.72
aze,2015,0.74
aze,2020,0.75
aze,2025,0.75
aze,2030,0.75
aze,2035,0.75
aze,2040,0.75
aze,2045,0.76
aze,2050,0.76
aze,2055,0.77
aze,2060,0.76
aze,2065,0.76
aze,2070,0.76
aze,2075,0.75
aze,2080,0.74
aze,2085,0.73
aze,2090,0.72
aze,2095,0.7
aze,2100,0.69
bdi,2010,0.01
bdi,2015,0.01
bdi,2020,0.01
bdi,2025,0.02
bdi,2030,0.02
bdi,2035,0.03
bdi,2040,0.04
bdi,2045,0.05
bdi,2050,0.06
bdi,2055,0.08
bdi,2060,0.1
bdi,2065,0.12
bdi,2070,0.14
bdi,2075,0.16
bdi,2080,0.19
bdi,2085,0.21
bdi,2090,0.24
bdi,2095,0.27
bdi,2100,0.3
bel,2010,0.3
bel,2015,0.32
bel,2020,0.33
bel,2025,0.34
bel,2030,0.34
bel,2035,0.33
bel,2040,0.32
bel,2045,0.3
bel,2050,0.29
bel,2055,0.28
bel,2060,0.27
bel,2065,0.26
bel,2070,0.25
bel,2075,0.24
bel,2080,0.24
bel,2085,0.23
bel,2090,0.22
bel,2095,0.21
bel,2100,0.2
ben,2010,0.01
ben,2015,0.01
ben,2020,0.01
ben,2025,0.02
ben,2030,0.03
ben,2035,0.04
ben,2040,0.06
ben,2045,0.08
ben,2050,0.1
ben,2055,0.12
ben,2060,0.15
ben,2065,0.17
ben,2070,0.2
ben,2075,0.23
ben,2080,0.27
ben,2085,0.3
ben,2090,0.34
ben,2095,0.37
ben,2100,0.41
bfa,2010,0.01
bfa,2015,0.01
bfa,2020,0.02
bfa,2025,0.02
bfa,2030,0.03
bfa,2035,0.04
bfa,2040,0.05
bfa,2045,0.07
bfa,2050,0.09
bfa,2055,0.11
bfa,2060,0.14
bfa,2065,0.17
bfa,2070,0.2
bfa,2075,0.23
bfa,2080,0.27
bfa,2085,0.31
bfa,2090,0.34
bfa,2095,0.38
bfa,2100,0.41
bgd,2010,0.03
bgd,2015,0.03
bgd,2020,0.05
bgd,2025,0.06
bgd,2030,0.08
bgd,2035,0.09
bgd,2040,0.11
bgd,2045,0.13
bgd,2050,0.15
bgd,2055,0.17
bgd,2060,0.19
bgd,2065,0.21
bgd,2070,0.23
bgd,2075,0.25
bgd,2080,0.26
bgd,2085,0.28
bgd,2090,0.3
bgd,2095,0.31
bgd,2100,0.32
bgr,2010,0.5
bgr,2015,0.52
bgr,2020,0.54
bgr,2025,0.54
bgr,2030,0.55
bgr,2035,0.56
bgr,2040,0.56
bgr,2045,0.56
bgr,2050,0.56
bgr,2055,0.55
bgr,2060,0.54
bgr,2065,0.54
bgr,2070,0.53
bgr,2075,0.52
bgr,2080,0.51
bgr,2085,0.5
bgr,2090,0.48
bgr,2095,0.46
bgr,2100,0.45
bhr,2010,0.28
bhr,2015,0.32
bhr,2020,0.35
bhr,2025,0.38
bhr,2030,0.4
bhr,2035,0.42
bhr,2040,0.42
bhr,2045,0.42
bhr,2050,0.42
bhr,2055,0.41
bhr,2060,0.4
bhr,2065,0.4
bhr,2070,0.41
bhr,2075,0.41
bhr,2080,0.41
bhr,2085,0.41
bhr,2090,0.41
bhr,2095,0.41
bhr,2100,0.41
bhs,2010,0.1
bhs,2015,0.11
bhs,2020,0.12
bhs,2025,0.13
bhs,2030,0.15
bhs,2035,0.16
bhs,2040,0.18
bhs,2045,0.2
bhs,2050,0.21
bhs,2055,0.23
bhs,2060,0.25
bhs,2065,0.27
bhs,2070,0.29
bhs,2075,0.31
bhs,2080,0.33
bhs,2085,0.34
bhs,2090,0.36
bhs,2095,0.38
bhs,2100,0.39
bih,2010,0.41
bih,2015,0.47
bih,2020,0.52
bih,2025,0.57
bih,2030,0.61
bih,2035,0.64
bih,2040,0.67
bih,2045,0.72
bih,2050,0.74
bih,2055,0.74
bih,2060,0.74
bih,2065,0.74
bih,2070,0.74
bih,2075,0.73
bih,2080,0.72
bih,2085,0.71
bih,2090,0.7
bih,2095,0.68
bih,2100,0.66
blr,2010,0.73
blr,2015,0.74
blr,2020,0.74
blr,2025,0.74
blr,2030,0.72
blr,2035,0.7
blr,2040,0.69
blr,2045,0.67
blr,2050,0.65
blr,2055,0.62
blr,2060,0.61
blr,2065,0.59
blr,2070,0.58
blr,2075,0.57
blr,2080,0.55
blr,2085,0.54
blr,2090,0.52
blr,2095,0.5
blr,2100,0.48
blz,2010,0.02
blz,2015,0.02
blz,2020,0.03
blz,2025,0.04
blz,2030,0.05
blz,2035,0.06
blz,2040,0.07
blz,2045,0.08
blz,2050,0.1
blz,2055,0.11
blz,2060,0.13
blz,2065,0.15
blz,2070,0.17
blz,2075,0.19
blz,2080,0.21
blz,2085,0.24
blz,2090,0.26
blz,2095,0.28
blz,2100,0.3
bol,2010,0.14
bol,2015,0.16
bol,2020,0.18
bol,2025,0.22
bol,2030,0.25
bol,2035,0.29
bol,2040,0.33
bol,2045,0.36
bol,2050,0.39
bol,2055,0.41
bol,2060,0.43
bol,2065,0.45
bol,2070,0.46
bol,2075,0.47
bol,2080,0.47
bol,2085,0.47
bol,2090,0.47
bol,2095,0.46
bol,2100,0.45
bra,2010,0.2
bra,2015,0.24
bra,2020,0.27
bra,2025,0.31
bra,2030,0.35
bra,2035,0.39
bra,2040,0.42
bra,2045,0.45
bra,2050,0.48
bra,2055,0.5
bra,2060,0.52
bra,2065,0.54
bra,2070,0.55
bra,2075,0.56
bra,2080,0.56
bra,2085,0.57
bra,2090,0.56
bra,2095,0.56
bra,2100,0.55
btn,2010,0.01
btn,2015,0.01
btn,2020,0.01
btn,2025,0.03
btn,2030,0.06
btn,2035,0.08
btn,2040,0.1
btn,2045,0.12
btn,2050,0.15
btn,2055,0.17
btn,2060,0.2
btn,2065,0.23
btn,2070,0.26
btn,2075,0.29
btn,2080,0.32
btn,2085,0.34
btn,2090,0.37
btn,2095,0.39
btn,2100,0.42
caf,2010,0.01
caf,2015,0.01
caf,2020,0.02
caf,2025,0.03
caf,2030,0.05
caf,2035,0.07
caf,2040,0.09
caf,2045,0.11
caf,2050,0.14
caf,2055,0.17
caf,2060,0.21
caf,2065,0.25
caf,2070,0.29
caf,2075,0.33
caf,2080,0.37
caf,2085,0.41
caf,2090,0.45
caf,2095,0.48
caf,2100,0.52
can,2010,0.35
can,2015,0.33
can,2020,0.32
can,2025,0.29
can,2030,0.27
can,2035,0.25
can,2040,0.24
can,2045,0.23
can,2050,0.21
can,2055,0.2
can,2060,0.2
can,2065,0.19
can,2070,0.18
can,2075,0.18
can,2080,0.17
can,2085,0.16
can,2090,0.16
can,2095,0.15
can,2100,0.15
che,2010,0.56
che,2015,0.57
che,2020,0.58
che,2025,0.58
che,2030,0.59
che,2035,0.58
che,2040,0.57
che,2045,0.56
che,2050,0.54
che,2055,0.52
che,2060,0.5
che,2065,0.48
che,2070,0.46
che,2075,0.44
che,2080,0.42
che,2085,0.4
che,2090,0.39
che,2095,0.37
che,2100,0.35
chl,2010,0.35
chl,2015,0.38
chl,2020,0.41
chl,2025,0.44
chl,2030,0.47
chl,2035,0.49
chl,2040,0.5
chl,2045,0.51
chl,2050,0.52
chl,2055,0.52
chl,2060,0.52
chl,2065,0.51
chl,2070,0.5
chl,2075,0.49
chl,2080,0.48
chl,2085,0.47
chl,2090,0.45
chl,2095,0.43
chl,2100,0.42
chn,2010,0.1
chn,2015,0.11
chn,2020,0.13
chn,2025,0.14
chn,2030,0.15
chn,2035,0.18
chn,2040,0.21
chn,2045,0.23
chn,2050,0.25
chn,2055,0.28
chn,2060,0.3
chn,2065,0.32
chn,2070,0.34
chn,2075,0.35
chn,2080,0.36
chn,2085,0.37
chn,2090,0.37
chn,2095,0.37
chn,2100,0.36
civ,2010,0.01
civ,2015,0
civ,2020,0.01
civ,2025,0.02
civ,2030,0.03
civ,2035,0.04
civ,2040,0.06
civ,2045,0.09
civ,2050,0.11
civ,2055,0.14
civ,2060,0.18
civ,2065,0.21
civ,2070,0.25
civ,2075,0.28
civ,2080,0.32
civ,2085,0.35
civ,2090,0.38
civ,2095,0.41
civ,2100,0.43
cmr,2010,0.03
cmr,2015,0.04
cmr,2020,0.06
cmr,2025,0.08
cmr,2030,0.1
cmr,2035,0.13
cmr,2040,0.17
cmr,2045,0.21
cmr,2050,0.25
cmr,2055,0.29
cmr,2060,0.34
cmr,2065,0.39
cmr,2070,0.43
cmr,2075,0.47
cmr,2080,0.51
cmr,2085,0.55
cmr,2090,0.58
cmr,2095,0.6
cmr,2100,0.62
cod,2010,0.06
cod,2015,0.07
cod,2020,0.09
cod,2025,0.12
cod,2030,0.15
cod,2035,0.19
cod,2040,0.23
cod,2045,0.28
cod,2050,0.32
cod,2055,0.37
cod,2060,0.41
cod,2065,0.46
cod,2070,0.5
cod,2075,0.53
cod,2080,0.57
cod,2085,0.6
cod,2090,0.63
cod,2095,0.65
cod,2100,0.66
cog,2010,0.04
cog,2015,0.05
cog,2020,0.06
cog,2025,0.07
cog,2030,0.09
cog,2035,0.11
cog,2040,0.14
cog,2045,0.17
cog,2050,0.21
cog,2055,0.24
cog,2060,0.28
cog,2065,0.32
cog,2070,0.36
cog,2075,0.4
cog,2080,0.43
cog,2085,0.47
cog,2090,0.49
cog,2095,0.52
cog,2100,0.54
col,2010,0.17
col,2015,0.2
col,2020,0.24
col,2025,0.27
col,2030,0.31
col,2035,0.34
col,2040,0.37
col,2045,0.39
col,2050,0.4
col,2055,0.41
col,2060,0.41
col,2065,0.42
col,2070,0.42
col,2075,0.41
col,2080,0.41
col,2085,0.4
col,2090,0.39
col,2095,0.37
col,2100,0.36
com,2010,0.01
com,2015,0.02
com,2020,0.03
com,2025,0.05
com,2030,0.06
com,2035,0.08
com,2040,0.1
com,2045,0.13
com,2050,0.16
com,2055,0.18
com,2060,0.21
com,2065,0.24
com,2070,0.27
com,2075,0.29
com,2080,0.32
com,2085,0.35
com,2090,0.37
com,2095,0.39
com,2100,0.41
cpv,2010,0.02
cpv,2015,0.03
cpv,2020,0.03
cpv,2025,0.05
cpv,2030,0.07
cpv,2035,0.09
cpv,2040,0.1
cpv,2045,0.12
cpv,2050,0.14
cpv,2055,0.16
cpv,2060,0.19
cpv,2065,0.22
cpv,2070,0.25
cpv,2075,0.28
cpv,2080,0.31
cpv,2085,0.35
cpv,2090,0.38
cpv,2095,0.42
cpv,2100,0.45
cri,2010,0.14
cri,2015,0.16
cri,2020,0.17
cri,2025,0.19
cri,2030,0.21
cri,2035,0.23
cri,2040,0.25
cri,2045,0.28
cri,2050,0.3
cri,2055,0.32
cri,2060,0.34
cri,2065,0.36
cri,2070,0.37
cri,2075,0.38
cri,2080,0.39
cri,2085,0.4
cri,2090,0.4
cri,2095,0.4
cri,2100,0.4
cub,2010,0.38
cub,2015,0.43
cub,2020,0.47
cub,2025,0.5
cub,2030,0.53
cub,2035,0.57
cub,2040,0.6
cub,2045,0.61
cub,2050,0.62
cub,2055,0.62
cub,2060,0.62
cub,2065,0.62
cub,2070,0.62
cub,2075,0.61
cub,2080,0.6
cub,2085,0.59
cub,2090,0.58
cub,2095,0.57
cub,2100,0.55
cyp,2010,0.38
cyp,2015,0.4
cyp,2020,0.41
cyp,2025,0.4
cyp,2030,0.38
cyp,2035,0.36
cyp,2040,0.34
cyp,2045,0.32
cyp,2050,0.29
cyp,2055,0.28
cyp,2060,0.26
cyp,2065,0.25
cyp,2070,0.24
cyp,2075,0.23
cyp,2080,0.22
cyp,2085,0.22
cyp,2090,0.21
cyp,2095,0.2
cyp,2100,0.19
cze,2010,0.68
cze,2015,0.7
cze,2020,0.73
cze,2025,0.75
cze,2030,0.75
cze,2035,0.75
cze,2040,0.74
cze,2045,0.73
cze,2050,0.72
cze,2055,0.7
cze,2060,0.69
cze,2065,0.68
cze,2070,0.66
cze,2075,0.65
cze,2080,0.63
cze,2085,0.62
cze,2090,0.6
cze,2095,0.58
cze,2100,0.56
deu,2010,0.54
deu,2015,0.53
deu,2020,0.51
deu,2025,0.48
deu,2030,0.45
deu,2035,0.42
deu,2040,0.39
deu,2045,0.38
deu,2050,0.36
deu,2055,0.35
deu,2060,0.33
deu,2065,0.32
deu,2070,0.32
deu,2075,0.31
deu,2080,0.3
deu,2085,0.3
deu,2090,0.29
deu,2095,0.28
deu,2100,0.27
dnk,2010,0.42
dnk,2015,0.44
dnk,2020,0.47
dnk,2025,0.49
dnk,2030,0.49
dnk,2035,0.49
dnk,2040,0.49
dnk,2045,0.48
dnk,2050,0.47
dnk,2055,0.46
dnk,2060,0.45
dnk,2065,0.44
dnk,2070,0.44
dnk,2075,0.43
dnk,2080,0.42
dnk,2085,0.41
dnk,2090,0.39
dnk,2095,0.38
dnk,2100,0.36
dom,2010,0.17
dom,2015,0.2
dom,2020,0.22
dom,2025,0.25
dom,2030,0.27
dom,2035,0.29
dom,2040,0.31
dom,2045,0.32
dom,2050,0.34
dom,2055,0.35
dom,2060,0.35
dom,2065,0.36
dom,2070,0.37
dom,2075,0.37
dom,2080,0.37
dom,2085,0.37
dom,2090,0.37
dom,2095,0.37
dom,2100,0.36
dza,2010,0.13
dza,2015,0.18
dza,2020,0.22
dza,2025,0.27
dza,2030,0.32
dza,2035,0.36
dza,2040,0.39
dza,2045,0.43
dza,2050,0.47
dza,2055,0.49
dza,2060,0.51
dza,2065,0.52
dza,2070,0.52
dza,2075,0.52
dza,2080,0.51
dza,2085,0.5
dza,2090,0.49
dza,2095,0.47
dza,2100,0.45
ecu,2010,0.13
ecu,2015,0.15
ecu,2020,0.17
ecu,2025,0.19
ecu,2030,0.21
ecu,2035,0.22
ecu,2040,0.24
ecu,2045,0.25
ecu,2050,0.26
ecu,2055,0.27
ecu,2060,0.28
ecu,2065,0.28
ecu,2070,0.29
ecu,2075,0.29
ecu,2080,0.29
ecu,2085,0.29
ecu,2090,0.29
ecu,2095,0.28
ecu,2100,0.27
egy,2010,0.18
egy,2015,0.24
egy,2020,0.3
egy,2025,0.36
egy,2030,0.42
egy,2035,0.46
egy,2040,0.5
egy,2045,0.53
egy,2050,0.55
egy,2055,0.56
egy,2060,0.57
egy,2065,0.56
egy,2070,0.56
egy,2075,0.54
egy,2080,0.53
egy,2085,0.51
egy,2090,0.49
egy,2095,0.47
egy,2100,0.45
esp,2010,0.16
esp,2015,0.2
esp,2020,0.23
esp,2025,0.25
esp,2030,0.27
esp,2035,0.29
esp,2040,0.3
esp,2045,0.31
esp,2050,0.31
esp,2055,0.31
esp,2060,0.31
esp,2065,0.31
esp,2070,0.31
esp,2075,0.31
esp,2080,0.31
esp,2085,0.3
esp,2090,0.29
esp,2095,0.29
esp,2100,0.28
est,2010,0.46
est,2015,0.46
est,2020,0.47
est,2025,0.47
est,2030,0.46
est,2035,0.45
est,2040,0.44
est,2045,0.43
est,2050,0.42
est,2055,0.41
est,2060,0.41
est,2065,0.4
est,2070,0.4
est,2075,0.4
est,2080,0.39
est,2085,0.38
est,2090,0.37
est,2095,0.36
est,2100,0.35
eth,2010,0.01
eth,2015,0.02
eth,2020,0.02
eth,2025,0.03
eth,2030,0.04
eth,2035,0.06
eth,2040,0.07
eth,2045,0.09
eth,2050,0.11
eth,2055,0.13
eth,2060,0.16
eth,2065,0.19
eth,2070,0.22
eth,2075,0.25
eth,2080,0.29
eth,2085,0.32
eth,2090,0.36
eth,2095,0.39
eth,2100,0.42
fin,2010,0.34
fin,2015,0.31
fin,2020,0.29
fin,2025,0.28
fin,2030,0.28
fin,2035,0.27
fin,2040,0.27
fin,2045,0.27
fin,2050,0.28
fin,2055,0.28
fin,2060,0.29
fin,2065,0.3
fin,2070,0.3
fin,2075,0.31
fin,2080,0.32
fin,2085,0.32
fin,2090,0.32
fin,2095,0.32
fin,2100,0.31
fra,2010,0.4
fra,2015,0.42
fra,2020,0.42
fra,2025,0.42
fra,2030,0.4
fra,2035,0.38
fra,2040,0.37
fra,2045,0.35
fra,2050,0.34
fra,2055,0.33
fra,2060,0.31
fra,2065,0.3
fra,2070,0.28
fra,2075,0.27
fra,2080,0.26
fra,2085,0.25
fra,2090,0.23
fra,2095,0.22
fra,2100,0.21
gab,2010,0.03
gab,2015,0.05
gab,2020,0.06
gab,2025,0.08
gab,2030,0.11
gab,2035,0.14
gab,2040,0.16
gab,2045,0.19
gab,2050,0.23
gab,2055,0.27
gab,2060,0.31
gab,2065,0.35
gab,2070,0.39
gab,2075,0.43
gab,2080,0.46
gab,2085,0.49
gab,2090,0.52
gab,2095,0.54
gab,2100,0.56
gbr,2010,0.08
gbr,2015,0.09
gbr,2020,0.1
gbr,2025,0.12
gbr,2030,0.13
gbr,2035,0.15
gbr,2040,0.17
gbr,2045,0.18
gbr,2050,0.19
gbr,2055,0.2
gbr,2060,0.21
gbr,2065,0.22
gbr,2070,0.22
gbr,2075,0.23
gbr,2080,0.23
gbr,2085,0.24
gbr,2090,0.24
gbr,2095,0.24
gbr,2100,0.24
geo,2010,0.35
geo,2015,0.34
geo,2020,0.34
geo,2025,0.32
geo,2030,0.31
geo,2035,0.3
geo,2040,0.29
geo,2045,0.28
geo,2050,0.27
geo,2055,0.26
geo,2060,0.25
geo,2065,0.24
geo,2070,0.24
geo,2075,0.23
geo,2080,0.23
geo,2085,0.22
geo,2090,0.21
geo,2095,0.2
geo,2100,0.19
gha,2010,0.08
gha,2015,0.09
gha,2020,0.1
gha,2025,0.12
gha,2030,0.14
gha,2035,0.17
gha,2040,0.19
gha,2045,0.22
gha,2050,0.25
gha,2055,0.28
gha,2060,0.31
gha,2065,0.34
gha,2070,0.37
gha,2075,0.41
gha,2080,0.44
gha,2085,0.48
gha,2090,0.51
gha,2095,0.54
gha,2100,0.56
gin,2010,0.01
gin,2015,0.01
gin,2020,0.01
gin,2025,0.02
gin,2030,0.02
gin,2035,0.03
gin,2040,0.04
gin,2045,0.05
gin,2050,0.07
gin,2055,0.09
gin,2060,0.12
gin,2065,0.15
gin,2070,0.18
gin,2075,0.21
gin,2080,0.24
gin,2085,0.28
gin,2090,0.31
gin,2095,0.34
gin,2100,0.37
gmb,2010,0.02
gmb,2015,0.03
gmb,2020,0.05
gmb,2025,0.06
gmb,2030,0.08
gmb,2035,0.1
gmb,2040,0.12
gmb,2045,0.14
gmb,2050,0.17
gmb,2055,0.2
gmb,2060,0.22
gmb,2065,0.25
gmb,2070,0.28
gmb,2075,0.31
gmb,2080,0.34
gmb,2085,0.37
gmb,2090,0.39
gmb,2095,0.42
gmb,2100,0.44
gnb,2010,0.01
gnb,2015,0.02
gnb,2020,0.04
gnb,2025,0.06
gnb,2030,0.08
gnb,2035,0.11
gnb,2040,0.14
gnb,2045,0.18
gnb,2050,0.23
gnb,2055,0.28
gnb,2060,0.33
gnb,2065,0.38
gnb,2070,0.43
gnb,2075,0.49
gnb,2080,0.53
gnb,2085,0.58
gnb,2090,0.61
gnb,2095,0.64
gnb,2100,0.67
gnq,2010,0.08
gnq,2015,0.1
gnq,2020,0.12
gnq,2025,0.15
gnq,2030,0.19
gnq,2035,0.23
gnq,2040,0.26
gnq,2045,0.29
gnq,2050,0.32
gnq,2055,0.35
gnq,2060,0.38
gnq,2065,0.41
gnq,2070,0.44
gnq,2075,0.46
gnq,2080,0.48
gnq,2085,0.5
gnq,2090,0.51
gnq,2095,0.51
gnq,2100,0.52
grc,2010,0.36
grc,2015,0.41
grc,2020,0.44
grc,2025,0.46
grc,2030,0.47
grc,2035,0.47
grc,2040,0.46
grc,2045,0.45
grc,2050,0.43
grc,2055,0.42
grc,2060,0.4
grc,2065,0.39
grc,2070,0.37
grc,2075,0.36
grc,2080,0.35
grc,2085,0.34
grc,2090,0.32
grc,2095,0.31
grc,2100,0.29
gtm,2010,0.08
gtm,2015,0.09
gtm,2020,0.1
gtm,2025,0.12
gtm,2030,0.14
gtm,2035,0.16
gtm,2040,0.19
gtm,2045,0.21
gtm,2050,0.24
gtm,2055,0.27
gtm,2060,0.3
gtm,2065,0.33
gtm,2070,0.36
gtm,2075,0.39
gtm,2080,0.42
gtm,2085,0.44
gtm,2090,0.47
gtm,2095,0.49
gtm,2100,0.5
guy,2010,0.37
guy,2015,0.41
guy,2020,0.44
guy,2025,0.47
guy,2030,0.49
guy,2035,0.52
guy,2040,0.56
guy,2045,0.58
guy,2050,0.6
guy,2055,0.62
guy,2060,0.63
guy,2065,0.64
guy,2070,0.65
guy,2075,0.65
guy,2080,0.66
guy,2085,0.66
guy,2090,0.66
guy,2095,0.66
guy,2100,0.65
hkg,2010,0.33
hkg,2015,0.36
hkg,2020,0.39
hkg,2025,0.4
hkg,2030,0.4
hkg,2035,0.39
hkg,2040,0.39
hkg,2045,0.38
hkg,2050,0.36
hkg,2055,0.33
hkg,2060,0.31
hkg,2065,0.28
hkg,2070,0.26
hkg,2075,0.25
hkg,2080,0.23
hkg,2085,0.21
hkg,2090,0.2
hkg,2095,0.19
hkg,2100,0.17
hnd,2010,0.11
hnd,2015,0.12
hnd,2020,0.14
hnd,2025,0.16
hnd,2030,0.18
hnd,2035,0.2
hnd,2040,0.22
hnd,2045,0.24
hnd,2050,0.26
hnd,2055,0.29
hnd,2060,0.31
hnd,2065,0.33
hnd,2070,0.35
hnd,2075,0.38
hnd,2080,0.4
hnd,2085,0.42
hnd,2090,0.43
hnd,2095,0.45
hnd,2100,0.46
hrv,2010,0.51
hrv,2015,0.56
hrv,2020,0.6
hrv,2025,0.63
hrv,2030,0.66
hrv,2035,0.67
hrv,2040,0.68
hrv,2045,0.68
hrv,2050,0.68
hrv,2055,0.67
hrv,2060,0.66
hrv,2065,0.66
hrv,2070,0.65
hrv,2075,0.64
hrv,2080,0.63
hrv,2085,0.62
hrv,2090,0.6
hrv,2095,0.58
hrv,2100,0.57
hti,2010,0.02
hti,2015,0.03
hti,2020,0.06
hti,2025,0.1
hti,2030,0.14
hti,2035,0.19
hti,2040,0.24
hti,2045,0.29
hti,2050,0.35
hti,2055,0.41
hti,2060,0.46
hti,2065,0.5
hti,2070,0.54
hti,2075,0.57
hti,2080,0.6
hti,2085,0.62
hti,2090,0.63
hti,2095,0.63
hti,2100,0.63
hun,2010,0.51
hun,2015,0.55
hun,2020,0.6
hun,2025,0.63
hun,2030,0.65
hun,2035,0.67
hun,2040,0.68
hun,2045,0.69
hun,2050,0.69
hun,2055,0.68
hun,2060,0.68
hun,2065,0.67
hun,2070,0.66
hun,2075,0.65
hun,2080,0.64
hun,2085,0.63
hun,2090,0.61
hun,2095,0.59
hun,2100,0.57
idn,2010,0.13
idn,2015,0.16
idn,2020,0.2
idn,2025,0.24
idn,2030,0.29
idn,2035,0.34
idn,2040,0.38
idn,2045,0.43
idn,2050,0.47
idn,2055,0.5
idn,2060,0.53
idn,2065,0.54
idn,2070,0.55
idn,2075,0.56
idn,2080,0.56
idn,2085,0.55
idn,2090,0.54
idn,2095,0.52
idn,2100,0.51
ind,2010,0.09
ind,2015,0.11
ind,2020,0.14
ind,2025,0.17
ind,2030,0.21
ind,2035,0.25
ind,2040,0.28
ind,2045,0.32
ind,2050,0.35
ind,2055,0.39
ind,2060,0.41
ind,2065,0.44
ind,2070,0.46
ind,2075,0.48
ind,2080,0.5
ind,2085,0.51
ind,2090,0.51
ind,2095,0.51
ind,2100,0.51
irl,2010,0.27
irl,2015,0.27
irl,2020,0.26
irl,2025,0.24
irl,2030,0.23
irl,2035,0.22
irl,2040,0.21
irl,2045,0.2
irl,2050,0.19
irl,2055,0.19
irl,2060,0.18
irl,2065,0.17
irl,2070,0.17
irl,2075,0.16
irl,2080,0.16
irl,2085,0.15
irl,2090,0.15
irl,2095,0.14
irl,2100,0.14
irn,2010,0.12
irn,2015,0.14
irn,2020,0.19
irn,2025,0.24
irn,2030,0.29
irn,2035,0.33
irn,2040,0.36
irn,2045,0.38
irn,2050,0.4
irn,2055,0.42
irn,2060,0.43
irn,2065,0.43
irn,2070,0.43
irn,2075,0.42
irn,2080,0.41
irn,2085,0.4
irn,2090,0.38
irn,2095,0.36
irn,2100,0.35
irq,2010,0.08
irq,2015,0.11
irq,2020,0.13
irq,2025,0.16
irq,2030,0.18
irq,2035,0.21
irq,2040,0.23
irq,2045,0.26
irq,2050,0.28
irq,2055,0.29
irq,2060,0.3
irq,2065,0.31
irq,2070,0.31
irq,2075,0.31
irq,2080,0.31
irq,2085,0.31
irq,2090,0.3
irq,2095,0.29
irq,2100,0.28
isl,2010,0.3
isl,2015,0.3
isl,2020,0.3
isl,2025,0.3
isl,2030,0.29
isl,2035,0.28
isl,2040,0.27
isl,2045,0.26
isl,2050,0.25
isl,2055,0.25
isl,2060,0.24
isl,2065,0.24
isl,2070,0.24
isl,2075,0.24
isl,2080,0.24
isl,2085,0.24
isl,2090,0.24
isl,2095,0.24
isl,2100,0.24
isr,2010,0.22
isr,2015,0.26
isr,2020,0.3
isr,2025,0.33
isr,2030,0.36
isr,2035,0.39
isr,2040,0.41
isr,2045,0.43
isr,2050,0.44
isr,2055,0.46
isr,2060,0.47
isr,2065,0.48
isr,2070,0.49
isr,2075,0.5
isr,2080,0.51
isr,2085,0.51
isr,2090,0.51
isr,2095,0.5
isr,2100,0.5
ita,2010,0.34
ita,2015,0.39
ita,2020,0.43
ita,2025,0.47
ita,2030,0.5
ita,2035,0.53
ita,2040,0.56
ita,2045,0.57
ita,2050,0.58
ita,2055,0.58
ita,2060,0.58
ita,2065,0.57
ita,2070,0.57
ita,2075,0.56
ita,2080,0.55
ita,2085,0.53
ita,2090,0.52
ita,2095,0.5
ita,2100,0.48
jam,2010,0.09
jam,2015,0.1
jam,2020,0.11
jam,2025,0.12
jam,2030,0.14
jam,2035,0.15
jam,2040,0.17
jam,2045,0.19
jam,2050,0.2
jam,2055,0.21
jam,2060,0.23
jam,2065,0.25
jam,2070,0.26
jam,2075,0.28
jam,2080,0.29
jam,2085,0.3
jam,2090,0.31
jam,2095,0.32
jam,2100,0.33
jor,2010,0.18
jor,2015,0.22
jor,2020,0.24
jor,2025,0.26
jor,2030,0.28
jor,2035,0.29
jor,2040,0.29
jor,2045,0.3
jor,2050,0.3
jor,2055,0.29
jor,2060,0.29
jor,2065,0.29
jor,2070,0.29
jor,2075,0.28
jor,2080,0.28
jor,2085,0.27
jor,2090,0.27
jor,2095,0.26
jor,2100,0.25
jpn,2010,0.54
jpn,2015,0.5
jpn,2020,0.45
jpn,2025,0.41
jpn,2030,0.37
jpn,2035,0.33
jpn,2040,0.29
jpn,2045,0.26
jpn,2050,0.23
jpn,2055,0.21
jpn,2060,0.19
jpn,2065,0.18
jpn,2070,0.17
jpn,2075,0.16
jpn,2080,0.16
jpn,2085,0.15
jpn,2090,0.14
jpn,2095,0.14
jpn,2100,0.13
kaz,2010,0.66
kaz,2015,0.66
kaz,2020,0.65
kaz,2025,0.62
kaz,2030,0.6
kaz,2035,0.57
kaz,2040,0.55
kaz,2045,0.53
kaz,2050,0.52
kaz,2055,0.51
kaz,2060,0.49
kaz,2065,0.48
kaz,2070,0.47
kaz,2075,0.46
kaz,2080,0.45
kaz,2085,0.43
kaz,2090,0.42
kaz,2095,0.4
kaz,2100,0.38
ken,2010,0.12
ken,2015,0.18
ken,2020,0.24
ken,2025,0.32
ken,2030,0.39
ken,2035,0.46
ken,2040,0.52
ken,2045,0.59
ken,2050,0.64
ken,2055,0.69
ken,2060,0.72
ken,2065,0.74
ken,2070,0.75
ken,2075,0.76
ken,2080,0.76
ken,2085,0.75
ken,2090,0.74
ken,2095,0.73
ken,2100,0.71
kgz,2010,0.7
kgz,2015,0.73
kgz,2020,0.75
kgz,2025,0.77
kgz,2030,0.78
kgz,2035,0.78
kgz,2040,0.78
kgz,2045,0.78
kgz,2050,0.77
kgz,2055,0.76
kgz,2060,0.76
kgz,2065,0.75
kgz,2070,0.74
kgz,2075,0.73
kgz,2080,0.72
kgz,2085,0.71
kgz,2090,0.69
kgz,2095,0.68
kgz,2100,0.66
khm,2010,0.02
khm,2015,0.03
khm,2020,0.03
khm,2025,0.04
khm,2030,0.06
khm,2035,0.08
khm,2040,0.09
khm,2045,0.11
khm,2050,0.13
khm,2055,0.16
khm,2060,0.19
khm,2065,0.22
khm,2070,0.26
khm,2075,0.29
khm,2080,0.33
khm,2085,0.36
khm,2090,0.4
khm,2095,0.43
khm,2100,0.46
kor,2010,0.45
kor,2015,0.48
kor,2020,0.48
kor,2025,0.45
kor,2030,0.39
kor,2035,0.31
kor,2040,0.25
kor,2045,0.21
kor,2050,0.18
kor,2055,0.16
kor,2060,0.15
kor,2065,0.14
kor,2070,0.13
kor,2075,0.12
kor,2080,0.12
kor,2085,0.12
kor,2090,0.11
kor,2095,0.11
kor,2100,0.11
kwt,2010,0.17
kwt,2015,0.18
kwt,2020,0.19
kwt,2025,0.2
kwt,2030,0.22
kwt,2035,0.23
kwt,2040,0.25
kwt,2045,0.27
kwt,2050,0.28
kwt,2055,0.29
kwt,2060,0.3
kwt,2065,0.31
kwt,2070,0.32
kwt,2075,0.34
kwt,2080,0.34
kwt,2085,0.35
kwt,2090,0.36
kwt,2095,0.36
kwt,2100,0.37
lao,2010,0.05
lao,2015,0.06
lao,2020,0.07
lao,2025,0.09
lao,2030,0.12
lao,2035,0.15
lao,2040,0.18
lao,2045,0.21
lao,2050,0.24
lao,2055,0.27
lao,2060,0.31
lao,2065,0.34
lao,2070,0.38
lao,2075,0.41
lao,2080,0.44
lao,2085,0.47
lao,2090,0.5
lao,2095,0.53
lao,2100,0.56
lbn,2010,0.14
lbn,2015,0.16
lbn,2020,0.18
lbn,2025,0.21
lbn,2030,0.24
lbn,2035,0.26
lbn,2040,0.29
lbn,2045,0.3
lbn,2050,0.31
lbn,2055,0.3
lbn,2060,0.3
lbn,2065,0.29
lbn,2070,0.29
lbn,2075,0.28
lbn,2080,0.27
lbn,2085,0.27
lbn,2090,0.26
lbn,2095,0.25
lbn,2100,0.24
lbr,2010,0.01
lbr,2015,0.01
lbr,2020,0.02
lbr,2025,0.02
lbr,2030,0.03
lbr,2035,0.04
lbr,2040,0.05
lbr,2045,0.07
lbr,2050,0.08
lbr,2055,0.1
lbr,2060,0.13
lbr,2065,0.15
lbr,2070,0.18
lbr,2075,0.22
lbr,2080,0.25
lbr,2085,0.28
lbr,2090,0.32
lbr,2095,0.36
lbr,2100,0.39
lca,2010,0.15
lca,2015,0.18
lca,2020,0.22
lca,2025,0.25
lca,2030,0.29
lca,2035,0.32
lca,2040,0.35
lca,2045,0.38
lca,2050,0.4
lca,2055,0.42
lca,2060,0.43
lca,2065,0.45
lca,2070,0.45
lca,2075,0.46
lca,2080,0.46
lca,2085,0.46
lca,2090,0.46
lca,2095,0.46
lca,2100,0.45
lso,2010,0.04
lso,2015,0.05
lso,2020,0.08
lso,2025,0.11
lso,2030,0.14
lso,2035,0.17
lso,2040,0.2
lso,2045,0.23
lso,2050,0.27
lso,2055,0.3
lso,2060,0.34
lso,2065,0.37
lso,2070,0.4
lso,2075,0.44
lso,2080,0.46
lso,2085,0.49
lso,2090,0.51
lso,2095,0.53
lso,2100,0.55
ltu,2010,0.34
ltu,2015,0.35
ltu,2020,0.34
ltu,2025,0.34
ltu,2030,0.33
ltu,2035,0.32
ltu,2040,0.3
ltu,2045,0.29
ltu,2050,0.28
ltu,2055,0.27
ltu,2060,0.26
ltu,2065,0.25
ltu,2070,0.25
ltu,2075,0.25
ltu,2080,0.24
ltu,2085,0.23
ltu,2090,0.22
ltu,2095,0.21
ltu,2100,0.21
lux,2010,0.32
lux,2015,0.33
lux,2020,0.35
lux,2025,0.36
lux,2030,0.36
lux,2035,0.37
lux,2040,0.38
lux,2045,0.38
lux,2050,0.38
lux,2055,0.37
lux,2060,0.37
lux,2065,0.37
lux,2070,0.36
lux,2075,0.36
lux,2080,0.35
lux,2085,0.34
lux,2090,0.33
lux,2095,0.32
lux,2100,0.31
lva,2010,0.48
lva,2015,0.5
lva,2020,0.51
lva,2025,0.51
lva,2030,0.51
lva,2035,0.5
lva,2040,0.49
lva,2045,0.48
lva,2050,0.46
lva,2055,0.44
lva,2060,0.42
lva,2065,0.41
lva,2070,0.4
lva,2075,0.39
lva,2080,0.37
lva,2085,0.36
lva,2090,0.34
lva,2095,0.32
lva,2100,0.31
mac,2010,0.21
mac,2015,0.22
mac,2020,0.24
mac,2025,0.26
mac,2030,0.27
mac,2035,0.28
mac,2040,0.29
mac,2045,0.29
mac,2050,0.28
mac,2055,0.27
mac,2060,0.26
mac,2065,0.25
mac,2070,0.24
mac,2075,0.23
mac,2080,0.22
mac,2085,0.21
mac,2090,0.2
mac,2095,0.19
mac,2100,0.19
mar,2010,0.05
mar,2015,0.05
mar,2020,0.07
mar,2025,0.08
mar,2030,0.1
mar,2035,0.13
mar,2040,0.16
mar,2045,0.19
mar,2050,0.23
mar,2055,0.26
mar,2060,0.3
mar,2065,0.33
mar,2070,0.36
mar,2075,0.38
mar,2080,0.4
mar,2085,0.41
mar,2090,0.42
mar,2095,0.43
mar,2100,0.43
mda,2010,0.55
mda,2015,0.58
mda,2020,0.6
mda,2025,0.61
mda,2030,0.62
mda,2035,0.63
mda,2040,0.65
mda,2045,0.66
mda,2050,0.68
mda,2055,0.69
mda,2060,0.69
mda,2065,0.7
mda,2070,0.7
mda,2075,0.69
mda,2080,0.69
mda,2085,0.68
mda,2090,0.67
mda,2095,0.66
mda,2100,0.64
mdg,2010,0.03
mdg,2015,0.03
mdg,2020,0.03
mdg,2025,0.03
mdg,2030,0.03
mdg,2035,0.03
mdg,2040,0.03
mdg,2045,0.04
mdg,2050,0.04
mdg,2055,0.05
mdg,2060,0.06
mdg,2065,0.08
mdg,2070,0.09
mdg,2075,0.11
mdg,2080,0.12
mdg,2085,0.15
mdg,2090,0.17
mdg,2095,0.2
mdg,2100,0.22
mdv,2010,0
mdv,2015,0
mdv,2020,0.01
mdv,2025,0.02
mdv,2030,0.03
mdv,2035,0.05
mdv,2040,0.06
mdv,2045,0.08
mdv,2050,0.1
mdv,2055,0.13
mdv,2060,0.17
mdv,2065,0.2
mdv,2070,0.23
mdv,2075,0.26
mdv,2080,0.28
mdv,2085,0.31
mdv,2090,0.34
mdv,2095,0.36
mdv,2100,0.38
mex,2010,0.1
mex,2015,0.12
mex,2020,0.13
mex,2025,0.15
mex,2030,0.17
mex,2035,0.19
mex,2040,0.22
mex,2045,0.24
mex,2050,0.27
mex,2055,0.29
mex,2060,0.31
mex,2065,0.33
mex,2070,0.34
mex,2075,0.35
mex,2080,0.36
mex,2085,0.37
mex,2090,0.37
mex,2095,0.37
mex,2100,0.36
mkd,2010,0.35
mkd,2015,0.38
mkd,2020,0.41
mkd,2025,0.44
mkd,2030,0.48
mkd,2035,0.51
mkd,2040,0.54
mkd,2045,0.59
mkd,2050,0.62
mkd,2055,0.64
mkd,2060,0.66
mkd,2065,0.67
mkd,2070,0.68
mkd,2075,0.68
mkd,2080,0.68
mkd,2085,0.68
mkd,2090,0.67
mkd,2095,0.66
mkd,2100,0.64
mli,2010,0.01
mli,2015,0.02
mli,2020,0.02
mli,2025,0.03
mli,2030,0.04
mli,2035,0.06
mli,2040,0.08
mli,2045,0.1
mli,2050,0.12
mli,2055,0.15
mli,2060,0.18
mli,2065,0.21
mli,2070,0.25
mli,2075,0.28
mli,2080,0.32
mli,2085,0.36
mli,2090,0.4
mli,2095,0.44
mli,2100,0.47
mlt,2010,0.05
mlt,2015,0.06
mlt,2020,0.08
mlt,2025,0.1
mlt,2030,0.12
mlt,2035,0.14
mlt,2040,0.16
mlt,2045,0.17
mlt,2050,0.18
mlt,2055,0.19
mlt,2060,0.19
mlt,2065,0.19
mlt,2070,0.19
mlt,2075,0.19
mlt,2080,0.19
mlt,2085,0.19
mlt,2090,0.19
mlt,2095,0.19
mlt,2100,0.19
mmr,2010,0.08
mmr,2015,0.08
mmr,2020,0.09
mmr,2025,0.11
mmr,2030,0.12
mmr,2035,0.14
mmr,2040,0.15
mmr,2045,0.16
mmr,2050,0.16
mmr,2055,0.17
mmr,2060,0.18
mmr,2065,0.19
mmr,2070,0.2
mmr,2075,0.21
mmr,2080,0.22
mmr,2085,0.23
mmr,2090,0.24
mmr,2095,0.25
mmr,2100,0.26
mne,2010,0.49
mne,2015,0.54
mne,2020,0.59
mne,2025,0.62
mne,2030,0.64
mne,2035,0.65
mne,2040,0.67
mne,2045,0.67
mne,2050,0.67
mne,2055,0.67
mne,2060,0.66
mne,2065,0.65
mne,2070,0.65
mne,2075,0.64
mne,2080,0.64
mne,2085,0.62
mne,2090,0.61
mne,2095,0.59
mne,2100,0.58
mng,2010,0.49
mng,2015,0.55
mng,2020,0.59
mng,2025,0.64
mng,2030,0.68
mng,2035,0.7
mng,2040,0.71
mng,2045,0.72
mng,2050,0.72
mng,2055,0.72
mng,2060,0.71
mng,2065,0.71
mng,2070,0.71
mng,2075,0.7
mng,2080,0.7
mng,2085,0.69
mng,2090,0.68
mng,2095,0.67
mng,2100,0.66
moz,2010,0.01
moz,2015,0.02
moz,2020,0.02
moz,2025,0.03
moz,2030,0.04
moz,2035,0.05
moz,2040,0.07
moz,2045,0.08
moz,2050,0.1
moz,2055,0.12
moz,2060,0.14
moz,2065,0.16
moz,2070,0.19
moz,2075,0.22
moz,2080,0.25
moz,2085,0.28
moz,2090,0.32
moz,2095,0.35
moz,2100,0.39
mus,2010,0.05
mus,2015,0.07
mus,2020,0.09
mus,2025,0.12
mus,2030,0.16
mus,2035,0.2
mus,2040,0.23
mus,2045,0.27
mus,2050,0.31
mus,2055,0.35
mus,2060,0.39
mus,2065,0.42
mus,2070,0.46
mus,2075,0.49
mus,2080,0.52
mus,2085,0.55
mus,2090,0.58
mus,2095,0.6
mus,2100,0.62
mwi,2010,0.02
mwi,2015,0.03
mwi,2020,0.05
mwi,2025,0.07
mwi,2030,0.1
mwi,2035,0.13
mwi,2040,0.16
mwi,2045,0.2
mwi,2050,0.24
mwi,2055,0.28
mwi,2060,0.32
mwi,2065,0.37
mwi,2070,0.42
mwi,2075,0.47
mwi,2080,0.51
mwi,2085,0.55
mwi,2090,0.59
mwi,2095,0.62
mwi,2100,0.64
mys,2010,0.29
mys,2015,0.35
mys,2020,0.4
mys,2025,0.44
mys,2030,0.47
mys,2035,0.49
mys,2040,0.49
mys,2045,0.5
mys,2050,0.49
mys,2055,0.47
mys,2060,0.45
mys,2065,0.43
mys,2070,0.41
mys,2075,0.39
mys,2080,0.37
mys,2085,0.35
mys,2090,0.32
mys,2095,0.3
mys,2100,0.28
nam,2010,0.11
nam,2015,0.14
nam,2020,0.17
nam,2025,0.21
nam,2030,0.26
nam,2035,0.3
nam,2040,0.33
nam,2045,0.37
nam,2050,0.41
nam,2055,0.44
nam,2060,0.48
nam,2065,0.51
nam,2070,0.54
nam,2075,0.56
nam,2080,0.58
nam,2085,0.6
nam,2090,0.61
nam,2095,0.61
nam,2100,0.61
ncl,2010,0.25
ncl,2015,0.29
ncl,2020,0.34
ncl,2025,0.38
ncl,2030,0.41
ncl,2035,0.42
ncl,2040,0.43
ncl,2045,0.44
ncl,2050,0.43
ncl,2055,0.42
ncl,2060,0.4
ncl,2065,0.39
ncl,2070,0.38
ncl,2075,0.37
ncl,2080,0.35
ncl,2085,0.34
ncl,2090,0.32
ncl,2095,0.3
ncl,2100,0.29
ner,2010,0
ner,2015,0
ner,2020,0.01
ner,2025,0.01
ner,2030,0.01
ner,2035,0.02
ner,2040,0.03
ner,2045,0.04
ner,2050,0.05
ner,2055,0.07
ner,2060,0.08
ner,2065,0.1
ner,2070,0.13
ner,2075,0.15
ner,2080,0.18
ner,2085,0.21
ner,2090,0.24
ner,2095,0.27
ner,2100,0.3
nga,2010,0.07
nga,2015,0.11
nga,2020,0.14
nga,2025,0.18
nga,2030,0.22
nga,2035,0.26
nga,2040,0.31
nga,2045,0.35
nga,2050,0.38
nga,2055,0.41
nga,2060,0.43
nga,2065,0.44
nga,2070,0.44
nga,2075,0.44
nga,2080,0.43
nga,2085,0.42
nga,2090,0.4
nga,2095,0.39
nga,2100,0.37
nic,2010,0.11
nic,2015,0.12
nic,2020,0.14
nic,2025,0.17
nic,2030,0.19
nic,2035,0.21
nic,2040,0.24
nic,2045,0.27
nic,2050,0.29
nic,2055,0.32
nic,2060,0.34
nic,2065,0.36
nic,2070,0.38
nic,2075,0.39
nic,2080,0.41
nic,2085,0.42
nic,2090,0.43
nic,2095,0.43
nic,2100,0.43
nld,2010,0.38
nld,2015,0.41
nld,2020,0.44
nld,2025,0.46
nld,2030,0.46
nld,2035,0.47
nld,2040,0.46
nld,2045,0.46
nld,2050,0.45
nld,2055,0.44
nld,2060,0.43
nld,2065,0.42
nld,2070,0.41
nld,2075,0.4
nld,2080,0.38
nld,2085,0.37
nld,2090,0.36
nld,2095,0.34
nld,2100,0.33
nor,2010,0.44
nor,2015,0.41
nor,2020,0.37
nor,2025,0.35
nor,2030,0.33
nor,2035,0.3
nor,2040,0.28
nor,2045,0.27
nor,2050,0.26
nor,2055,0.25
nor,2060,0.25
nor,2065,0.25
nor,2070,0.25
nor,2075,0.25
nor,2080,0.25
nor,2085,0.25
nor,2090,0.24
nor,2095,0.24
nor,2100,0.23
npl,2010,0.06
npl,2015,0.09
npl,2020,0.13
npl,2025,0.19
npl,2030,0.24
npl,2035,0.31
npl,2040,0.37
npl,2045,0.42
npl,2050,0.47
npl,2055,0.52
npl,2060,0.57
npl,2065,0.61
npl,2070,0.63
npl,2075,0.65
npl,2080,0.67
npl,2085,0.67
npl,2090,0.67
npl,2095,0.67
npl,2100,0.66
nzl,2010,0.45
nzl,2015,0.47
nzl,2020,0.48
nzl,2025,0.49
nzl,2030,0.49
nzl,2035,0.49
nzl,2040,0.48
nzl,2045,0.47
nzl,2050,0.46
nzl,2055,0.44
nzl,2060,0.43
nzl,2065,0.41
nzl,2070,0.39
nzl,2075,0.38
nzl,2080,0.36
nzl,2085,0.34
nzl,2090,0.33
nzl,2095,0.31
nzl,2100,0.29
pak,2010,0.06
pak,2015,0.08
pak,2020,0.1
pak,2025,0.13
pak,2030,0.16
pak,2035,0.19
pak,2040,0.23
pak,2045,0.26
pak,2050,0.3
pak,2055,0.34
pak,2060,0.38
pak,2065,0.42
pak,2070,0.45
pak,2075,0.48
pak,2080,0.51
pak,2085,0.53
pak,2090,0.55
pak,2095,0.57
pak,2100,0.58
pan,2010,0.24
pan,2015,0.25
pan,2020,0.26
pan,2025,0.27
pan,2030,0.28
pan,2035,0.29
pan,2040,0.3
pan,2045,0.31
pan,2050,0.32
pan,2055,0.33
pan,2060,0.34
pan,2065,0.35
pan,2070,0.35
pan,2075,0.35
pan,2080,0.36
pan,2085,0.35
pan,2090,0.35
pan,2095,0.34
pan,2100,0.33
per,2010,0.25
per,2015,0.28
per,2020,0.3
per,2025,0.33
per,2030,0.35
per,2035,0.37
per,2040,0.39
per,2045,0.4
per,2050,0.41
per,2055,0.42
per,2060,0.42
per,2065,0.42
per,2070,0.42
per,2075,0.41
per,2080,0.4
per,2085,0.39
per,2090,0.38
per,2095,0.36
per,2100,0.34
phl,2010,0.24
phl,2015,0.26
phl,2020,0.29
phl,2025,0.32
phl,2030,0.34
phl,2035,0.35
phl,2040,0.36
phl,2045,0.36
phl,2050,0.36
phl,2055,0.36
phl,2060,0.35
phl,2065,0.35
phl,2070,0.34
phl,2075,0.33
phl,2080,0.32
phl,2085,0.31
phl,2090,0.3
phl,2095,0.28
phl,2100,0.27
pol,2010,0.63
pol,2015,0.64
pol,2020,0.64
pol,2025,0.63
pol,2030,0.61
pol,2035,0.6
pol,2040,0.6
pol,2045,0.59
pol,2050,0.58
pol,2055,0.56
pol,2060,0.55
pol,2065,0.54
pol,2070,0.53
pol,2075,0.53
pol,2080,0.52
pol,2085,0.5
pol,2090,0.49
pol,2095,0.47
pol,2100,0.45
pri,2010,0.43
pri,2015,0.43
pri,2020,0.43
pri,2025,0.43
pri,2030,0.42
pri,2035,0.4
pri,2040,0.39
pri,2045,0.37
pri,2050,0.35
pri,2055,0.33
pri,2060,0.32
pri,2065,0.31
pri,2070,0.3
pri,2075,0.29
pri,2080,0.27
pri,2085,0.26
pri,2090,0.25
pri,2095,0.24
pri,2100,0.23
prt,2010,0.13
prt,2015,0.17
prt,2020,0.21
prt,2025,0.24
prt,2030,0.28
prt,2035,0.32
prt,2040,0.34
prt,2045,0.36
prt,2050,0.38
prt,2055,0.39
prt,2060,0.4
prt,2065,0.41
prt,2070,0.42
prt,2075,0.42
prt,2080,0.42
prt,2085,0.43
prt,2090,0.42
prt,2095,0.42
prt,2100,0.41
pry,2010,0.11
pry,2015,0.12
pry,2020,0.14
pry,2025,0.17
pry,2030,0.19
pry,2035,0.21
pry,2040,0.23
pry,2045,0.25
pry,2050,0.27
pry,2055,0.29
pry,2060,0.31
pry,2065,0.33
pry,2070,0.35
pry,2075,0.37
pry,2080,0.38
pry,2085,0.39
pry,2090,0.4
pry,2095,0.4
pry,2100,0.4
pse,2010,0.11
pse,2015,0.14
pse,2020,0.17
pse,2025,0.2
pse,2030,0.23
pse,2035,0.27
pse,2040,0.3
pse,2045,0.32
pse,2050,0.33
pse,2055,0.34
pse,2060,0.34
pse,2065,0.34
pse,2070,0.33
pse,2075,0.31
pse,2080,0.3
pse,2085,0.28
pse,2090,0.27
pse,2095,0.25
pse,2100,0.24
pyf,2010,0.33
pyf,2015,0.37
pyf,2020,0.4
pyf,2025,0.43
pyf,2030,0.45
pyf,2035,0.47
pyf,2040,0.49
pyf,2045,0.5
pyf,2050,0.5
pyf,2055,0.5
pyf,2060,0.49
pyf,2065,0.49
pyf,2070,0.49
pyf,2075,0.48
pyf,2080,0.47
pyf,2085,0.46
pyf,2090,0.45
pyf,2095,0.44
pyf,2100,0.42
qat,2010,0.16
qat,2015,0.17
qat,2020,0.2
qat,2025,0.22
qat,2030,0.23
qat,2035,0.25
qat,2040,0.26
qat,2045,0.27
qat,2050,0.28
qat,2055,0.28
qat,2060,0.29
qat,2065,0.3
qat,2070,0.3
qat,2075,0.31
qat,2080,0.32
qat,2085,0.33
qat,2090,0.34
qat,2095,0.35
qat,2100,0.36
rou,2010,0.48
rou,2015,0.53
rou,2020,0.58
rou,2025,0.61
rou,2030,0.64
rou,2035,0.66
rou,2040,0.69
rou,2045,0.71
rou,2050,0.72
rou,2055,0.73
rou,2060,0.73
rou,2065,0.73
rou,2070,0.73
rou,2075,0.72
rou,2080,0.71
rou,2085,0.7
rou,2090,0.69
rou,2095,0.67
rou,2100,0.65
rus,2010,0.71
rus,2015,0.72
rus,2020,0.71
rus,2025,0.71
rus,2030,0.7
rus,2035,0.7
rus,2040,0.69
rus,2045,0.68
rus,2050,0.67
rus,2055,0.66
rus,2060,0.64
rus,2065,0.64
rus,2070,0.63
rus,2075,0.62
rus,2080,0.61
rus,2085,0.59
rus,2090,0.57
rus,2095,0.55
rus,2100,0.54
rwa,2010,0.02
rwa,2015,0.02
rwa,2020,0.03
rwa,2025,0.05
rwa,2030,0.06
rwa,2035,0.08
rwa,2040,0.1
rwa,2045,0.12
rwa,2050,0.15
rwa,2055,0.19
rwa,2060,0.23
rwa,2065,0.26
rwa,2070,0.3
rwa,2075,0.35
rwa,2080,0.39
rwa,2085,0.44
rwa,2090,0.48
rwa,2095,0.52
rwa,2100,0.55
sau,2010,0.08
sau,2015,0.12
sau,2020,0.15
sau,2025,0.19
sau,2030,0.22
sau,2035,0.24
sau,2040,0.26
sau,2045,0.27
sau,2050,0.27
sau,2055,0.27
sau,2060,0.26
sau,2065,0.25
sau,2070,0.24
sau,2075,0.23
sau,2080,0.21
sau,2085,0.2
sau,2090,0.19
sau,2095,0.18
sau,2100,0.18
sdn,2010,0.05
sdn,2015,0.06
sdn,2020,0.07
sdn,2025,0.09
sdn,2030,0.12
sdn,2035,0.15
sdn,2040,0.18
sdn,2045,0.22
sdn,2050,0.26
sdn,2055,0.3
sdn,2060,0.33
sdn,2065,0.37
sdn,2070,0.4
sdn,2075,0.43
sdn,2080,0.46
sdn,2085,0.48
sdn,2090,0.49
sdn,2095,0.5
sdn,2100,0.51
sen,2010,0.02
sen,2015,0.02
sen,2020,0.03
sen,2025,0.03
sen,2030,0.04
sen,2035,0.05
sen,2040,0.06
sen,2045,0.08
sen,2050,0.1
sen,2055,0.12
sen,2060,0.14
sen,2065,0.16
sen,2070,0.19
sen,2075,0.22
sen,2080,0.25
sen,2085,0.28
sen,2090,0.32
sen,2095,0.35
sen,2100,0.37
sgp,2010,0.27
sgp,2015,0.26
sgp,2020,0.24
sgp,2025,0.2
sgp,2030,0.16
sgp,2035,0.13
sgp,2040,0.12
sgp,2045,0.11
sgp,2050,0.11
sgp,2055,0.11
sgp,2060,0.11
sgp,2065,0.1
sgp,2070,0.1
sgp,2075,0.1
sgp,2080,0.1
sgp,2085,0.1
sgp,2090,0.1
sgp,2095,0.1
sgp,2100,0.1
sle,2010,0.03
sle,2015,0.04
sle,2020,0.05
sle,2025,0.05
sle,2030,0.06
sle,2035,0.07
sle,2040,0.09
sle,2045,0.1
sle,2050,0.12
sle,2055,0.14
sle,2060,0.16
sle,2065,0.19
sle,2070,0.22
sle,2075,0.25
sle,2080,0.27
sle,2085,0.3
sle,2090,0.33
sle,2095,0.36
sle,2100,0.39
slv,2010,0.11
slv,2015,0.13
slv,2020,0.16
slv,2025,0.19
slv,2030,0.21
slv,2035,0.24
slv,2040,0.27
slv,2045,0.3
slv,2050,0.32
slv,2055,0.34
slv,2060,0.37
slv,2065,0.39
slv,2070,0.4
slv,2075,0.41
slv,2080,0.42
slv,2085,0.43
slv,2090,0.43
slv,2095,0.43
slv,2100,0.42
som,2010,0.04
som,2015,0.04
som,2020,0.06
som,2025,0.07
som,2030,0.09
som,2035,0.11
som,2040,0.13
som,2045,0.17
som,2050,0.21
som,2055,0.24
som,2060,0.28
som,2065,0.32
som,2070,0.36
som,2075,0.4
som,2080,0.44
som,2085,0.47
som,2090,0.5
som,2095,0.52
som,2100,0.54
srb,2010,0.48
srb,2015,0.53
srb,2020,0.59
srb,2025,0.62
srb,2030,0.64
srb,2035,0.66
srb,2040,0.67
srb,2045,0.68
srb,2050,0.68
srb,2055,0.68
srb,2060,0.67
srb,2065,0.67
srb,2070,0.67
srb,2075,0.66
srb,2080,0.65
srb,2085,0.64
srb,2090,0.63
srb,2095,0.61
srb,2100,0.59
stp,2010,0.02
stp,2015,0.02
stp,2020,0.03
stp,2025,0.04
stp,2030,0.05
stp,2035,0.06
stp,2040,0.07
stp,2045,0.09
stp,2050,0.1
stp,2055,0.12
stp,2060,0.13
stp,2065,0.15
stp,2070,0.17
stp,2075,0.19
stp,2080,0.22
stp,2085,0.24
stp,2090,0.27
stp,2095,0.3
stp,2100,0.33
sur,2010,0.15
sur,2015,0.16
sur,2020,0.18
sur,2025,0.21
sur,2030,0.23
sur,2035,0.26
sur,2040,0.29
sur,2045,0.32
sur,2050,0.35
sur,2055,0.38
sur,2060,0.41
sur,2065,0.43
sur,2070,0.46
sur,2075,0.49
sur,2080,0.51
sur,2085,0.54
sur,2090,0.56
sur,2095,0.57
sur,2100,0.58
svk,2010,0.68
svk,2015,0.71
svk,2020,0.75
svk,2025,0.77
svk,2030,0.77
svk,2035,0.77
svk,2040,0.76
svk,2045,0.75
svk,2050,0.74
svk,2055,0.73
svk,2060,0.71
svk,2065,0.7
svk,2070,0.69
svk,2075,0.67
svk,2080,0.66
svk,2085,0.64
svk,2090,0.62
svk,2095,0.6
svk,2100,0.58
svn,2010,0.55
svn,2015,0.57
svn,2020,0.59
svn,2025,0.6
svn,2030,0.6
svn,2035,0.6
svn,2040,0.59
svn,2045,0.58
svn,2050,0.57
svn,2055,0.56
svn,2060,0.56
svn,2065,0.55
svn,2070,0.55
svn,2075,0.54
svn,2080,0.54
svn,2085,0.53
svn,2090,0.51
svn,2095,0.5
svn,2100,0.48
swe,2010,0.48
swe,2015,0.47
swe,2020,0.44
swe,2025,0.42
swe,2030,0.39
swe,2035,0.36
swe,2040,0.35
swe,2045,0.34
swe,2050,0.33
swe,2055,0.32
swe,2060,0.31
swe,2065,0.3
swe,2070,0.29
swe,2075,0.28
swe,2080,0.27
swe,2085,0.26
swe,2090,0.25
swe,2095,0.24
swe,2100,0.23
swz,2010,0.08
swz,2015,0.11
swz,2020,0.16
swz,2025,0.21
swz,2030,0.28
swz,2035,0.34
swz,2040,0.39
swz,2045,0.43
swz,2050,0.46
swz,2055,0.49
swz,2060,0.52
swz,2065,0.54
swz,2070,0.55
swz,2075,0.55
swz,2080,0.55
swz,2085,0.54
swz,2090,0.53
swz,2095,0.51
swz,2100,0.49
syr,2010,0.05
syr,2015,0.06
syr,2020,0.08
syr,2025,0.09
syr,2030,0.11
syr,2035,0.13
syr,2040,0.15
syr,2045,0.17
syr,2050,0.19
syr,2055,0.21
syr,2060,0.23
syr,2065,0.25
syr,2070,0.27
syr,2075,0.28
syr,2080,0.29
syr,2085,0.31
syr,2090,0.32
syr,2095,0.32
syr,2100,0.33
tcd,2010,0
tcd,2015,0
tcd,2020,0.01
tcd,2025,0.01
tcd,2030,0.02
tcd,2035,0.03
tcd,2040,0.04
tcd,2045,0.06
tcd,2050,0.08
tcd,2055,0.1
tcd,2060,0.13
tcd,2065,0.17
tcd,2070,0.2
tcd,2075,0.24
tcd,2080,0.28
tcd,2085,0.32
tcd,2090,0.36
tcd,2095,0.4
tcd,2100,0.44
tha,2010,0.06
tha,2015,0.08
tha,2020,0.11
tha,2025,0.15
tha,2030,0.18
tha,2035,0.22
tha,2040,0.25
tha,2045,0.28
tha,2050,0.3
tha,2055,0.31
tha,2060,0.33
tha,2065,0.34
tha,2070,0.34
tha,2075,0.35
tha,2080,0.35
tha,2085,0.34
tha,2090,0.34
tha,2095,0.33
tha,2100,0.32
tjk,2010,0.65
tjk,2015,0.69
tjk,2020,0.7
tjk,2025,0.71
tjk,2030,0.72
tjk,2035,0.73
tjk,2040,0.75
tjk,2045,0.76
tjk,2050,0.77
tjk,2055,0.78
tjk,2060,0.78
tjk,2065,0.77
tjk,2070,0.76
tjk,2075,0.75
tjk,2080,0.73
tjk,2085,0.71
tjk,2090,0.7
tjk,2095,0.68
tjk,2100,0.66
tkm,2010,0.77
tkm,2015,0.81
tkm,2020,0.83
tkm,2025,0.84
tkm,2030,0.85
tkm,2035,0.85
tkm,2040,0.84
tkm,2045,0.83
tkm,2050,0.82
tkm,2055,0.81
tkm,2060,0.8
tkm,2065,0.79
tkm,2070,0.77
tkm,2075,0.76
tkm,2080,0.75
tkm,2085,0.73
tkm,2090,0.71
tkm,2095,0.69
tkm,2100,0.67
tls,2010,0.04
tls,2015,0.07
tls,2020,0.11
tls,2025,0.17
tls,2030,0.24
tls,2035,0.31
tls,2040,0.39
tls,2045,0.45
tls,2050,0.51
tls,2055,0.56
tls,2060,0.6
tls,2065,0.63
tls,2070,0.64
tls,2075,0.65
tls,2080,0.65
tls,2085,0.64
tls,2090,0.63
tls,2095,0.61
tls,2100,0.6
ton,2010,0.1
ton,2015,0.13
ton,2020,0.15
ton,2025,0.17
ton,2030,0.19
ton,2035,0.22
ton,2040,0.25
ton,2045,0.27
ton,2050,0.3
ton,2055,0.32
ton,2060,0.34
ton,2065,0.36
ton,2070,0.38
ton,2075,0.39
ton,2080,0.41
ton,2085,0.42
ton,2090,0.42
ton,2095,0.43
ton,2100,0.43
tto,2010,0.15
tto,2015,0.18
tto,2020,0.22
tto,2025,0.26
tto,2030,0.3
tto,2035,0.34
tto,2040,0.37
tto,2045,0.4
tto,2050,0.44
tto,2055,0.47
tto,2060,0.5
tto,2065,0.53
tto,2070,0.56
tto,2075,0.58
tto,2080,0.6
tto,2085,0.62
tto,2090,0.64
tto,2095,0.65
tto,2100,0.65
tun,2010,0.06
tun,2015,0.08
tun,2020,0.1
tun,2025,0.11
tun,2030,0.14
tun,2035,0.16
tun,2040,0.18
tun,2045,0.2
tun,2050,0.23
tun,2055,0.25
tun,2060,0.27
tun,2065,0.28
tun,2070,0.29
tun,2075,0.3
tun,2080,0.3
tun,2085,0.3
tun,2090,0.29
tun,2095,0.28
tun,2100,0.28
tur,2010,0.1
tur,2015,0.12
tur,2020,0.16
tur,2025,0.2
tur,2030,0.24
tur,2035,0.29
tur,2040,0.33
tur,2045,0.37
tur,2050,0.41
tur,2055,0.44
tur,2060,0.47
tur,2065,0.49
tur,2070,0.51
tur,2075,0.52
tur,2080,0.53
tur,2085,0.53
tur,2090,0.52
tur,2095,0.52
tur,2100,0.5
tza,2010,0.01
tza,2015,0.01
tza,2020,0.01
tza,2025,0.02
tza,2030,0.03
tza,2035,0.04
tza,2040,0.05
tza,2045,0.07
tza,2050,0.09
tza,2055,0.11
tza,2060,0.13
tza,2065,0.15
tza,2070,0.18
tza,2075,0.2
tza,2080,0.23
tza,2085,0.26
tza,2090,0.29
tza,2095,0.32
tza,2100,0.35
uga,2010,0.01
uga,2015,0.01
uga,2020,0.01
uga,2025,0.02
uga,2030,0.03
uga,2035,0.04
uga,2040,0.05
uga,2045,0.06
uga,2050,0.08
uga,2055,0.1
uga,2060,0.13
uga,2065,0.15
uga,2070,0.18
uga,2075,0.21
uga,2080,0.24
uga,2085,0.28
uga,2090,0.31
uga,2095,0.34
uga,2100,0.37
ukr,2010,0.72
ukr,2015,0.73
ukr,2020,0.73
ukr,2025,0.73
ukr,2030,0.73
ukr,2035,0.72
ukr,2040,0.72
ukr,2045,0.71
ukr,2050,0.69
ukr,2055,0.68
ukr,2060,0.67
ukr,2065,0.66
ukr,2070,0.65
ukr,2075,0.64
ukr,2080,0.62
ukr,2085,0.61
ukr,2090,0.59
ukr,2095,0.57
ukr,2100,0.55
ury,2010,0.14
ury,2015,0.15
ury,2020,0.15
ury,2025,0.16
ury,2030,0.17
ury,2035,0.18
ury,2040,0.19
ury,2045,0.21
ury,2050,0.22
ury,2055,0.23
ury,2060,0.25
ury,2065,0.26
ury,2070,0.27
ury,2075,0.29
ury,2080,0.3
ury,2085,0.31
ury,2090,0.32
ury,2095,0.33
ury,2100,0.34
usa,2010,0.52
usa,2015,0.51
usa,2020,0.49
usa,2025,0.47
usa,2030,0.45
usa,2035,0.44
usa,2040,0.42
usa,2045,0.41
usa,2050,0.4
usa,2055,0.39
usa,2060,0.39
usa,2065,0.38
usa,2070,0.38
usa,2075,0.37
usa,2080,0.36
usa,2085,0.35
usa,2090,0.34
usa,2095,0.33
usa,2100,0.32
vct,2010,0.15
vct,2015,0.18
vct,2020,0.21
vct,2025,0.25
vct,2030,0.29
vct,2035,0.32
vct,2040,0.35
vct,2045,0.37
vct,2050,0.4
vct,2055,0.42
vct,2060,0.44
vct,2065,0.45
vct,2070,0.46
vct,2075,0.48
vct,2080,0.48
vct,2085,0.49
vct,2090,0.5
vct,2095,0.5
vct,2100,0.5
ven,2010,0.17
ven,2015,0.19
ven,2020,0.2
ven,2025,0.22
ven,2030,0.23
ven,2035,0.24
ven,2040,0.25
ven,2045,0.26
ven,2050,0.27
ven,2055,0.28
ven,2060,0.29
ven,2065,0.3
ven,2070,0.3
ven,2075,0.31
ven,2080,0.32
ven,2085,0.32
ven,2090,0.33
ven,2095,0.32
ven,2100,0.32
vnm,2010,0.08
vnm,2015,0.09
vnm,2020,0.1
vnm,2025,0.11
vnm,2030,0.13
vnm,2035,0.16
vnm,2040,0.18
vnm,2045,0.22
vnm,2050,0.25
vnm,2055,0.27
vnm,2060,0.3
vnm,2065,0.33
vnm,2070,0.35
vnm,2075,0.37
vnm,2080,0.39
vnm,2085,0.41
vnm,2090,0.43
vnm,2095,0.45
vnm,2100,0.46
vut,2010,0.06
vut,2015,0.07
vut,2020,0.08
vut,2025,0.1
vut,2030,0.13
vut,2035,0.15
vut,2040,0.18
vut,2045,0.21
vut,2050,0.25
vut,2055,0.28
vut,2060,0.31
vut,2065,0.35
vut,2070,0.39
vut,2075,0.42
vut,2080,0.46
vut,2085,0.49
vut,2090,0.53
vut,2095,0.56
vut,2100,0.58
wld,2010,0.21
wld,2015,0.21
wld,2020,0.23
wld,2025,0.24
wld,2030,0.25
wld,2035,0.27
wld,2040,0.29
wld,2045,0.31
wld,2050,0.33
wld,2055,0.35
wld,2060,0.37
wld,2065,0.39
wld,2070,0.4
wld,2075,0.41
wld,2080,0.42
wld,2085,0.43
wld,2090,0.43
wld,2095,0.43
wld,2100,0.43
wsm,2010,0.06
wsm,2015,0.08
wsm,2020,0.11
wsm,2025,0.13
wsm,2030,0.16
wsm,2035,0.18
wsm,2040,0.21
wsm,2045,0.23
wsm,2050,0.25
wsm,2055,0.27
wsm,2060,0.28
wsm,2065,0.3
wsm,2070,0.32
wsm,2075,0.34
wsm,2080,0.35
wsm,2085,0.36
wsm,2090,0.38
wsm,2095,0.39
wsm,2100,0.39
zaf,2010,0.21
zaf,2015,0.25
zaf,2020,0.3
zaf,2025,0.36
zaf,2030,0.41
zaf,2035,0.45
zaf,2040,0.49
zaf,2045,0.53
zaf,2050,0.56
zaf,2055,0.59
zaf,2060,0.62
zaf,2065,0.65
zaf,2070,0.68
zaf,2075,0.7
zaf,2080,0.71
zaf,2085,0.73
zaf,2090,0.74
zaf,2095,0.74
zaf,2100,0.74
zmb,2010,0.03
zmb,2015,0.04
zmb,2020,0.06
zmb,2025,0.08
zmb,2030,0.1
zmb,2035,0.13
zmb,2040,0.15
zmb,2045,0.19
zmb,2050,0.22
zmb,2055,0.26
zmb,2060,0.29
zmb,2065,0.33
zmb,2070,0.37
zmb,2075,0.41
zmb,2080,0.44
zmb,2085,0.47
zmb,2090,0.5
zmb,2095,0.52
zmb,2100,0.54
zwe,2010,0.14
zwe,2015,0.2
zwe,2020,0.33
zwe,2025,0.47
zwe,2030,0.56
zwe,2035,0.62
zwe,2040,0.67
zwe,2045,0.72
zwe,2050,0.76
zwe,2055,0.79
zwe,2060,0.8
zwe,2065,0.81
zwe,2070,0.8
zwe,2075,0.79
zwe,2080,0.78
zwe,2085,0.76
zwe,2090,0.74
zwe,2095,0.73
zwe,2100,0.71
