country,year,uis_repr_1_g3
abw,1999,8.20444011688232
abw,2000,8.64459991455078
abw,2001,8.83862018585205
abw,2002,8.98462009429932
abw,2003,9.19888019561768
abw,2004,8.06569004058838
abw,2005,8.25833988189697
abw,2006,8.85393047332764
abw,2007,7.42573976516724
abw,2008,5.53767013549805
abw,2009,7.15250015258789
abw,2013,5.90638017654419
afg,1974,23.3709506988525
afg,1977,27.4600391387939
afg,1978,27.0430908203125
afg,1980,12.6322402954102
afg,1981,2.30175995826721
afg,1982,10.6651802062988
afg,1984,4.99973011016846
afg,1985,4.99840021133423
afg,1993,8.99985980987549
ago,1981,24.9167709350586
ago,1982,26.2468795776367
ago,1991,31.1307201385498
ago,2008,11.5183095932007
ago,2009,11.5164203643799
alb,2000,3.03419995307922
alb,2003,1.51867997646332
alb,2006,0.883729994297028
alb,2007,0.776390016078949
alb,2008,0.802540004253387
alb,2009,0.563589990139008
alb,2010,0.521650016307831
alb,2011,0.43274998664856
alb,2012,0.414130002260208
alb,2013,0.507910013198853
and,2006,1.30514001846313
and,2007,0.508910000324249
and,2008,0.121069997549057
and,2009,0.509549975395203
and,2010,0.404859989881516
and,2011,0.68206000328064
are,1974,16.9317398071289
are,1975,17.1711597442627
are,1976,15.8113098144531
are,1977,12.9476003646851
are,1978,12.1663599014282
are,1979,13.2927703857422
are,1980,12.3718900680542
are,1981,11.6574802398682
are,1982,6.0968599319458
are,1983,4.63891983032227
are,1984,4.36534023284912
are,1985,5.14428997039795
are,1986,4.00591993331909
are,1987,4.59950017929077
are,1988,4.84450006484985
are,1989,4.74104976654053
are,1990,3.8682599067688
are,1991,3.51236009597778
are,1992,3.20065999031067
are,1993,2.75009989738464
are,1994,3.48796010017395
are,1995,3.46998000144959
are,1996,3.68303990364075
are,1997,3.23761010169983
are,1998,2.64636993408203
are,1999,2.5293300151825
are,2000,2.27188992500305
are,2001,2.28395009040833
are,2002,2.09635996818542
are,2003,1.84964001178741
are,2004,1.57929003238678
are,2005,1.77876996994019
are,2006,1.66133999824524
arg,1970,10.9259395599365
arg,1971,9.62730979919434
arg,1974,9.87942028045654
arg,1975,8.87547969818115
arg,1976,8.90279006958008
arg,1994,5.75679016113281
arg,1996,5.70448017120361
arg,1997,5.61453008651733
arg,1998,6.25505018234253
arg,1999,6.15696001052856
arg,2000,6.39067983627319
arg,2001,6.17586994171143
arg,2002,6.16611003875732
arg,2003,6.25545978546143
arg,2004,5.89265012741089
arg,2005,6.16033983230591
arg,2006,5.86288976669312
arg,2007,5.50615978240967
arg,2008,4.96508979797363
arg,2009,4.55592012405396
arg,2010,4.14796018600464
arg,2011,3.70762991905212
arg,2012,3.08358001708984
arm,1997,0.146050006151199
arm,2002,0.165639996528625
arm,2003,0.186210006475449
arm,2004,0.224959999322891
arm,2005,0.22987000644207
arm,2006,0.268350005149841
arm,2010,0.208759993314743
arm,2011,0.333849996328354
arm,2013,0.310600012540817
atg,2007,2.75914001464844
atg,2009,4.22669982910156
atg,2010,2.48211002349854
aut,1971,5.42052984237671
aut,1972,4.99895000457764
aut,1973,4.76112985610962
aut,1998,1.43997001647949
aut,2003,1.27472996711731
aut,2010,1.39783000946045
aut,2011,1.51792001724243
aut,2012,1.63438999652863
aut,2013,1.68559002876282
aze,1993,0.16202999651432
aze,1994,0.267569988965988
aze,1995,0.271979987621307
aze,1998,0.390799999237061
aze,1999,0.462669998407364
aze,2000,0.404559999704361
aze,2001,0.273019999265671
aze,2002,0.311969995498657
aze,2003,0.222440004348755
aze,2004,0.24015000462532
aze,2005,0.222509995102882
aze,2006,0.174280002713203
aze,2007,0.209450006484985
aze,2008,0.199699997901917
aze,2009,0.211689993739128
aze,2010,0.238869994878769
aze,2011,0.201790004968643
aze,2012,0.179879993200302
aze,2013,0.144040003418922
bdi,1971,19.8662605285645
bdi,1973,20.1528701782227
bdi,1975,24.6636600494385
bdi,1976,24.965950012207
bdi,1977,19.1868705749512
bdi,1978,20.9694309234619
bdi,1979,20.7849102020264
bdi,1980,20.9834499359131
bdi,1981,23.2987308502197
bdi,1982,22.8984203338623
bdi,1983,15.4469604492188
bdi,1984,13.244179725647
bdi,1985,10.2849197387695
bdi,1986,15.6512002944946
bdi,1987,15.5401496887207
bdi,1988,15.409779548645
bdi,1989,16.8491897583008
bdi,1990,15.9798603057861
bdi,1991,17.9870700836182
bdi,1992,18.2515907287598
bdi,1993,19.0130004882813
bdi,2000,22.8889808654785
bdi,2001,24.9757499694824
bdi,2002,24.8485202789307
bdi,2003,27.8956909179688
bdi,2004,29.0251998901367
bdi,2006,32.2733116149902
bdi,2007,32.3422698974609
bdi,2008,29.4394607543945
bdi,2009,30.8261108398438
bdi,2010,33.3240394592285
bdi,2011,29.536979675293
bdi,2012,25.5017108917236
bdi,2013,20.8066596984863
bel,1974,24.1464805603027
bel,1975,24.4997291564941
bel,1976,24.5735492706299
bel,1977,24.6598205566406
bel,1978,23.6708106994629
bel,1979,23.5101108551025
bel,1980,22.9858207702637
bel,1981,19.8617706298828
bel,1982,19.7099704742432
bel,1983,20.959529876709
bel,1984,18.6057205200195
bel,1985,17.82958984375
bel,1986,15.8668298721313
bel,1987,15.4746599197388
bel,1988,15.840950012207
bel,1991,16.1728706359863
bel,2005,2.78432989120483
bel,2006,2.83984994888306
bel,2007,3.0230700969696
bel,2008,3.01770997047424
bel,2009,3.01588988304138
bel,2012,2.53710007667542
bel,2013,2.49196004867554
ben,1971,16.9810600280762
ben,1972,16.1755790710449
ben,1973,18.9693908691406
ben,1974,20.125919342041
ben,1975,18.6501693725586
ben,1976,20
ben,1977,19.3271503448486
ben,1978,19.8309707641602
ben,1979,18.2292308807373
ben,1980,23.8433990478516
ben,1981,18.0656204223633
ben,1982,21.3398895263672
ben,1983,24.0755996704102
ben,1984,29.982479095459
ben,1985,27.7240905761719
ben,1986,26.5565605163574
ben,1987,27.5709095001221
ben,1988,26.9900093078613
ben,1989,27.3778991699219
ben,1990,26.0863399505615
ben,1991,21.9480895996094
ben,1992,21.352970123291
ben,1993,23.1637401580811
ben,1994,26.8430194854736
ben,1995,26.0267200469971
ben,1996,26.0616703033447
ben,1997,26.1946792602539
ben,2000,25.4558696746826
ben,2001,29.3303394317627
ben,2002,18.4575099945068
ben,2003,25.8122406005859
ben,2004,18.3500709533691
ben,2009,17.6235599517822
ben,2010,13.4347696304321
ben,2011,15.5967502593994
ben,2012,14.9106197357178
ben,2013,14.9134101867676
bfa,1971,14.6766300201416
bfa,1972,14.5101299285889
bfa,1973,15.4876098632813
bfa,1974,13.5202903747559
bfa,1975,14.2594604492188
bfa,1976,14.2285804748535
bfa,1977,17.0415000915527
bfa,1978,16.7140693664551
bfa,1979,15.4548101425171
bfa,1980,14.8255596160889
bfa,1981,14.6219501495361
bfa,1982,13.355580329895
bfa,1983,13.6799697875977
bfa,1984,13.9735097885132
bfa,1985,11.6712703704834
bfa,1987,12.6401100158691
bfa,1989,14.4915199279785
bfa,1990,15.8095703125
bfa,1991,14.917799949646
bfa,1992,13.8803300857544
bfa,1993,14.2370300292969
bfa,1996,14.5639400482178
bfa,1998,17.6163692474365
bfa,1999,17.1882305145264
bfa,2000,17.4032592773438
bfa,2001,17.4986305236816
bfa,2002,15.6069202423096
bfa,2003,13.4678201675415
bfa,2004,12.6667804718018
bfa,2005,11.8779201507568
bfa,2006,11.817569732666
bfa,2007,10.41565990448
bfa,2008,9.5390796661377
bfa,2009,8.86328029632568
bfa,2011,5.12347984313965
bfa,2012,3.91456007957459
bfa,2013,4.02347993850708
bgd,1976,15.2999601364136
bgd,1977,15.0305004119873
bgd,1981,16.4999504089355
bgd,1989,7.29998016357422
bgd,2008,16.1210899353027
bgd,2009,14.5825595855713
bgr,1971,4.49978017807007
bgr,1975,2.49265003204346
bgr,1976,1.28623998165131
bgr,1977,1.56082999706268
bgr,1978,1.45946002006531
bgr,1979,1.29475998878479
bgr,1980,1.34464001655579
bgr,1981,1.33238005638123
bgr,1982,1.32157003879547
bgr,1986,1.30855000019073
bgr,1987,1.37389004230499
bgr,1993,4.558189868927
bgr,1995,3.65077996253967
bgr,1996,3.3024799823761
bgr,1997,3.07925009727478
bgr,1998,2.8515100479126
bgr,1999,2.80036997795105
bgr,2000,1.97895002365112
bgr,2001,2.45100998878479
bgr,2002,2.07327008247375
bgr,2003,2.26464009284973
bgr,2004,2.09690999984741
bgr,2005,2.30722999572754
bgr,2006,2.08913993835449
bgr,2007,2.01210999488831
bgr,2008,1.62834000587463
bgr,2009,0.605189979076386
bgr,2010,0.205740004777908
bgr,2011,0.176129996776581
bgr,2012,0.0987000018358231
bgr,2013,0.0881099998950958
bhr,1983,12.1219596862793
bhr,1984,10.8046903610229
bhr,1985,7.86759996414185
bhr,1986,8.97622966766357
bhr,1987,9.77451038360596
bhr,1988,8.48779010772705
bhr,1989,7.79994010925293
bhr,1991,4.82475996017456
bhr,1992,4.17981004714966
bhr,1993,4.40505981445313
bhr,1994,4.80265998840332
bhr,1995,5.21161985397339
bhr,1996,5.2348198890686
bhr,1998,3.44625997543335
bhr,1999,3.97086000442505
bhr,2000,3.66514992713928
bhr,2001,3.66283988952637
bhr,2002,3.08380007743835
bhr,2003,3.13786005973816
bhr,2004,3.41675996780396
bhr,2008,1.86014997959137
bhr,2009,1.57257997989655
bhr,2010,2.95963001251221
bhr,2011,2.78232002258301
bhs,2009,3.66916990280151
bih,2009,0.0568200014531612
bih,2010,0.0614800006151199
bih,2011,0.0786100029945374
bih,2012,0.0809400007128716
bih,2013,0.164810001850128
blr,1979,0.351370006799698
blr,1980,0.210669994354248
blr,1981,0.208619996905327
blr,1982,0.275669991970062
blr,1983,0.207179993391037
blr,1984,0.27700999379158
blr,1985,0.345779985189438
blr,1986,0.422239989042282
blr,1992,0.771210014820099
blr,1995,0.694589972496033
blr,1996,0.631250023841858
blr,1997,0.573249995708466
blr,1998,0.234620004892349
blr,1999,0.256300002336502
blr,2000,0.197620004415512
blr,2001,0.0768000036478043
blr,2002,0.0798700004816055
blr,2003,0.0209299996495247
blr,2004,0.011629999615252
blr,2005,0.0113300001248717
blr,2006,0.0143400002270937
blr,2007,0.00784000009298325
blr,2008,0.00655000004917383
blr,2009,0.0120299998670816
blr,2010,0.0118899997323751
blr,2011,0.0100600002333522
blr,2012,0.0114500001072884
blr,2013,0.00454000011086464
blz,1992,5.93452978134155
blz,1995,9.71109008789063
blz,1996,9.53347015380859
blz,1999,9.06589984893799
blz,2000,8.13500022888184
blz,2005,10.5428304672241
blz,2006,8.47418022155762
blz,2007,7.52976989746094
blz,2008,8.38916015625
blz,2009,7.12387990951538
blz,2010,8.62386989593506
blz,2012,6.72231006622314
blz,2013,6.16350984573364
bol,1990,2.96060991287231
bol,1991,4.8947901725769
bol,1992,8.70619964599609
bol,1993,3.74486994743347
bol,1994,3.93764996528625
bol,1995,3.84608006477356
bol,1996,5.0890097618103
bol,1997,4.75873994827271
bol,1998,2.3938000202179
bol,1999,2.84975004196167
bol,2000,2.57031011581421
bol,2001,1.92910003662109
bol,2002,1.55443000793457
bol,2006,2.72779989242554
bol,2007,0.697589993476868
bol,2008,5.80341005325317
bol,2009,5.68745994567871
bol,2010,6.2440299987793
bol,2011,5.58559989929199
bol,2012,5.83359003067017
bra,1970,11.047869682312
bra,1971,10.0548000335693
bra,1972,10.9585199356079
bra,1973,11.5469398498535
bra,1974,10.5267095565796
bra,1975,10.3191995620728
bra,1976,12.9171800613403
bra,1977,14.0349197387695
bra,1978,14.9755697250366
bra,1979,13.968090057373
bra,1980,15.4922704696655
bra,1981,16.0952396392822
bra,1982,16.2217597961426
bra,1984,13.6181802749634
bra,1985,15.7131700515747
bra,1987,16.9703998565674
bra,1992,14.7560596466064
bra,1993,15.350079536438
bra,1994,15.6287403106689
bra,2000,16.0860004425049
bra,2001,15.4456596374512
bra,2002,14.9049501419067
bra,2003,15.4414196014404
brn,1976,4.62492990493774
brn,1977,3.99734997749329
brn,1978,5.11288022994995
brn,1982,8.57950019836426
brn,1983,6.14612007141113
brn,1984,7.50733995437622
brn,1986,8.51902961730957
brn,1991,10.3700304031372
brn,1993,7.52434015274048
brn,1994,7.1015100479126
brn,1995,6.4340500831604
brn,2003,0.908500015735626
brn,2004,0.954500019550323
brn,2005,0.31810000538826
brn,2006,0.763790011405945
brn,2007,0.859570026397705
brn,2008,0.377600014209747
brn,2009,0.160730004310608
brn,2010,0.134829998016357
brn,2011,0.115900002419949
brn,2012,0.0716499984264374
brn,2013,0.197459995746613
btn,1976,15.2104997634888
btn,1977,24.8573799133301
btn,1978,3.11882996559143
btn,1979,12.4092597961426
btn,1988,11.5143804550171
btn,1993,16.6957607269287
btn,1998,13.1660900115967
btn,1999,14.6581001281738
btn,2000,13.9833402633667
btn,2003,10.7366504669189
btn,2004,8.18910980224609
btn,2005,7.90635013580322
btn,2006,8.03897953033447
btn,2007,7.07987022399902
btn,2008,7.49606990814209
btn,2009,6.47125005722046
btn,2010,6.32529020309448
btn,2011,5.62580013275146
btn,2012,5.86431980133057
btn,2013,5.83767986297607
bwa,1973,0.211329996585846
bwa,1974,0.294609993696213
bwa,1975,0.201879993081093
bwa,1978,0.266149997711182
bwa,1980,0.517000019550323
bwa,1981,0.259770005941391
bwa,1982,0.483559995889664
bwa,1983,0.714990019798279
bwa,1984,0.85097998380661
bwa,1985,0.845290005207062
bwa,1986,0.569970011711121
bwa,1987,0.590789973735809
bwa,1988,0.663489997386932
bwa,1989,0.544780015945435
bwa,1990,0.685050010681152
bwa,1991,0.909739971160889
bwa,1992,0.729380011558533
bwa,1993,0.645150005817413
bwa,1994,0.856549978256226
bwa,1995,1.6319500207901
bwa,1996,1.65804994106293
bwa,1998,1.9431699514389
bwa,1999,1.89170002937317
bwa,2000,2.11476993560791
bwa,2001,2.07921004295349
bwa,2002,4.55931997299194
bwa,2003,4.0947699546814
bwa,2004,5.33933019638062
bwa,2005,4.94445991516113
bwa,2006,4.44689989089966
bwa,2007,4.40712022781372
bwa,2008,4.56082010269165
bwa,2012,4.58310985565186
caf,1971,23.000509262085
caf,1972,24.3494396209717
caf,1973,23.738130569458
caf,1974,29.3645401000977
caf,1975,24.1357898712158
caf,1976,32.0020599365234
caf,1977,28.7151508331299
caf,1978,28.7335605621338
caf,1981,35.5996284484863
caf,1982,34.5924606323242
caf,1983,34.814338684082
caf,1986,31.0960903167725
caf,1987,39.1883010864258
caf,1988,38.0291404724121
caf,1989,38.7040214538574
caf,1990,31.8714599609375
caf,1991,33.3171005249023
caf,1992,38.4193916320801
caf,2008,27.9714107513428
caf,2009,23.8471298217773
caf,2010,25.3211002349854
caf,2011,24.6954593658447
che,1986,2.19686007499695
che,1987,2.2551600933075
che,1988,2.36081004142761
che,1989,2.11529994010925
che,1990,1.99181997776031
che,1996,1.88116002082825
chl,1970,11.9122200012207
chl,1971,8.75586032867432
chl,1972,9.40235042572021
chl,1973,12.3298501968384
chl,1974,12.9402904510498
chl,1975,12.7767896652222
chl,1976,12.0277900695801
chl,1977,12.4702796936035
chl,1997,3.50784993171692
chl,2010,4.38374996185303
chl,2011,4.07245016098022
chl,2013,3.26528000831604
chn,1989,6.68455982208252
chn,1990,6.18872022628784
chn,1991,5.61401987075806
chn,1992,4.50148010253906
chn,1993,4.18753004074097
chn,1994,3.36084008216858
chn,1995,2.3534300327301
chn,1996,1.6141699552536
chn,1997,1.14941000938416
chn,2006,0.0825700014829636
chn,2007,0.066550001502037
chn,2008,0.0544399991631508
chn,2009,0.0457599982619286
chn,2010,0.0410099998116493
chn,2012,0.0249799992889166
chn,2013,0.0172600001096725
civ,1973,20.9927597045898
civ,1974,21.7706108093262
civ,1975,18.0570507049561
civ,1976,15.8424100875854
civ,1977,14.8660697937012
civ,1978,10.2615900039673
civ,1979,12.0468196868896
civ,1980,12.9477300643921
civ,1981,14.3878002166748
civ,1982,17.6614303588867
civ,1983,19.3211498260498
civ,1984,19.5699405670166
civ,1985,22.8969993591309
civ,1986,23.9090900421143
civ,1987,22.8207702636719
civ,1988,21.5692691802979
civ,1989,22.0560207366943
civ,1990,22.3583793640137
civ,1991,21.070369720459
civ,1992,22.8341598510742
civ,1993,25.6485805511475
civ,1994,22.8827590942383
civ,1995,23.9199295043945
civ,1996,21.5113697052002
civ,1997,22.7781391143799
civ,1998,22.9762096405029
civ,1999,22.3153305053711
civ,2000,22.0201797485352
civ,2006,21.6186695098877
civ,2008,16.7282791137695
civ,2011,18.77366065979
civ,2012,18.9490299224854
civ,2013,14.6413497924805
cmr,1973,23.6585903167725
cmr,1974,24.8144493103027
cmr,1975,25.0563297271729
cmr,1976,23.4095706939697
cmr,1977,24.7350101470947
cmr,1978,18.2440795898438
cmr,1979,26.6012096405029
cmr,1980,28.925329208374
cmr,1981,30.147590637207
cmr,1982,30.3650093078613
cmr,1983,29.6337203979492
cmr,1984,30.4764308929443
cmr,1985,30.5622005462646
cmr,1986,31.1861896514893
cmr,1987,32.7894897460938
cmr,1988,31.3490390777588
cmr,1990,31.7529106140137
cmr,1991,32.3072319030762
cmr,1999,31.9921207427979
cmr,2003,21.2103290557861
cmr,2006,22.9114398956299
cmr,2007,16.2936000823975
cmr,2008,13.8284702301025
cmr,2009,11.8673896789551
cmr,2010,11.2157201766968
cmr,2011,11.5482196807861
cod,1971,22.5204601287842
cod,1972,22.8466396331787
cod,1976,22.3705291748047
cod,1977,22.421350479126
cod,1978,22.2382106781006
cod,1980,20.3586101531982
cod,1981,20.5123500823975
cod,1982,20.6718101501465
cod,1983,20.8369007110596
cod,1984,21.0079593658447
cod,1988,22.9711799621582
cod,1991,18.9119892120361
cod,1992,11.9786796569824
cod,1993,9.56050968170166
cod,1994,22.7802600860596
cod,2007,19.382080078125
cod,2009,16.6388893127441
cod,2010,15.0684700012207
cod,2011,14.2512998580933
cod,2012,13.4215803146362
cog,1971,31.7412490844727
cog,1972,31.3700103759766
cog,1973,28.7206802368164
cog,1974,29.6233692169189
cog,1975,31.2261505126953
cog,1976,28.5223407745361
cog,1977,28.1970806121826
cog,1978,28.6902809143066
cog,1979,29.4286403656006
cog,1980,30.3659992218018
cog,1981,32.0049705505371
cog,1982,34.9672584533691
cog,1983,38.5888290405273
cog,1984,41.6714782714844
cog,1985,42.990421295166
cog,1986,36.9692802429199
cog,1987,41.7933502197266
cog,1991,44.7847785949707
cog,1992,43.6552696228027
cog,1993,41.3431205749512
cog,1994,44.9827690124512
cog,1996,42.4786987304688
cog,2002,34.2838592529297
cog,2007,31.5946998596191
col,1970,13.3403301239014
col,1971,13.9299201965332
col,1972,15.0077495574951
col,1973,13.1646499633789
col,1974,13.1979598999023
col,1982,11.0798997879028
col,1983,10.9787998199463
col,1984,10.1278600692749
col,1985,14.2433595657349
col,1986,13.8457803726196
col,1987,10.1279001235962
col,1988,10.1278696060181
col,1989,10.1278896331787
col,1990,10
col,1991,9.10167980194092
col,1992,9.91036033630371
col,1993,6.19001007080078
col,1994,7.99995994567871
col,1995,7.99994993209839
col,1996,5.68457984924316
col,1998,4.09007978439331
col,1999,4.21009016036987
col,2000,5.06685018539429
col,2001,5.23788976669312
col,2004,3.2612099647522
col,2005,3.15426993370056
col,2006,3.2494900226593
col,2007,3.08242988586426
col,2008,1.84075999259949
col,2009,1.6975599527359
col,2010,2.29425001144409
col,2011,2.25261998176575
col,2012,1.28582000732422
col,2013,1.36972999572754
com,1981,17.4032402038574
com,1986,31.8538608551025
com,1987,36.0140495300293
com,1992,37.1986198425293
com,1993,37.7959213256836
com,1994,31.7190608978271
com,1998,25.3413391113281
com,2003,27.6678104400635
cpv,1982,25.6670608520508
cpv,1983,24.3100299835205
cpv,1985,23.6857299804688
cpv,1986,23.2344799041748
cpv,1987,20.2000198364258
cpv,1988,18.7001800537109
cpv,1994,14.1483297348022
cpv,2002,0.705169975757599
cpv,2003,0.540960013866425
cpv,2004,11.4210596084595
cpv,2005,13.4063301086426
cpv,2006,13.2399597167969
cpv,2007,11.5286197662354
cpv,2008,10.6188497543335
cpv,2009,10.1405096054077
cpv,2010,10.5762701034546
cpv,2012,9.28627967834473
cpv,2013,8.6846399307251
cri,1970,10.1765804290771
cri,1971,11.5489196777344
cri,1972,5.86597013473511
cri,1973,10.216139793396
cri,1974,12.6924295425415
cri,1977,12.6318798065186
cri,1978,12.2360601425171
cri,1981,13.4154500961304
cri,1982,10.9609603881836
cri,1984,12.066089630127
cri,1985,10.5909595489502
cri,1986,9.4556303024292
cri,1987,9.99036979675293
cri,1988,10.3293304443359
cri,1989,10.6323003768921
cri,1990,11.0832195281982
cri,1991,10.348349571228
cri,1992,8.78717041015625
cri,1993,6.3086199760437
cri,1994,7.12990999221802
cri,1995,8.57553005218506
cri,1996,11.32310962677
cri,1999,6.99084997177124
cri,2000,7.2960000038147
cri,2001,6.74235010147095
cri,2004,6.86188983917236
cri,2005,7.16415977478027
cri,2006,7.20262002944946
cri,2007,6.79528999328613
cri,2008,4.45982980728149
cri,2009,5.18835020065308
cri,2010,5.19684982299805
cri,2011,4.80819988250732
cri,2012,4.07538986206055
cri,2013,3.37756991386414
cub,1971,15.4272804260254
cub,1972,21.8596000671387
cub,1988,5.51591014862061
cub,1990,0.847549974918365
cub,1991,0.261530011892319
cub,1992,0.163690000772476
cub,1996,0.0311799999326468
cub,1998,0.240449994802475
cub,1999,0.00738999992609024
cyp,1983,0.0148700000718236
cyp,1984,0.0668499991297722
cyp,1985,0.0345400013029575
cyp,1987,0.0445000007748604
cyp,1990,0.029279999434948
cyp,1991,0.0366399995982647
cyp,1992,0.0362000018358231
cyp,1993,0.0269699990749359
cyp,1994,0.0276100002229214
cyp,1995,0.0186500009149313
cyp,1996,0.0371900014579296
cyp,1997,0.0463900007307529
cyp,1999,0.0356499999761581
cyp,2000,0.0186299998313189
cyp,2001,0.0198299996554852
cyp,2002,0.0547300018370152
cyp,2003,0.0279600005596876
cyp,2004,0.00965000037103891
cyp,2005,0.0298200007528067
cyp,2006,0.0309500005096197
cyp,2007,0.0741399973630905
cyp,2008,0.0213500000536442
cyp,2012,0.0115599995478988
cze,1993,1.03519999980927
cze,1994,0.846329987049103
cze,1995,0.81291002035141
cze,1999,1.00120997428894
cze,2000,0.914870023727417
cze,2001,0.885890007019043
cze,2002,0.840020000934601
cze,2003,0.872399985790253
cze,2004,0.914460003376007
cze,2005,0.511839985847473
cze,2006,0.475809991359711
cze,2007,0.492909997701645
cze,2008,0.497099995613098
cze,2009,0.539059996604919
cze,2010,0.469049990177155
cze,2011,0.450800001621246
cze,2012,0.404190003871918
cze,2013,0.442779988050461
deu,1993,1.6297299861908
deu,1994,1.68590998649597
deu,1995,1.6745799779892
deu,1996,1.6207799911499
deu,1997,1.53816998004913
deu,1999,1.57079994678497
deu,2000,1.63081002235413
deu,2001,1.65486001968384
deu,2002,1.62480998039246
deu,2003,1.4569000005722
deu,2004,1.40753996372223
deu,2005,1.41786003112793
deu,2006,1.33565998077393
deu,2007,1.41847002506256
deu,2009,1.30541002750397
deu,2010,1.32149004936218
deu,2011,1.2479100227356
deu,2012,1.13650000095367
dji,1973,17.5504093170166
dji,1974,21.802059173584
dji,1975,23.7361392974854
dji,1976,20.2284908294678
dji,1987,8.40834045410156
dji,1988,9.10935974121094
dji,1989,5.6424298286438
dji,1990,6.43055009841919
dji,1991,8.07826042175293
dji,1992,8.64542961120605
dji,1993,8.94260025024414
dji,1994,8.81081962585449
dji,1995,7.48874998092651
dji,1996,10.1624603271484
dji,1997,9.55702972412109
dji,1999,9.88648986816406
dji,2004,7.18244981765747
dji,2005,6.33512020111084
dji,2006,6.129310131073
dji,2007,6.51430988311768
dji,2011,5.72068977355957
dji,2012,5.50189018249512
dji,2013,4.02432012557983
dji,2014,4.52477979660034
dma,1988,2.41708993911743
dma,1999,0.545960009098053
dma,2000,0.527239978313446
dma,2001,2.87896990776062
dma,2002,1.9782999753952
dma,2003,2.61508011817932
dma,2004,2.1386399269104
dma,2005,2.74770998954773
dma,2006,5.69395017623901
dma,2007,2.60613989830017
dma,2008,4.51882982254028
dma,2009,3.45762991905212
dma,2010,6.66980981826782
dma,2011,4.13593006134033
dma,2012,4.31255006790161
dma,2013,2.2644898891449
dnk,2008,0.0833799988031387
dnk,2009,0.0681099966168404
dnk,2012,0.67483001947403
dnk,2013,0.816280007362366
dom,1971,17.63205909729
dom,1981,13.269889831543
dom,1994,10.4506998062134
dom,1998,5.64056015014648
dom,1999,10.9617500305176
dom,2003,12.1850099563599
dom,2004,14.4340200424194
dom,2005,12.3979501724243
dom,2009,11.0103397369385
dom,2011,12.0075197219849
dom,2012,11.0361204147339
dom,2013,10.21875
dza,1972,12.2870597839355
dza,1973,12.0861396789551
dza,1974,12.3197898864746
dza,1975,11.9588203430176
dza,1976,12.5803098678589
dza,1977,11.8275899887085
dza,1978,12.0325899124146
dza,1979,11.7343597412109
dza,1980,11.927809715271
dza,1981,11.0834197998047
dza,1982,9.76622009277344
dza,1984,5.43732976913452
dza,1985,6.16633987426758
dza,1986,6.04987001419067
dza,1987,6.10035991668701
dza,1988,5.72520017623901
dza,1989,5.70248985290527
dza,1990,6.15157985687256
dza,1991,9.58133029937744
dza,1992,8.77274036407471
dza,1995,8.94419002532959
dza,1996,8.72747039794922
dza,1997,9.82876968383789
dza,1998,10.2177696228027
dza,1999,11.5312700271606
dza,2000,10.4676399230957
dza,2001,9.90404987335205
dza,2002,9.46603012084961
dza,2003,10.1938400268555
dza,2004,8.62088966369629
dza,2005,5.60165023803711
dza,2006,9.54928016662598
dza,2007,9.71121025085449
dza,2008,9.63584995269775
dza,2009,9.41860008239746
dza,2010,8.88737964630127
dza,2011,9.22194957733154
dza,2012,9.59311962127686
dza,2013,9.46945953369141
ecu,1971,10.9077396392822
ecu,1972,12.1766395568848
ecu,1973,10.7428903579712
ecu,1974,11.3157501220703
ecu,1975,9.65357971191406
ecu,1976,10.253809928894
ecu,1977,10.4351100921631
ecu,1978,11.3822002410889
ecu,1979,12.5910701751709
ecu,1980,10.1603603363037
ecu,1981,8.99567031860352
ecu,1982,9.03528022766113
ecu,1983,8.51764011383057
ecu,1984,8.09918022155762
ecu,1985,8.43212985992432
ecu,1987,6.32209014892578
ecu,1988,6.12693977355957
ecu,1994,4.65709018707275
ecu,1995,4.158860206604
ecu,1996,3.72885990142822
ecu,1997,3.23730993270874
ecu,1998,2.51796007156372
ecu,1999,2.2014799118042
ecu,2000,2.04474997520447
ecu,2001,1.89016997814178
ecu,2002,1.81251001358032
ecu,2003,1.82164001464844
ecu,2004,1.45459997653961
ecu,2005,1.3500200510025
ecu,2006,1.21265995502472
ecu,2010,1.47176003456116
ecu,2011,1.56916999816895
ecu,2012,1.20324003696442
ecu,2013,1.16847002506256
egy,1999,4.23674011230469
egy,2000,4.51101016998291
egy,2001,4.20762014389038
egy,2002,3.6698899269104
egy,2003,3.56501007080078
egy,2004,2.70390009880066
egy,2005,3.83314990997314
egy,2006,2.53576993942261
egy,2009,2.73144006729126
eri,1994,10.5475997924805
eri,1995,13.1564598083496
eri,1996,13.1642904281616
eri,1999,20.4444007873535
eri,2000,11.1432600021362
eri,2001,17.1983299255371
eri,2002,19.0055408477783
eri,2003,19.8817596435547
eri,2004,10.7815198898315
eri,2005,13.4996404647827
eri,2006,13.5840997695923
eri,2007,14.612190246582
eri,2008,12.9308004379272
eri,2009,13.3130397796631
eri,2010,11.1362199783325
eri,2011,13.0040302276611
eri,2012,11.3750600814819
esp,1981,5.74616003036499
esp,1982,6.37338018417358
esp,1983,5.8518500328064
esp,1984,3.4130699634552
esp,1985,2.96973991394043
esp,2009,1.06273996829987
est,1995,3.0390899181366
est,1996,2.41428995132446
est,1998,2.07309007644653
est,1999,1.92739999294281
est,2000,1.6646900177002
est,2001,1.43523001670837
est,2002,1.71275997161865
est,2003,1.38022005558014
est,2004,0.919359982013702
est,2005,1.34992003440857
est,2007,0.572830021381378
est,2008,0.356169998645782
est,2009,0.292640000581741
est,2010,0.338869988918304
est,2011,0.377640008926392
est,2012,0.373650014400482
eth,1982,8.81383037567139
eth,1987,5.9039101600647
eth,1988,6.18305015563965
eth,1989,4.5337700843811
eth,1994,5.90825986862183
eth,1995,4.74458980560303
eth,1996,4.61663007736206
eth,1998,8.19721031188965
eth,1999,11.1976003646851
eth,2000,12.5232400894165
eth,2001,12.6491003036499
eth,2002,12.9200096130371
eth,2003,9.96885013580322
eth,2004,7.46655988693237
eth,2005,6.98045015335083
eth,2006,5.77113008499146
eth,2007,5.23072004318237
eth,2008,6.24215984344482
eth,2009,6.85071992874146
eth,2010,7.70671987533569
eth,2011,7.94375991821289
fin,1987,0.364589989185333
fin,1988,0.316040009260178
fin,1989,0.323110014200211
fin,1990,0.337119996547699
fin,1991,0.329259991645813
fin,1992,0.325260013341904
fin,1997,0.324180006980896
fin,1998,0.369780004024506
fin,1999,0.401030004024506
fin,2000,0.462520003318787
fin,2001,0.437000006437302
fin,2002,0.368999987840652
fin,2003,0.370840013027191
fin,2004,0.344819992780685
fin,2005,0.303700000047684
fin,2006,0.284869998693466
fin,2007,0.261929988861084
fin,2008,0.265340000391006
fin,2009,0.249880000948906
fin,2010,0.24244000017643
fin,2011,0.243029996752739
fin,2012,0.189209997653961
fin,2013,0.183880001306534
fji,1972,5.49737977981567
fji,1973,5.50166988372803
fji,1977,3.23290991783142
fji,1978,3.09773993492126
fji,1979,3.03380990028381
fji,1980,4.11491012573242
fji,1981,3.52483010292053
fji,1983,3.28255009651184
fji,1984,2.58944010734558
fji,1985,2.59461998939514
fji,1986,2.31725001335144
fji,2003,2.11833000183105
fji,2007,1.43917000293732
fji,2008,0.922320008277893
fji,2011,0.259700000286102
fji,2012,0.170680001378059
fra,1971,10.3343896865845
fra,1972,9.45219039916992
fra,1975,6.62298011779785
fra,1976,6.33509016036987
fra,1977,6.44521999359131
fra,1978,6.0673999786377
fra,1979,7.06484985351563
fra,1980,6.91310977935791
fra,1986,6.19688987731934
fra,1987,5.86346006393433
fra,1988,5.74215984344482
fra,1989,5.05667018890381
fra,1999,3.09005999565125
gab,1972,24.2477493286133
gab,1973,26.5945701599121
gab,1975,29.0993690490723
gab,1976,30.0094890594482
gab,1977,28.7523097991943
gab,1978,30.0725708007813
gab,1979,32.558349609375
gab,1980,31.1934108734131
gab,1981,32.3730087280273
gab,1982,30.9723796844482
gab,1983,28.5934391021729
gab,1984,29.9996299743652
gab,1985,32.3581314086914
gab,1987,33.461238861084
gab,1988,30.7778205871582
gab,1989,32.5745811462402
gab,1992,32.3206481933594
gab,1996,36.7230987548828
gab,1997,36.3074607849121
gab,2002,36.9951286315918
geo,1999,0.240600004792213
geo,2000,0.242750003933907
geo,2001,0.32328000664711
geo,2002,0.126640006899834
geo,2003,0.206200003623962
geo,2004,0.126120001077652
geo,2005,0.199249997735023
geo,2006,0.319020003080368
geo,2007,0.210299998521805
geo,2008,0.0391400009393692
geo,2009,0.0530100017786026
geo,2011,0.119529999792576
geo,2012,0.140330001711845
geo,2013,0.14622999727726
gha,1971,2.61147999763489
gha,1972,2.74725008010864
gha,1974,2.29507994651794
gha,1975,1.96489000320435
gha,1976,1.71443998813629
gha,1977,1.54471004009247
gha,1978,1.50273001194
gha,1979,1.46648001670837
gha,1980,1.61270999908447
gha,1981,1.58269000053406
gha,1991,2.25219011306763
gha,1992,2.66105008125305
gha,2000,4.59905004501343
gha,2001,6.70203018188477
gha,2002,5.41404008865356
gha,2008,3.47677993774414
gha,2012,2.48355007171631
gha,2013,2.20880007743835
gin,1977,9.17168998718262
gin,1978,9.45576000213623
gin,1981,18.9997596740723
gin,1982,31.7646503448486
gin,1983,22.5803394317627
gin,1984,16.9992694854736
gin,1985,26.2129096984863
gin,1989,21.9411602020264
gin,1990,18.1112804412842
gin,1991,20.7876491546631
gin,1992,22.2819595336914
gin,1993,20.9240493774414
gin,1994,22.9589004516602
gin,1995,19.8845901489258
gin,1996,26.3705005645752
gin,2003,7.81105995178223
gin,2004,4.4566798210144
gin,2005,4.28535985946655
gin,2006,4.98230981826782
gin,2007,9.19025993347168
gin,2008,13.0682096481323
gin,2009,15.8927803039551
gin,2011,12.4394798278809
gin,2012,12.4548902511597
gin,2013,12.7414798736572
gmb,1971,6.53549003601074
gmb,1972,6.3570499420166
gmb,1973,5.76067018508911
gmb,1974,5.93248987197876
gmb,1975,4.5217399597168
gmb,1976,3.89793992042542
gmb,1978,13.8304796218872
gmb,1979,11.6372699737549
gmb,1980,8.83703994750977
gmb,1981,7.17180013656616
gmb,1982,8.22807025909424
gmb,1983,8.5374698638916
gmb,1984,7.3951997756958
gmb,1985,7.66860008239746
gmb,1986,11.0824699401855
gmb,1987,9.89218997955322
gmb,1989,10.8155002593994
gmb,1992,9.65188980102539
gmb,1993,8.17708969116211
gmb,1994,9.58119964599609
gmb,1995,10.0297403335571
gmb,1996,10.5422801971436
gmb,1997,11.5698299407959
gmb,1999,8.73921966552734
gmb,2000,8.50940036773682
gmb,2001,8.25399017333984
gmb,2002,4.94440984725952
gmb,2003,4.10613012313843
gmb,2004,4.96838998794556
gmb,2005,3.84793996810913
gmb,2006,5.1383900642395
gmb,2007,4.73363018035889
gmb,2010,2.8110499382019
gmb,2011,2.70526003837585
gmb,2012,3.29906988143921
gmb,2013,3.64744997024536
gnb,1976,18.4105606079102
gnb,1979,24.1504192352295
gnb,1980,20.9993591308594
gnb,1981,21.9668006896973
gnb,1982,25.851619720459
gnb,1983,27.9802494049072
gnb,1984,27.024299621582
gnb,1987,40.560661315918
gnb,1988,39.6424102783203
gnq,1994,22.8762702941895
gnq,2008,18.3813800811768
gnq,2009,18.1951103210449
gnq,2010,17.0326499938965
gnq,2011,19.0207405090332
grc,1971,5.60055017471313
grc,1972,5.32710981369019
grc,1973,4.57456016540527
grc,1974,4.03979015350342
grc,1975,3.26384997367859
grc,1980,0.955780029296875
grc,1981,0.735189974308014
grc,1985,0.0793099999427795
grc,1986,0.100780002772808
grc,1987,0.118490003049374
grc,2004,0.339540004730225
grc,2005,0.489960014820099
grc,2006,0.554910004138947
grc,2010,0.689660012722015
grc,2011,0.666109979152679
grc,2012,0.715020000934601
grd,1985,9.32271003723145
grd,2002,2.23940992355347
grd,2009,1.05708003044128
gtm,1970,11.20285987854
gtm,1971,11.6326999664307
gtm,1972,11.7611703872681
gtm,1975,10.7051000595093
gtm,1976,9.50568008422852
gtm,1977,10.7149095535278
gtm,1978,11.6583499908447
gtm,1979,10.8521404266357
gtm,1980,10.7221698760986
gtm,1981,11.0393600463867
gtm,1982,32.2956695556641
gtm,1983,10.7601804733276
gtm,1984,10.7743797302246
gtm,1985,8.31134033203125
gtm,1986,1.86054003238678
gtm,1996,11.9525203704834
gtm,1999,11.017560005188
gtm,2000,10.773889541626
gtm,2001,11.4250297546387
gtm,2004,10.6460304260254
gtm,2005,10.1018600463867
gtm,2006,10.4849901199341
gtm,2007,10.6445503234863
gtm,2008,8.95473957061768
gtm,2009,8.98723030090332
gtm,2010,8.82406997680664
gtm,2011,10.3558101654053
gtm,2012,9.48980045318604
gtm,2013,8.32116031646729
guy,1972,8.79179000854492
guy,1973,6.38502979278564
guy,1979,4.70714998245239
guy,1982,2.95524001121521
guy,1983,2.20407009124756
guy,1984,2.56589007377625
guy,1995,3.61926007270813
guy,1999,2.63201999664307
guy,2000,1.77828001976013
guy,2008,1.37714004516602
hkg,1980,5.43242979049683
hkg,1981,4.60615015029907
hkg,1985,2.78461003303528
hkg,1986,2.34795999526978
hkg,1989,2.09029006958008
hkg,2002,0.991029977798462
hkg,2003,1.02900004386902
hkg,2004,1.06614005565643
hkg,2005,1.00565004348755
hkg,2007,0.924600005149841
hkg,2008,0.978089988231659
hkg,2009,0.958989977836609
hkg,2010,0.757700026035309
hkg,2011,0.680079996585846
hkg,2012,0.610570013523102
hkg,2013,0.562749981880188
hnd,1980,12.4954204559326
hnd,1982,12.7886199951172
hnd,1984,11.3731298446655
hnd,1991,10.1561603546143
hnd,1992,8.4740104675293
hnd,1993,8.86997032165527
hnd,1994,9.9337797164917
hnd,1995,10.0825700759888
hnd,1996,8.63516044616699
hnd,1997,8.25273036956787
hnd,2005,6.39507007598877
hnd,2007,4.49420976638794
hnd,2008,2.18466997146606
hnd,2009,0.609690010547638
hnd,2010,5.01133012771606
hnd,2011,4.85591983795166
hnd,2012,3.9151599407196
hnd,2013,2.05586004257202
hrv,1995,0.386629998683929
hrv,1998,0.282519996166229
hrv,1999,0.221310004591942
hrv,2000,0.250169992446899
hrv,2001,0.183449998497963
hrv,2002,0.172309994697571
hrv,2005,0.162239998579025
hrv,2006,0.166280001401901
hrv,2007,0.183799996972084
hrv,2008,0.150720000267029
hrv,2009,0.117540001869202
hrv,2010,0.165600001811981
hrv,2011,0.159979999065399
hti,1979,23.0291805267334
hti,1980,19.0261497497559
hti,1982,17.2855491638184
hti,1983,14.2209596633911
hti,1985,16.9308891296387
hti,1986,11.1991596221924
hti,1987,16.3049602508545
hti,1997,18.2592697143555
hun,1972,4.33838987350464
hun,1973,3.49599003791809
hun,1974,2.51417994499207
hun,1975,2.5297999382019
hun,1976,2.33486008644104
hun,1977,1.69233000278473
hun,1978,1.58753001689911
hun,1981,1.97690999507904
hun,1982,2.06713008880615
hun,1997,1.41574001312256
hun,1998,1.41943001747131
hun,1999,1.37784004211426
hun,2000,1.5168399810791
hun,2001,1.48892998695374
hun,2002,1.45766997337341
hun,2003,1.2407900094986
hun,2004,1.16060996055603
hun,2005,1.06158995628357
hun,2006,1.09493005275726
hun,2007,0.928699970245361
hun,2008,1.03541004657745
hun,2009,0.847549974918365
hun,2012,1.02556002140045
hun,2013,1.01347994804382
idn,1972,12.4988603591919
idn,1973,11.4569997787476
idn,1974,11.1831302642822
idn,1975,11.2203903198242
idn,1976,9.9757604598999
idn,1977,10.7533903121948
idn,1978,11.8257904052734
idn,1982,8.11913967132568
idn,1983,10.2687797546387
idn,1984,10.1098604202271
idn,1985,9.72999000549316
idn,1986,11.1166095733643
idn,1987,10.7866697311401
idn,1988,10.8289604187012
idn,1989,10.3784198760986
idn,1990,10.0357398986816
idn,1991,10.2687301635742
idn,1992,9.85988998413086
idn,1993,9.78499031066895
idn,1994,9.11433029174805
idn,1995,8.13654041290283
idn,1996,7.69552993774414
idn,1997,6.25972986221313
idn,2001,5.3984899520874
idn,2002,3.91406011581421
idn,2003,2.96886992454529
idn,2004,4.93621015548706
idn,2007,2.98483991622925
idn,2008,3.50187993049622
idn,2009,3.21353006362915
idn,2010,3.43156003952026
idn,2011,2.92416000366211
idn,2012,1.97745001316071
idn,2013,2.08855009078979
ind,1971,18.3609504699707
ind,1974,15.5118398666382
ind,1987,3.53778004646301
ind,1988,3.6978600025177
ind,1995,3.15559005737305
ind,1999,6.02933979034424
ind,2000,3.93281006813049
ind,2001,3.90383005142212
irl,1998,2.52471995353699
irl,1999,2.31754994392395
irl,2000,2.30924010276794
irl,2001,1.85617995262146
irl,2002,1.66944003105164
irl,2003,0.877990007400513
irl,2004,0.807959973812103
irl,2005,0.734109997749329
irl,2006,0.684970021247864
irl,2007,0.631730020046234
irl,2008,0.643209993839264
irl,2009,0.609489977359772
irl,2010,0.552309989929199
irn,1971,8.09473991394043
irn,1984,8.06202983856201
irn,1985,6.45800018310547
irn,1986,6.40629005432129
irn,1987,6.88922023773193
irn,1988,5.43945980072021
irn,1989,6.0940899848938
irn,1990,5.94687986373901
irn,1991,5.22407007217407
irn,1992,5.47570991516113
irn,1993,3.58950996398926
irn,1997,3.57625007629395
irn,2000,3.6044499874115
irn,2001,3.09009003639221
irn,2002,2.49795007705688
irn,2008,1.20469999313354
irn,2009,1.10940003395081
irn,2010,0.977959990501404
irn,2011,0.910260021686554
irn,2012,0.79544997215271
irn,2013,0.74931001663208
irq,1971,14.8180198669434
irq,1972,13.4424495697021
irq,1973,12.6488199234009
irq,1974,12.5733203887939
irq,1975,12.3508596420288
irq,1976,11.338020324707
irq,1977,10.6277303695679
irq,1978,10.1202602386475
irq,1985,17.1492805480957
irq,1986,15.3716201782227
irq,1987,15.8238096237183
irq,1988,15.9206695556641
irq,1989,15.1829395294189
irq,1993,14.3445796966553
irq,1999,10.714879989624
isr,2001,1.12493002414703
isr,2002,1.20007002353668
isr,2003,1.08588004112244
isr,2004,1.16004002094269
isr,2005,0.91294002532959
isr,2006,0.990390002727509
isr,2007,1.08651995658875
isr,2008,1.05627000331879
isr,2009,1.10847997665405
isr,2010,1.22418999671936
isr,2011,1.26982998847961
isr,2012,1.37497997283936
isr,2013,1.32228994369507
ita,1971,6.96353006362915
ita,1997,0.325659990310669
ita,1999,0.321460008621216
ita,2000,0.235249996185303
ita,2001,0.214499995112419
ita,2004,0.154190003871918
ita,2005,0.135920003056526
ita,2006,0.163399994373322
ita,2007,0.175310000777245
ita,2008,0.208059996366501
ita,2009,0.212270006537437
ita,2010,0.23013000190258
ita,2011,0.186570003628731
ita,2012,0.155579999089241
jam,1989,1.45875000953674
jam,1990,1.78440999984741
jam,2000,1.98061001300812
jam,2001,1.02025997638702
jam,2008,1.07799005508423
jam,2010,1.05449998378754
jam,2012,1.0895299911499
jam,2013,0.95686000585556
jor,1973,9.85021018981934
jor,1974,5.1378002166748
jor,1975,6.58518981933594
jor,1976,5.84730005264282
jor,1977,5.81065988540649
jor,1978,4.60899019241333
jor,1979,0.175459995865822
jor,1980,0.211219996213913
jor,1984,0.137920007109642
jor,1985,0.135810002684593
jor,1987,3.05388998985291
jor,1988,3.3356499671936
jor,1989,2.69825005531311
jor,1990,2.12303996086121
jor,1991,1.68445003032684
jor,1992,1.77082002162933
jor,1993,1.55286002159119
jor,1994,0.585259974002838
jor,1996,0.402610003948212
jor,1999,0.177149996161461
jor,2002,0.138889998197556
jor,2003,0.259710013866425
jor,2004,0.241380006074905
jor,2006,0.530740022659302
jor,2010,0.231450006365776
kaz,1994,0.711740016937256
kaz,1995,0.558019995689392
kaz,2000,0.22435000538826
kaz,2001,0.165820002555847
kaz,2002,0.13748000562191
kaz,2003,0.109209999442101
kaz,2004,0.0926899984478951
kaz,2005,0.0886000022292137
kaz,2006,0.0742399990558624
kaz,2007,0.0665799975395203
kaz,2008,0.0556299984455109
kaz,2009,0.0423699989914894
kaz,2010,0.0337699986994267
kaz,2011,0.0374099984765053
kaz,2012,0.0324099995195866
kaz,2013,0.0293499995023012
kaz,2014,0.0247300006449223
ken,1970,3.53560996055603
ken,1971,3.47924995422363
ken,1972,3.67111992835999
ken,1973,3.99043011665344
ken,1978,6.03344011306763
ken,1979,9.38533973693848
ken,1980,12.0553503036499
ken,1981,11.2421598434448
ken,2003,5.5667200088501
ken,2004,5.97559976577759
kgz,1995,0.492150008678436
kgz,1996,0.428660005331039
kgz,1999,0.205630004405975
kgz,2000,0.256130009889603
kgz,2001,0.156139999628067
kgz,2002,0.160009995102882
kgz,2003,0.0767199993133545
kgz,2004,0.0903000012040138
kgz,2005,0.091669999063015
kgz,2006,0.0641599968075752
kgz,2007,0.0944499969482422
kgz,2008,0.0602100007236004
kgz,2009,0.0652199983596802
kgz,2010,0.0594899989664555
kgz,2011,0.0443900004029274
kgz,2012,0.033780001103878
kgz,2013,0.0198500007390976
khm,1994,21.4841194152832
khm,1995,22.2881603240967
khm,1997,19.8868007659912
khm,1998,18.9762306213379
khm,2000,15.1479902267456
khm,2001,8.38204002380371
khm,2002,7.98246002197266
khm,2003,9.15742015838623
khm,2004,13.2807102203369
khm,2005,12.0024404525757
khm,2006,11.1562995910645
khm,2007,10.164210319519
khm,2010,6.26975011825562
khm,2011,5.27776002883911
khm,2012,4.89129018783569
khm,2013,4.74539995193481
kir,1977,1.91451001167297
kir,1985,1.17861998081207
kir,1987,1.96949994564056
kir,1988,2.04918003082275
kir,1989,1.03389000892639
kir,1990,0.964630007743835
kir,1991,0.914780020713806
kir,1993,0.0987600013613701
kir,1994,0.230949997901917
kir,1995,0.177880004048347
kir,1996,0.0433799996972084
kir,1997,0.2605299949646
kna,2007,1.15207004547119
kna,2009,0.561800003051758
kna,2011,0.492000013589859
kna,2012,0.394620001316071
kor,1971,0.0407599993050098
kor,1972,0.068010002374649
kor,2003,0.00171999994199723
kor,2004,0.000720000010915101
kor,2005,0.00209000008180738
kor,2006,0.00152000004891306
kor,2007,0.00112000002991408
kor,2008,0.00100000004749745
kor,2009,0.00147999997716397
kor,2010,0.00167999998666346
kor,2011,0.000429999985499308
kor,2012,0.00294000003486872
kwt,1971,19.9854202270508
kwt,1972,21.208309173584
kwt,1973,19.4378604888916
kwt,1974,15.4677400588989
kwt,1975,16.3565196990967
kwt,1976,12.7640895843506
kwt,1977,11.1261501312256
kwt,1978,10.1660804748535
kwt,1980,8.98789024353027
kwt,1981,7.74153995513916
kwt,1982,5.7091498374939
kwt,1983,6.05052995681763
kwt,1984,6.72743988037109
kwt,1985,6.63411998748779
kwt,1986,5.57659006118774
kwt,1987,5.93446016311646
kwt,1995,3.36508011817932
kwt,1996,3.59959006309509
kwt,1997,3.70410990715027
kwt,1998,3.57113003730774
kwt,1999,3.67745995521545
kwt,2000,3.9676399230957
kwt,2001,3.59792995452881
kwt,2002,3.11344003677368
kwt,2003,2.82224011421204
kwt,2004,2.69683003425598
kwt,2009,0.183070003986359
kwt,2011,0.160860002040863
kwt,2012,0.166470006108284
lao,1988,22.3173198699951
lao,1990,23.7495098114014
lao,1992,20.2255592346191
lao,1993,17.0664405822754
lao,1994,15.3131704330444
lao,1996,14.0296897888184
lao,1997,12.69983959198
lao,1998,11.9522495269775
lao,1999,11.8459501266479
lao,2000,11.8867301940918
lao,2001,13.0645704269409
lao,2002,13.1798896789551
lao,2003,13.0137701034546
lao,2004,12.5198602676392
lao,2005,12.1291198730469
lao,2006,11.4088001251221
lao,2007,10.8580198287964
lao,2008,9.9836597442627
lao,2009,8.24755001068115
lao,2010,7.29423999786377
lao,2011,6.38074016571045
lao,2012,5.63111019134521
lao,2013,4.38439989089966
lbn,1997,14.5809698104858
lbn,1999,10.7924995422363
lbn,2000,7.17639017105103
lbn,2001,6.53366994857788
lbn,2002,6.74968004226685
lbn,2003,7.30902004241943
lbn,2004,6.7277398109436
lbn,2005,6.59549999237061
lbn,2006,6.36018991470337
lbn,2007,6.00396013259888
lbn,2008,6.0300498008728
lbn,2010,7.61113977432251
lbn,2011,6.6550498008728
lbr,1978,11.3258800506592
lbr,2008,5.93358993530273
lby,1971,24.4701309204102
lby,1975,0.822790026664734
lby,1976,13.1601495742798
lby,1977,11.9366703033447
lby,1978,11.1756296157837
lby,1979,11.0794696807861
lby,1980,11.2526197433472
lby,1981,5.02549982070923
lby,1983,5.97525978088379
lca,1983,1.09072005748749
lca,1984,3.24167990684509
lca,2001,1.23734998703003
lca,2003,1.50531005859375
lca,2004,1.19458997249603
lca,2006,1.49105000495911
lca,2007,1.06844997406006
lca,2008,0.720910012722015
lca,2009,2.05741000175476
lca,2010,0.597679972648621
lca,2011,1.38231003284454
lca,2012,0.947499990463257
lca,2013,1.20933997631073
lka,1970,20.5408000946045
lka,1975,15.0517797470093
lka,1976,12.0625295639038
lka,1977,11.7652502059937
lka,1982,11.2220001220703
lka,1983,11.3170499801636
lka,1984,10.1378202438354
lka,1985,9.09358024597168
lka,1986,8.53118991851807
lka,1987,9.39634037017822
lka,1989,7.97852993011475
lka,1990,9.15554046630859
lka,1991,8.82878017425537
lka,2001,0.749539971351624
lka,2002,0.787109971046448
lka,2005,0.918290019035339
lka,2006,0.800339996814728
lka,2007,0.893589973449707
lka,2008,0.898039996623993
lka,2010,0.735930025577545
lka,2011,0.770650029182434
lka,2012,0.780059993267059
lka,2013,0.848869979381561
lso,1971,19.6148300170898
lso,1972,22.3007392883301
lso,1973,19.1797504425049
lso,1974,4.69709014892578
lso,1975,4.1940598487854
lso,1976,6.37042999267578
lso,1977,13.5953903198242
lso,1978,15.5560998916626
lso,1979,16.275749206543
lso,1980,20.9752101898193
lso,1981,21.7104301452637
lso,1982,23.3309707641602
lso,1983,23.6865196228027
lso,1984,22.6682605743408
lso,1985,20.9723300933838
lso,1986,22.6287803649902
lso,1987,23.4261207580566
lso,1988,23.7611808776855
lso,1989,23.0464096069336
lso,1990,23.4119701385498
lso,1991,23.5351696014404
lso,1992,23.1399402618408
lso,1993,21.4105205535889
lso,1994,21.0747509002686
lso,1995,20.399450302124
lso,1996,20.4409198760986
lso,1997,20.8299694061279
lso,1998,20.2541904449463
lso,1999,19.9837703704834
lso,2000,18.4836692810059
lso,2001,25.2890796661377
lso,2002,19.6650791168213
lso,2003,17.4372806549072
lso,2004,21.0725002288818
lso,2005,21.0394592285156
lso,2006,20.4102306365967
lso,2007,21.9071998596191
lso,2008,21.8930797576904
lso,2009,21.1907596588135
lso,2010,18.4584197998047
lso,2011,15.9604597091675
lso,2012,10.943639755249
lso,2013,3.01603007316589
ltu,1995,1.65244996547699
ltu,1998,0.580330014228821
ltu,1999,0.469819992780685
ltu,2000,0.339459985494614
ltu,2001,0.289539992809296
ltu,2002,0.341010004281998
ltu,2003,0.315510004758835
ltu,2004,0.357439994812012
ltu,2005,0.36871999502182
ltu,2006,0.392360001802444
ltu,2007,0.333510011434555
ltu,2008,0.30019998550415
ltu,2009,0.212579995393753
ltu,2010,0.176449999213219
ltu,2011,0.231509998440742
ltu,2012,0.248060002923012
ltu,2013,0.325080007314682
lux,1983,6.73364019393921
lux,2000,6.2467098236084
lux,2004,6.08205986022949
lux,2005,5.10560989379883
lux,2006,5.62048006057739
lux,2007,4.25836992263794
lva,1995,2.99904990196228
lva,1996,2.07706999778748
lva,1997,1.72224998474121
lva,1999,1.18114995956421
lva,2000,1.12751996517181
lva,2001,1.10383999347687
lva,2002,1.08378994464874
lva,2003,1.59452998638153
lva,2004,1.9414199590683
lva,2005,1.76955997943878
lva,2006,1.93340003490448
lva,2007,2.02789998054504
lva,2008,1.38663995265961
lva,2009,1.43664002418518
lva,2010,1.41234004497528
lva,2011,1.08845996856689
lva,2012,0.587530016899109
lva,2013,0.387030005455017
mac,1990,7.92739009857178
mac,1992,5.89233016967773
mac,1993,6.66476011276245
mac,2000,5.73072004318237
mac,2002,5.70299005508423
mac,2005,4.4124698638916
mac,2007,3.81164002418518
mac,2008,3.8568799495697
mac,2009,3.61010003089905
mac,2011,2.96303009986877
mac,2012,3.08985996246338
mar,1971,26.3090801239014
mar,1972,26.836109161377
mar,1973,26.5350303649902
mar,1974,27.2307605743408
mar,1975,27.3147602081299
mar,1976,25.8627605438232
mar,1977,26.2788105010986
mar,1978,24.6778793334961
mar,1979,24.3486499786377
mar,1980,24.8888301849365
mar,1981,25.0512790679932
mar,1982,25.1288394927979
mar,1983,25.7455196380615
mar,1988,14.3316698074341
mar,1989,15.7931900024414
mar,1990,14.6835403442383
mar,1991,13.7908000946045
mar,1992,13.4256000518799
mar,1993,13.3073902130127
mar,1994,13.4123296737671
mar,1995,12.3312301635742
mar,1996,12.7685499191284
mar,1997,13.6109800338745
mar,1998,14.2471599578857
mar,1999,14.1235599517822
mar,2000,14.6286001205444
mar,2001,14.8254995346069
mar,2002,15.4365100860596
mar,2003,14.6120796203613
mar,2004,14.2619400024414
mar,2005,13.7889099121094
mar,2006,13.2727298736572
mar,2007,13.1787700653076
mar,2008,12.9364795684814
mar,2009,12.16685962677
mar,2010,9.93601036071777
mar,2011,7.5786600112915
mar,2012,10.4366598129272
mar,2013,10.7653503417969
mco,1991,5.93301010131836
mco,1992,5.74230003356934
mco,2012,1.09589004516602
mda,1999,0.687080025672913
mda,2000,0.854990005493164
mda,2001,0.693650007247925
mda,2002,0.289469987154007
mda,2003,0.235890001058578
mda,2004,0.143969997763634
mda,2005,0.067950002849102
mda,2006,0.0454099997878075
mdg,1971,23.5186901092529
mdg,1972,22.8751106262207
mdg,1973,24.700080871582
mdg,1975,20.5730991363525
mdg,1988,30.8163795471191
mdg,1989,31.5207195281982
mdg,1990,30.1799602508545
mdg,1991,31.3921604156494
mdg,1992,30.2531204223633
mdg,1993,30.0506801605225
mdg,1994,32.5229682922363
mdg,1995,31.5805702209473
mdg,1996,32.8373489379883
mdg,1998,28.0254707336426
mdg,1999,30.5186004638672
mdg,2000,29.4589290618896
mdg,2001,31.4321002960205
mdg,2002,33.1078796386719
mdg,2003,33.6706085205078
mdg,2004,29.7311401367188
mdg,2005,28.3918991088867
mdg,2006,26.7022495269775
mdg,2007,25.5166397094727
mdg,2008,26.5737590789795
mdg,2009,24.3327693939209
mdg,2010,24.1618690490723
mdg,2011,24.4546699523926
mdg,2012,24.4855308532715
mdg,2013,23.8150291442871
mdv,2004,0.556129992008209
mdv,2007,0.534940004348755
mdv,2008,0.546630024909973
mdv,2009,0.550679981708527
mdv,2010,0.519620001316071
mdv,2011,0.362569987773895
mdv,2012,0.445479989051819
mdv,2013,0.320939987897873
mex,1975,10.8709201812744
mex,1976,10.2983303070068
mex,1977,7.99882984161377
mex,1978,7.98407983779907
mex,1979,7.73355007171631
mex,1980,7.72033023834229
mex,1981,8.15439033508301
mex,1982,8.37668037414551
mex,1983,8.87065982818604
mex,1984,9.14309978485107
mex,1985,9.19787979125977
mex,1986,9.17823028564453
mex,1987,9.559889793396
mex,1988,9.30632019042969
mex,1989,9.01852035522461
mex,1990,9.37734985351563
mex,1991,9.13335037231445
mex,1992,8.75294017791748
mex,1993,8.46961975097656
mex,1994,7.62758016586304
mex,1995,7.34698009490967
mex,1996,7.72408008575439
mex,1997,7.8862099647522
mex,1998,7.41772985458374
mex,1999,6.91379022598267
mex,2000,5.9688401222229
mex,2001,6.37031984329224
mex,2002,5.45199012756348
mex,2003,5.07517004013062
mex,2004,4.90197992324829
mex,2005,4.51071977615356
mex,2006,4.16450023651123
mex,2007,3.8806300163269
mex,2008,3.91993999481201
mex,2009,3.53433990478516
mex,2010,3.24239993095398
mex,2011,3.07364988327026
mex,2012,2.35237002372742
mex,2013,0.887009978294373
mkd,1993,0.904299974441528
mkd,1994,0.781740009784698
mkd,1995,0.604960024356842
mkd,1996,0.561559975147247
mkd,1998,0.0537500008940697
mkd,1999,0.046739999204874
mkd,2000,0.0570399984717369
mkd,2001,0.0725499987602234
mkd,2002,0.095490001142025
mkd,2003,0.143240004777908
mkd,2004,0.117109999060631
mkd,2005,0.0680700019001961
mkd,2006,0.0941699966788292
mkd,2007,0.0351100005209446
mli,1971,26.5002899169922
mli,1972,27.4337501525879
mli,1973,29.100549697876
mli,1974,28.0807800292969
mli,1976,23.0449905395508
mli,1977,24.7140293121338
mli,1978,26.9126091003418
mli,1979,28.2431106567383
mli,1980,28.5274791717529
mli,1981,31.7791996002197
mli,1983,33.2517395019531
mli,1984,31.9432201385498
mli,1985,30.822940826416
mli,1986,30.5394401550293
mli,1987,29.3691101074219
mli,1988,32.089958190918
mli,1999,17.5219402313232
mli,2000,17.3246402740479
mli,2001,20.1063404083252
mli,2002,21.9004497528076
mli,2003,20.2709293365479
mli,2004,19.1385898590088
mli,2005,18.4095191955566
mli,2007,15.8763599395752
mli,2008,14.4063501358032
mli,2009,14.5290803909302
mli,2010,14.2583303451538
mli,2011,19.9649505615234
mli,2012,17.933349609375
mlt,1976,1.28849995136261
mlt,1980,4.07629013061523
mlt,1981,2.60406994819641
mlt,1982,2.29723000526428
mlt,1983,2.01494002342224
mlt,1984,1.58012998104095
mlt,1985,1.44928002357483
mlt,1990,0.824670016765594
mlt,1993,1.17238998413086
mlt,1995,1.07638001441956
mlt,1998,0.787670016288757
mlt,1999,0.874040007591248
mlt,2000,1.31400001049042
mlt,2001,0.663160026073456
mlt,2002,0.667119979858398
mlt,2006,1.09478998184204
mlt,2007,0.668449997901917
mlt,2008,0.563059985637665
mlt,2010,0.100759997963905
mlt,2011,0.171259999275208
mlt,2012,0.15234999358654
mlt,2013,0.32863000035286
mmr,1971,21.0045108795166
mmr,1972,22.4855499267578
mmr,1973,16.6845207214355
mmr,1974,18.6767196655273
mmr,2000,0.597819983959198
mmr,2001,0.604470014572144
mmr,2002,0.643800020217896
mmr,2003,0.427260011434555
mmr,2005,0.496659994125366
mmr,2006,0.543709993362427
mmr,2007,0.318120002746582
mmr,2008,0.302639991044998
mmr,2009,0.255459994077683
mne,2011,0.012249999679625
mng,1978,5.89356994628906
mng,1979,2.65931010246277
mng,1980,1.54080998897552
mng,1983,1.04603004455566
mng,1995,0.616469979286194
mng,1996,0.577059984207153
mng,1997,0.440279990434647
mng,1998,0.629519999027252
mng,1999,0.590569972991943
mng,2000,0.335770010948181
mng,2001,0.351579993963242
mng,2002,0.358339995145798
mng,2003,0.28973001241684
moz,1973,25.0017890930176
moz,1982,27.0051193237305
moz,1983,27.3666191101074
moz,1984,28.3401393890381
moz,1985,22.0263900756836
moz,1986,24.9938297271729
moz,1987,28.3187103271484
moz,1988,26.6387100219727
moz,1989,26.996509552002
moz,1990,27.0318202972412
moz,1991,21.9254093170166
moz,1992,25.3999195098877
moz,1993,27.325590133667
moz,1994,27.2322902679443
moz,1995,26.2596397399902
moz,1998,26.4151592254639
moz,1999,25.4766407012939
moz,2000,25.8402194976807
moz,2001,25.21116065979
moz,2004,7.37263011932373
moz,2005,4.37758016586304
moz,2006,4.2968897819519
moz,2007,4.45325994491577
moz,2008,4.75578022003174
moz,2009,5.2039999961853
moz,2010,4.90756988525391
moz,2011,4.90789985656738
moz,2012,4.63943004608154
moz,2013,4.3599100112915
mrt,1977,14.6324796676636
mrt,1980,14.2128000259399
mrt,1981,12.3984403610229
mrt,1983,15.3466501235962
mrt,1985,12.8356103897095
mrt,1986,16.6334209442139
mrt,1988,16.6153106689453
mrt,1989,18.4536399841309
mrt,1990,17.3116607666016
mrt,1991,15.6526498794556
mrt,1992,15.7194404602051
mrt,1993,14.7019195556641
mrt,1994,14.8334398269653
mrt,1995,13.201789855957
mrt,1996,13.9004697799683
mrt,1997,14.8765497207642
mrt,1998,14.1853399276733
mrt,2001,13.8668298721313
mrt,2004,9.59502983093262
mrt,2005,10.4124097824097
mrt,2006,1.03003001213074
mrt,2008,0.229159995913506
mrt,2012,3.33687996864319
mwi,1974,16.0913105010986
mwi,1975,15.0174398422241
mwi,1976,14.8958196640015
mwi,1977,16.5425796508789
mwi,1978,14.9303798675537
mwi,1979,15.2583799362183
mwi,1980,15.6445398330688
mwi,1981,14.8666696548462
mwi,1982,12.3504199981689
mwi,1983,10.9617595672607
mwi,1984,12.2034101486206
mwi,1985,12.9719200134277
mwi,1986,15.2525901794434
mwi,1987,16.7858390808105
mwi,1988,17.577600479126
mwi,1989,17.719669342041
mwi,1990,17.6731395721436
mwi,1991,16.0895099639893
mwi,1992,9.4033899307251
mwi,1993,18.6702194213867
mwi,1994,16.8344306945801
mwi,1995,17.9416904449463
mwi,1996,14.1149702072144
mwi,1998,15.598349571228
mwi,1999,16.5570201873779
mwi,2000,18.6060009002686
mwi,2001,16.7401008605957
mwi,2004,21.7335395812988
mwi,2005,22.600040435791
mwi,2006,22.9409999847412
mwi,2007,24.1846103668213
mwi,2008,21.3312606811523
mwi,2009,21.1879196166992
mwi,2010,21.3397407531738
mwi,2011,21.5742702484131
mwi,2012,20.3491497039795
nam,1992,21.8570499420166
nam,1994,18.8917808532715
nam,1998,12.3218898773193
nam,1999,11.2314500808716
nam,2000,11.4919595718384
nam,2001,11.3681602478027
nam,2002,11.3256196975708
nam,2003,11.8240203857422
nam,2004,12.0275802612305
nam,2005,11.9930601119995
nam,2008,12.4457397460938
nam,2009,12.3858098983765
nam,2012,11.3014402389526
ner,1971,18.3191795349121
ner,1972,17.4873008728027
ner,1973,17.055419921875
ner,1974,17.3095703125
ner,1975,16.5531997680664
ner,1976,13.9451599121094
ner,1977,11.8002099990845
ner,1978,11.1312303543091
ner,1979,15.2410297393799
ner,1980,14.2699403762817
ner,1981,14.8635196685791
ner,1982,15.00119972229
ner,1983,15.0012102127075
ner,1984,14.9994401931763
ner,1985,15.0023097991943
ner,1986,15.0002403259277
ner,1987,14.9986600875854
ner,1989,10.2661304473877
ner,1990,11.8411502838135
ner,1991,11.4575996398926
ner,1992,13.4908504486084
ner,1993,12.9025201797485
ner,1996,9.42220020294189
ner,1997,10.7762203216553
ner,1998,10.4498100280762
ner,1999,10.6250495910645
ner,2000,9.59844017028809
ner,2001,7.4582200050354
ner,2002,7.23641014099121
ner,2003,5.47991991043091
ner,2004,4.4684100151062
ner,2005,4.69310998916626
ner,2006,3.48088002204895
ner,2007,4.78753995895386
ner,2008,4.05366992950439
ner,2009,3.79720997810364
ner,2010,3.60590004920959
ner,2011,2.76044011116028
ner,2012,2.7720000743866
ner,2013,2.99417996406555
nic,1970,11.4097700119019
nic,1971,9.05566024780273
nic,1972,12.3556499481201
nic,1973,8.93566036224365
nic,1974,11.7647104263306
nic,1977,11.2938899993896
nic,1978,11.5176000595093
nic,1979,12.7045497894287
nic,1980,11.2306900024414
nic,1982,9.00288963317871
nic,1983,8.40828037261963
nic,1984,6.81772994995117
nic,1986,12.5759401321411
nic,1987,11.6956300735474
nic,1988,10.3236799240112
nic,1989,11.2470302581787
nic,1990,12.1178998947144
nic,1991,11.6686897277832
nic,1992,12.5095901489258
nic,1993,11.6644601821899
nic,1994,10.5194997787476
nic,1995,11.6273603439331
nic,1999,4.54013013839722
nic,2000,6.83674001693726
nic,2001,9.16926956176758
nic,2002,10.5827302932739
nic,2003,10.4554996490479
nic,2004,8.72970962524414
nic,2005,8.39286994934082
nic,2006,6.99934005737305
nic,2007,9.14171028137207
nld,1971,2.58127999305725
nld,1972,2.1109299659729
nld,1973,2.27102994918823
nld,1974,2.3199200630188
nld,1975,2.09219002723694
nld,1976,2.01435995101929
nld,1977,2.4416298866272
npl,1988,11.4969701766968
npl,1991,14.000189781189
npl,1992,15.4643201828003
npl,1999,12.9623899459839
npl,2002,13.7407903671265
npl,2003,13.4678897857666
npl,2004,12.3843202590942
npl,2007,9.79300022125244
npl,2011,7.43403005599976
npl,2012,7.09385013580322
npl,2013,6.95247983932495
npl,2014,6.81102991104126
omn,1974,14.5414695739746
omn,1975,11.7489995956421
omn,1978,11.1088104248047
omn,1979,8.98692035675049
omn,1983,9.07775020599365
omn,1984,9.30233001708984
omn,1985,7.93467998504639
omn,1986,8.5764799118042
omn,1987,9.20643043518066
omn,1988,10.4014902114868
omn,1989,10.0550498962402
omn,1990,9.25965976715088
omn,1992,8.32826042175293
omn,1994,7.59673023223877
omn,1998,7.59033012390137
omn,1999,7.0230598449707
omn,2000,6.05695009231567
omn,2001,4.52554988861084
omn,2002,0.0874100029468536
pak,2004,2.78349995613098
pak,2008,3.92474007606506
pak,2009,3.86513996124268
pak,2010,3.71961998939514
pak,2011,3.16611003875732
pak,2012,2.39177989959717
pak,2013,2.24674010276794
pan,1970,15.5802097320557
pan,1971,15.0655603408813
pan,1972,13.6708898544312
pan,1973,13.3540201187134
pan,1974,14.3151502609253
pan,1975,13.9792604446411
pan,1976,12.0045299530029
pan,1977,12.4654397964478
pan,1978,12.1062698364258
pan,1979,13.1650800704956
pan,1980,13.3987197875977
pan,1981,13.0095195770264
pan,1982,12.7756795883179
pan,1983,12.3693599700928
pan,1984,12.9047498703003
pan,1985,13.4623498916626
pan,1986,11.4163999557495
pan,1987,11.6098203659058
pan,1988,11.301230430603
pan,1989,10.0897397994995
pan,1999,6.35445022583008
pan,2000,6.0543999671936
pan,2001,6.03548002243042
pan,2004,6.18926000595093
pan,2005,6.0242600440979
pan,2006,6.23844003677368
pan,2007,5.7985200881958
pan,2008,5.64204978942871
pan,2009,6.03258991241455
pan,2010,6.2668399810791
pan,2011,5.60086011886597
pan,2012,5.04946994781494
per,1970,13.8450298309326
per,1973,16.2359600067139
per,1974,11.8281497955322
per,1975,9.12277030944824
per,1976,8.57826995849609
per,1977,9.78907012939453
per,1978,15.3375396728516
per,1979,15.1998901367188
per,1980,18.4299201965332
per,1981,18.6145801544189
per,1985,12.4568996429443
per,1993,14.8718795776367
per,1995,14.7599296569824
per,1998,15.57785987854
per,1999,15.004940032959
per,2000,14.4674196243286
per,2001,13.492449760437
per,2003,11.0578298568726
per,2004,11.7221097946167
per,2005,11.2435503005981
per,2006,10.9178895950317
per,2007,9.31163024902344
per,2008,8.93367958068848
per,2009,8.53816986083984
per,2010,7.60196018218994
per,2011,6.64999008178711
per,2013,5.80549001693726
phl,1983,2.10097002983093
phl,1984,2.064120054245
phl,1985,1.13434994220734
phl,1986,1.84959995746613
phl,1987,1.84958004951477
phl,1988,1.75092005729675
phl,1989,1.74164998531342
phl,1990,1.83337998390198
phl,1998,1.46082997322083
phl,2001,1.86213004589081
phl,2002,1.69646000862122
phl,2003,1.78807997703552
phl,2004,1.82237994670868
phl,2005,2.25555992126465
phl,2006,1.84751999378204
phl,2007,1.67495000362396
phl,2008,1.91414999961853
pol,1978,1.4036899805069
pol,1979,1.51291000843048
pol,1980,1.38013005256653
pol,1981,1.10179996490479
pol,1982,2.0832200050354
pol,1983,2.73935008049011
pol,1984,2.62107992172241
pol,1985,2.21610999107361
pol,1986,2.09939002990723
pol,1987,2.03309988975525
pol,1988,1.83344995975494
pol,1989,1.56746995449066
pol,1990,1.59185004234314
pol,1991,1.40601003170013
pol,1998,0.702430009841919
pol,1999,0.428380012512207
pol,2000,0.247920006513596
pol,2001,0.267760008573532
pol,2002,0.358489990234375
pol,2003,0.3680300116539
pol,2004,0.401080012321472
pol,2005,0.403459995985031
pol,2006,0.421149998903275
pol,2008,0.648450016975403
pol,2009,0.459839999675751
pol,2010,0.54025000333786
prt,1971,19.5640296936035
prt,1972,19.5993499755859
prt,1973,19.0890693664551
prt,1974,18.888650894165
pry,1970,16.3177604675293
pry,1971,15.9926204681396
pry,1972,15.8772001266479
pry,1973,16.3136005401611
pry,1974,15.6444702148438
pry,1975,14.5880403518677
pry,1976,14.17516040802
pry,1977,13.7924003601074
pry,1978,13.2922201156616
pry,1980,13.5983295440674
pry,1981,13.4750204086304
pry,1982,13.6552200317383
pry,1983,10.7933597564697
pry,1984,12.4893398284912
pry,1985,11.7644195556641
pry,1986,10.5559396743774
pry,1987,10.1479301452637
pry,1988,9.37782955169678
pry,1989,9.31875991821289
pry,1990,8.88659954071045
pry,1991,9.65884017944336
pry,1992,9.66635990142822
pry,1993,8.87252044677734
pry,1994,9.16975021362305
pry,1995,7.48337984085083
pry,1996,8.6068000793457
pry,1998,8.03330993652344
pry,1999,7.93053007125854
pry,2002,7.28165006637573
pry,2003,6.57695007324219
pry,2004,5.08703994750977
pry,2005,5.50773000717163
pry,2006,5.20086002349854
pry,2007,5.96657991409302
pry,2008,6.73191022872925
pry,2009,6.80096006393433
pry,2010,6.25694990158081
pry,2011,6.17405986785889
pse,1995,4.92950010299683
pse,1996,4.21561002731323
pse,1997,3.25160002708435
pse,1999,2.52922010421753
pse,2000,2.14394998550415
pse,2001,1.66004002094269
pse,2002,0.365530014038086
pse,2004,0.421550005674362
pse,2006,0.0171300005167723
pse,2012,0.0963499993085861
pse,2013,0.0817100033164024
qat,1971,24.7169094085693
qat,1972,23.1513500213623
qat,1973,24.2909603118896
qat,1974,21.821569442749
qat,1975,18.3673496246338
qat,1976,20.6227798461914
qat,1977,18.744930267334
qat,1978,15.2157497406006
qat,1980,15.438850402832
qat,1981,10.1771898269653
qat,1982,6.68268013000488
qat,1984,6.84466981887817
qat,1985,9.73923015594482
qat,1986,8.49197006225586
qat,1987,9.71652984619141
qat,1988,6.63011980056763
qat,1989,6.35408020019531
qat,1991,5.29491996765137
qat,1994,4.7949800491333
qat,1995,4.60813999176025
qat,1996,4.20592021942139
qat,1998,1.55267000198364
qat,2005,1.56419003009796
qat,2007,0.957570016384125
qat,2012,0.522310018539429
rou,1995,1.92467999458313
rou,1996,1.65825998783112
rou,1997,1.82202994823456
rou,1998,2.16400003433228
rou,1999,2.12876009941101
rou,2000,2.10898995399475
rou,2001,2.15209007263184
rou,2002,1.74558997154236
rou,2003,1.47895002365112
rou,2004,1.31321001052856
rou,2005,1.32403004169464
rou,2006,1.16381001472473
rou,2007,1.55283999443054
rou,2008,1.67255997657776
rou,2009,1.78080999851227
rou,2010,1.61267995834351
rou,2011,1.48696005344391
rus,1994,1.66228997707367
rus,1995,1.54184997081757
rus,1999,0.816559970378876
rus,2000,0.770820021629334
rus,2006,0.329089999198914
rus,2007,0.273209989070892
rus,2008,0.246110007166862
rus,2011,0.243410006165504
rus,2012,0.241520002484322
rus,2013,0.244680002331734
rwa,1971,24.0499897003174
rwa,1972,23.3332901000977
rwa,1973,21.5653095245361
rwa,1974,21.076229095459
rwa,1975,17.1598892211914
rwa,1977,14.3034801483154
rwa,1978,11.0621099472046
rwa,1980,4.07777976989746
rwa,1981,3.98746991157532
rwa,1982,13.5034303665161
rwa,1983,13.2935104370117
rwa,1984,11.0252704620361
rwa,1985,11.28892993927
rwa,1986,11.5348997116089
rwa,1987,11.5193901062012
rwa,1988,9.66415023803711
rwa,1989,9.19040012359619
rwa,1990,10.2530498504639
rwa,1991,12.6052303314209
rwa,1992,13.4123096466064
rwa,1999,31.7840003967285
rwa,2000,32.2579612731934
rwa,2001,28.4963798522949
rwa,2002,15.3126201629639
rwa,2003,19.0527801513672
rwa,2008,14.6072998046875
rwa,2009,13.3353500366211
rwa,2011,11.7511301040649
rwa,2012,13.3683996200562
rwa,2013,13.8279895782471
sau,1979,15.4383497238159
sau,2007,4.95994997024536
sau,2011,0.96763002872467
sau,2013,0.852419972419739
sdn,2009,4.23929023742676
sdn,2011,3.85847997665405
sdn,2012,3.85414004325867
sen,1971,16.4675807952881
sen,1972,16.4424705505371
sen,1973,15.4580001831055
sen,1978,13.2602100372314
sen,1979,12.4174900054932
sen,1980,12.4282503128052
sen,1981,12.1182804107666
sen,1982,11.9990501403809
sen,1983,12.3914499282837
sen,1984,11.4167499542236
sen,1985,11.1140098571777
sen,1988,12.327260017395
sen,1989,11.3671197891235
sen,1990,11.3444900512695
sen,1992,12.3633604049683
sen,1994,12.2981700897217
sen,1996,11.963529586792
sen,1997,11.8479404449463
sen,2000,12.4602003097534
sen,2001,13.2542200088501
sen,2002,12.132550239563
sen,2003,12.6954202651978
sen,2004,11.0254697799683
sen,2005,9.33913040161133
sen,2007,5.85322999954224
sen,2008,5.58089017868042
sen,2009,4.35563993453979
sen,2010,2.12719011306763
sen,2011,2.23224997520447
sgp,1977,17.9372406005859
sgp,1978,10.8525295257568
sgp,1979,7.12980985641479
sgp,2008,0.0653999969363213
slb,1980,4.09664011001587
slb,1981,4.21122980117798
slb,1982,2.9985499382019
slb,1983,3.68492007255554
slb,1984,3.60222005844116
slb,1986,5.80531978607178
slb,1990,6.89354991912842
slb,1991,6.02229022979736
slb,1992,3.70806002616882
slb,1993,2.60969996452332
slb,1994,5.22177982330322
slb,2010,8.76346015930176
slb,2011,8.39857006072998
slb,2012,8.11334037780762
slb,2013,8.04506969451904
sle,1978,14.7753095626831
sle,2012,14.6193704605103
slv,1971,15.9243097305298
slv,1972,6.54308986663818
slv,1973,5.52648019790649
slv,1974,6.49563980102539
slv,1975,6.43009996414185
slv,1976,6.34163999557495
slv,1977,6.26967000961304
slv,1981,8.4135799407959
slv,1982,7.36221981048584
slv,1983,6.0755500793457
slv,1984,6.22459983825684
slv,1987,6.17323017120361
slv,1988,5.79589986801147
slv,1989,6.69269990921021
slv,1991,6.75131988525391
slv,1992,5.6960301399231
slv,1993,6.24017000198364
slv,1995,4.85172986984253
slv,1996,3.03537011146545
slv,2000,4.27403020858765
slv,2001,4.55480003356934
slv,2002,4.34500980377197
slv,2005,5.41517019271851
slv,2006,5.19646978378296
slv,2007,4.44663000106812
slv,2008,3.7465500831604
slv,2009,4.34109020233154
slv,2010,4.16384983062744
slv,2011,4.78854990005493
slv,2012,5.30774021148682
slv,2013,4.69031000137329
srb,2006,0.550230026245117
srb,2007,0.542420029640198
srb,2008,0.622619986534119
srb,2009,0.452439993619919
srb,2010,0.295810014009476
srb,2011,0.300669997930527
srb,2012,0.293709993362427
srb,2013,0.372759997844696
stp,1977,44.269660949707
stp,1981,26.697380065918
stp,1983,15.7239503860474
stp,1984,15.6197900772095
stp,1985,17.0448303222656
stp,1987,42.6825981140137
stp,1988,33.7045288085938
stp,1990,27.7705307006836
stp,1998,25.4386005401611
stp,2001,23.6702098846436
stp,2002,26.2113304138184
stp,2003,24.3644104003906
stp,2004,23.5915508270264
stp,2007,21.4814796447754
stp,2008,15.8473997116089
stp,2009,1.2807400226593
stp,2010,0.652719974517822
stp,2014,15.9352102279663
sur,1976,21.4094200134277
sur,1977,20.3191890716553
sur,1978,22.9890804290771
sur,1979,22.5963592529297
sur,1981,21.0267105102539
sur,1982,21.1239395141602
sur,1983,21.1015605926514
sur,1984,21.3582992553711
sur,1985,21.6403293609619
sur,1987,21.2287292480469
sur,1988,20.9988403320313
sur,1989,19.9817790985107
sur,2005,14.3021802902222
sur,2006,15.0938396453857
sur,2007,17.4842491149902
sur,2008,17.9974994659424
sur,2013,17.6188507080078
svk,1992,1.56447994709015
svk,1993,1.31692004203796
svk,1994,1.36930000782013
svk,1995,1.26251995563507
svk,1996,1.31772005558014
svk,1997,1.30906999111176
svk,1998,1.45132994651794
svk,1999,1.46695005893707
svk,2000,1.46391999721527
svk,2001,1.43499004840851
svk,2002,1.41391003131866
svk,2003,1.48489999771118
svk,2004,1.55481994152069
svk,2005,1.6431200504303
svk,2006,1.53598999977112
svk,2007,1.78684997558594
svk,2008,1.96958005428314
svk,2009,1.90822005271912
svk,2010,1.63124001026154
svk,2011,1.72789001464844
svk,2012,1.73427999019623
svk,2013,1.92421996593475
svn,1995,0.78575998544693
svn,1996,0.790390014648438
svn,1998,0.736779987812042
svn,1999,0.605910003185272
svn,2001,0.588039994239807
svn,2002,0.435389995574951
svn,2008,0.732879996299744
svn,2009,0.846080005168915
svn,2010,0.875880002975464
svn,2011,0.996370017528534
svn,2012,1.02369999885559
svn,2013,0.93461000919342
swz,1970,7.84740018844604
swz,1971,12.5321798324585
swz,1972,13.0438299179077
swz,1973,10.3913297653198
swz,1974,7.1879301071167
swz,1975,8.21889019012451
swz,1976,9.74020957946777
swz,1977,10.0496597290039
swz,1978,9.60313987731934
swz,1979,10.669059753418
swz,1980,10.6370000839233
swz,1981,11.7792901992798
swz,1982,13.9105396270752
swz,1983,13.2865800857544
swz,1984,12.9265003204346
swz,1985,14.9382400512695
swz,1986,16.0433597564697
swz,1987,16.014949798584
swz,1988,16.9765396118164
swz,1989,16.7133102416992
swz,1990,16.2880592346191
swz,1991,15.7328701019287
swz,1992,16.5918807983398
swz,1993,17.5322494506836
swz,1994,16.6608791351318
swz,1995,16.8275909423828
swz,1996,18.1382293701172
swz,1997,17.6071891784668
swz,1998,19.7649097442627
swz,1999,18.8280601501465
swz,2000,18.4878692626953
swz,2001,17.7106094360352
swz,2002,19.8535099029541
swz,2004,19.7386302947998
swz,2005,20.1709003448486
swz,2006,21.203950881958
swz,2009,19.3948802947998
swz,2010,17.8815307617188
swz,2011,17.8340606689453
swz,2012,19.2974395751953
syc,1970,0.486849993467331
syc,1971,0.238100007176399
syc,1972,0.229409992694855
syc,1978,0.349810004234314
syr,1971,10.432089805603
syr,1972,9.09515953063965
syr,1973,9.17187023162842
syr,1975,10.0073499679565
syr,1976,10.985969543457
syr,1977,10.272120475769
syr,1978,9.24160957336426
syr,1979,9.22931957244873
syr,1980,8.70540046691895
syr,1981,7.78191995620728
syr,1982,7.4300799369812
syr,1983,7.4481201171875
syr,1984,7.32778978347778
syr,1985,7.27241992950439
syr,1986,6.55956983566284
syr,1987,6.75328016281128
syr,1989,6.1414999961853
syr,1991,6.56836986541748
syr,1992,5.97955989837646
syr,1993,6.7559700012207
syr,1994,6.32508993148804
syr,1995,6.56707000732422
syr,1996,6.73819017410278
syr,1997,6.73094987869263
syr,1998,5.88668012619019
syr,1999,5.86078977584839
syr,2000,6.76930999755859
syr,2001,5.83970022201538
syr,2002,5.75930023193359
syr,2003,5.63162994384766
syr,2004,5.15128993988037
syr,2005,4.32558012008667
syr,2006,4.67292976379395
syr,2007,4.96066999435425
syr,2008,4.97327995300293
syr,2009,4.92909002304077
syr,2010,4.68249988555908
syr,2011,4.2327299118042
syr,2012,2.54587006568909
tcd,1971,18.2873001098633
tcd,1974,26.8864002227783
tcd,1976,30.7313995361328
tcd,1977,33.7347106933594
tcd,1988,29.5822696685791
tcd,1989,31.2164707183838
tcd,1990,33.1995086669922
tcd,1991,32.2567100524902
tcd,1994,27.21409034729
tcd,1995,33.9593696594238
tcd,1996,33.2846984863281
tcd,1997,31.3675193786621
tcd,1998,25.4779605865479
tcd,1999,24.3353805541992
tcd,2000,26.4785900115967
tcd,2001,27.3949699401855
tcd,2002,25.6541595458984
tcd,2004,21.4562301635742
tcd,2005,22.8876495361328
tcd,2009,23.65452003479
tcd,2010,24.6347999572754
tcd,2011,25.6747093200684
tcd,2012,27.6679306030273
tgo,1971,29.7834892272949
tgo,1972,27.9063396453857
tgo,1976,26.4422607421875
tgo,1978,25.4559593200684
tgo,1979,28.5106391906738
tgo,1980,29.7525501251221
tgo,1981,34.1785202026367
tgo,1982,36.0103607177734
tgo,1983,36.0511703491211
tgo,1984,37.4736785888672
tgo,1985,37.3639984130859
tgo,1986,36.7426910400391
tgo,1987,34.8924217224121
tgo,1988,32.2490081787109
tgo,1989,36.4750709533691
tgo,1990,34.2385597229004
tgo,1991,36.691780090332
tgo,1992,37.1637496948242
tgo,1994,47.8444900512695
tgo,1995,33.6821403503418
tgo,1996,23.5917797088623
tgo,1999,28.2721900939941
tgo,2000,26.5409507751465
tgo,2002,25.0470008850098
tgo,2003,26.076229095459
tgo,2004,25.0144691467285
tgo,2005,26.6020603179932
tgo,2007,24.0985698699951
tgo,2009,24.4897899627686
tgo,2010,22.6605701446533
tgo,2011,21.1753902435303
tgo,2012,19.134729385376
tgo,2013,13.2446699142456
tha,1975,10.4170303344727
tha,1976,11.0487098693848
tha,1977,10.8468103408813
tha,1978,10.8190698623657
tha,1999,2.06143999099731
tha,2000,3.47602009773254
tjk,1997,0.457210004329681
tjk,1998,0.597239971160889
tjk,1999,0.352290004491806
tjk,2000,0.494249999523163
tjk,2001,0.365619987249374
tjk,2002,0.261550009250641
tjk,2003,0.206909999251366
tjk,2004,0.188869997859001
tjk,2005,0.172529995441437
tjk,2006,0.202219992876053
tjk,2007,0.286229997873306
tjk,2008,0.319420009851456
tjk,2009,0.317510008811951
tjk,2010,0.0795999988913536
tjk,2011,0.23327000439167
tjk,2013,0.0640299990773201
tjk,2014,0.0459100008010864
tls,2008,18.8204402923584
tls,2009,16.398509979248
tls,2010,16.2516307830811
tls,2011,15.269570350647
tls,2012,16.4361705780029
tls,2013,17.7959899902344
tto,1985,0.511839985847473
tto,1988,0.972840011119843
tto,2000,5.85181999206543
tto,2003,4.05586004257202
tto,2004,4.05559015274048
tto,2007,6.08071994781494
tto,2008,5.02363014221191
tto,2009,6.09015989303589
tun,1971,25.5026702880859
tun,1972,23.9141101837158
tun,1976,14.1956996917725
tun,1977,18.1321506500244
tun,1978,15.7368497848511
tun,1979,16.9053592681885
tun,1980,17.4653396606445
tun,1981,17.6581401824951
tun,1982,17.3266296386719
tun,1983,18.3585395812988
tun,1984,17.1692790985107
tun,1985,18.4020690917969
tun,1986,18.2419490814209
tun,1987,19.0450992584229
tun,1989,19.4904403686523
tun,1990,17.8853092193604
tun,1993,19.4602108001709
tun,1994,18.3776397705078
tun,1998,16.4062995910645
tun,1999,14.3423404693604
tun,2000,13.4483098983765
tun,2001,12.0767297744751
tun,2002,11.1054401397705
tun,2003,1.82819998264313
tun,2004,2.93495011329651
tun,2005,2.11589002609253
tun,2006,2.23291993141174
tun,2007,2.73779010772705
tun,2008,2.64207005500793
tun,2009,3.48118996620178
tun,2012,8.27077007293701
tun,2013,8.39048004150391
tur,1984,9.81361961364746
tur,1988,9.05142974853516
tur,1992,6.8189902305603
tur,1993,5.33722019195557
tur,1995,4.94621992111206
tur,2003,2.34698009490967
tur,2004,1.95624995231628
tur,2005,1.98728001117706
tur,2006,1.58185005187988
tur,2007,1.50277996063232
tur,2008,1.11960995197296
tur,2009,0.70524001121521
tur,2010,0.771920025348663
tur,2011,0.856429994106293
tza,1971,0.805909991264343
tza,1972,0.734009981155396
tza,1973,0.543169975280762
tza,1974,0.463330000638962
tza,1975,0.268790006637573
tza,1976,0.252000004053116
tza,1983,2.12346005439758
tza,1984,1.7250599861145
tza,1985,1.37049996852875
tza,1986,1.71617996692657
tza,1987,3.2958300113678
tza,1988,2.93086004257202
tza,1989,2.54170989990234
tza,1991,2.15026998519897
tza,1992,1.8617399930954
tza,1993,1.56394994258881
tza,1994,1.27031004428864
tza,1997,1.20743000507355
tza,1998,1.42142999172211
tza,1999,1.34818005561829
tza,2000,2.56520009040833
tza,2001,2.793869972229
tza,2003,4.76893997192383
tza,2004,4.72002983093262
tza,2005,4.37944984436035
tza,2006,4.18261003494263
tza,2008,2.64222002029419
tza,2009,2.65560007095337
tza,2012,3.87712001800537
uga,1975,10.7938995361328
uga,1976,12.3508100509644
uga,1979,9.82061958312988
uga,1982,11.044750213623
uga,1986,13.6284999847412
uga,2000,9.40676975250244
uga,2001,10.751350402832
uga,2002,13.2425098419189
uga,2003,13.0820503234863
uga,2004,14.2785701751709
uga,2006,15.2160196304321
uga,2008,12.0675096511841
uga,2009,10.0413303375244
uga,2010,9.51531028747559
ukr,1976,0.127910003066063
ukr,1977,0.116599999368191
ukr,1978,0.118610002100468
ukr,1979,0.119419999420643
ukr,1980,0.100689999759197
ukr,1982,0.138390004634857
ukr,1983,0.169949993491173
ukr,1984,0.196020007133484
ukr,1985,0.239570006728172
ukr,1992,0.585200011730194
ukr,1993,0.638949990272522
ukr,1994,0.617479979991913
ukr,1998,0.505819976329803
ukr,1999,0.414519995450974
ukr,2000,0.314570009708405
ukr,2001,0.100610002875328
ukr,2005,0.047740001231432
ukr,2006,0.0419100001454353
ukr,2007,0.047860000282526
ukr,2008,0.0419699996709824
ukr,2009,0.0294899996370077
ukr,2010,0.0172700006514788
ukr,2011,0.0167399998754263
ukr,2012,0.0148200001567602
ukr,2013,0.0186400003731251
ury,1976,14.7390403747559
ury,1977,13.6403999328613
ury,1980,13.1794700622559
ury,1985,9.83450984954834
ury,1986,9.07089996337891
ury,1989,7.38725996017456
ury,1990,8.20493984222412
ury,1991,9.72377967834473
ury,1992,9.1125602722168
ury,1993,8.46603965759277
ury,1994,8.48851013183594
ury,1995,8.36876964569092
ury,1996,8.04417991638184
ury,1997,7.73629999160767
ury,1998,7.65862989425659
ury,1999,7.51827001571655
ury,2000,8.5219898223877
ury,2001,7.96609020233154
ury,2002,7.82219982147217
ury,2003,7.06329011917114
ury,2004,7.09430980682373
ury,2005,6.84845018386841
ury,2006,6.88730001449585
ury,2007,6.48001003265381
ury,2008,5.00463008880615
ury,2009,5.19218015670776
uzb,1995,0.137639999389648
uzb,1999,0.06300999969244
uzb,2000,0.0401900000870228
uzb,2001,0.0299999993294477
uzb,2002,0.0210200008004904
uzb,2003,0.015650000423193
uzb,2004,0.0102599998936057
uzb,2005,0.0110499998554587
uzb,2006,0.00824000034481287
uzb,2007,0.0057600000873208
uzb,2008,0.00346000003628433
uzb,2009,0.00460000010207295
uzb,2010,0.00384999997913837
vct,2009,3.76025009155273
vct,2010,3.68285989761353
vct,2012,2.8747398853302
vct,2013,1.58446002006531
ven,1978,7.51012992858887
ven,1979,8.43120956420898
ven,1980,9.51723957061768
ven,1981,10.4319200515747
ven,1982,10.6138095855713
ven,1983,10.55784034729
ven,1984,10.3984203338623
ven,1985,10.1563997268677
ven,1986,9.6825704574585
ven,1987,9.63792037963867
ven,1988,9.65653991699219
ven,1989,9.71131038665771
ven,1990,10.2251195907593
ven,1991,10.5807600021362
ven,1992,10.4918403625488
ven,1993,11.0144100189209
ven,1996,10.8087501525879
ven,1997,10.4472503662109
ven,1999,8.80745983123779
ven,2001,9.27733993530273
ven,2002,8.7684497833252
ven,2003,8.64626979827881
ven,2004,8.11515045166016
ven,2005,7.45312976837158
ven,2006,6.18512010574341
ven,2007,4.30631017684937
ven,2008,4.77443981170654
ven,2009,5.06850004196167
ven,2010,4.75731992721558
ven,2011,4.39388990402222
ven,2012,4.32173013687134
ven,2013,3.90746998786926
vnm,1979,5.80573987960815
vnm,1999,2.475909948349
vnm,2000,2.10684990882874
vnm,2001,1.73726999759674
vnm,2002,1.6541600227356
vnm,2005,0.658599972724915
vnm,2010,1.01513004302979
vnm,2011,0.830579996109009
vnm,2012,0.608150005340576
vnm,2013,0.62050998210907
vut,1992,10.0288600921631
vut,1994,8.68682956695557
vut,1999,9.57975006103516
vut,2006,13.6315097808838
vut,2007,14.5542802810669
vut,2008,14.8330402374268
wsm,1994,0.795229971408844
wsm,1996,1.59144997596741
wsm,1997,0.574199974536896
wsm,1998,0.44692999124527
wsm,1999,0.768180012702942
wsm,2000,0.410919994115829
wsm,2002,1.13459002971649
wsm,2003,0.99414998292923
wsm,2004,0.631619989871979
wsm,2005,0.892679989337921
wsm,2006,0.443580001592636
wsm,2010,0.543259978294373
wsm,2011,0.617879986763
yem,2001,8.07590007781982
yem,2002,4.85778999328613
yem,2003,4.89455986022949
yem,2004,5.11778020858765
yem,2012,8.59515953063965
zaf,1991,12.9113702774048
zaf,1998,10.0178604125977
zaf,1999,8.68319034576416
zaf,2001,7.86043977737427
zaf,2002,5.52835988998413
zaf,2003,9.09858989715576
zmb,1972,0.875549972057343
zmb,1973,0.903959989547729
zmb,1974,0.86615002155304
zmb,1975,0.876139998435974
zmb,1976,0.60930997133255
zmb,1977,0.487580001354218
zmb,1978,0.53167998790741
zmb,1979,0.509590029716492
zmb,1980,0.478489995002747
zmb,1981,0.478650003671646
zmb,1982,0.479290008544922
zmb,1983,0.397749990224838
zmb,1984,0.470259994268417
zmb,1998,4.50919008255005
zmb,1999,5.03104019165039
zmb,2001,6.78548002243042
zmb,2005,6.00158023834229
zmb,2006,5.76230001449585
zmb,2007,5.00380992889404
zmb,2008,5.10020017623901
zmb,2009,5.24201011657715
zmb,2012,4.82005977630615
zwe,2012,1.68343997001648
