country,year,se_xpd_tert_zs
abw,1998,10.1019496917725
abw,1999,11.638970375061
abw,2000,10.5849599838257
abw,2001,12.1623296737671
abw,2002,11.8400602340698
abw,2004,10.971079826355
abw,2005,11.4852895736694
abw,2012,20.7229804992676
abw,2013,21.6726894378662
abw,2014,20.0215301513672
afg,1971,24.0574398040771
afg,1972,20.8517894744873
afg,1973,20.4514102935791
afg,1975,17.0856895446777
afg,1979,24.0793590545654
afg,1980,19.5690097808838
afg,1981,20.8282299041748
afg,1982,24.1637897491455
afg,1983,21.9705791473389
afg,2010,9.03217029571533
afg,2011,8.98620986938477
afg,2012,12.7417097091675
afg,2013,11.7568302154541
afg,2014,12.4112796783447
afg,2015,15.9537897109985
ago,1985,5.58199977874756
ago,1986,5.83863019943237
ago,1987,6.95546007156372
ago,2005,8.28359985351563
ago,2006,8.70121955871582
alb,1994,10.7416496276855
alb,2013,21.9290504455566
and,2002,6.88233995437622
and,2004,4.96431016921997
and,2005,3.88253998756409
and,2006,6.62779998779297
and,2007,4.53194999694824
and,2009,3.59818005561829
and,2010,3.86128997802734
and,2011,3.84055995941162
and,2013,4.58887004852295
and,2014,6.07554006576538
and,2015,5.4748101234436
are,1997,0.0
arg,1970,24.0
arg,1972,19.3308601379395
arg,1973,23.8717308044434
arg,1974,19.1387596130371
arg,1975,30.7240695953369
arg,1976,27.4960193634033
arg,1977,20.0442409515381
arg,1978,21.7039108276367
arg,1979,22.8223991394043
arg,1980,21.7862491607666
arg,1982,15.9273500442505
arg,1983,18.6335391998291
arg,1984,18.4423694610596
arg,1985,34.958179473877
arg,1986,33.2307586669922
arg,1987,48.660270690918
arg,1989,47.7402000427246
arg,1990,47.3485908508301
arg,1996,20.8908100128174
arg,1998,21.1582107543945
arg,1999,17.1414394378662
arg,2000,18.135009765625
arg,2001,17.132080078125
arg,2002,17.4927806854248
arg,2003,16.1871700286865
arg,2004,17.2048091888428
arg,2005,16.2419605255127
arg,2006,17.7541408538818
arg,2007,17.7497997283936
arg,2008,17.6603603363037
arg,2009,18.8505191802979
arg,2010,19.858060836792
arg,2011,19.4327392578125
arg,2012,19.9406604766846
arg,2013,20.2346801757813
arg,2014,20.4040794372559
arm,1996,14.948450088501
arm,2008,11.2924299240112
arm,2009,9.3612003326416
arm,2010,11.6539602279663
arm,2011,11.2918996810913
arm,2012,9.49213981628417
arm,2013,10.3178100585938
arm,2014,13.6226196289063
arm,2015,12.6889600753784
atg,1999,15.0636796951294
atg,2002,6.71878004074097
atg,2009,7.35312986373901
aus,1978,24.7531604766846
aus,1979,24.0342693328857
aus,1980,23.1767292022705
aus,1982,21.698450088501
aus,1983,31.6726703643799
aus,1985,31.5762100219727
aus,1986,32.2936782836914
aus,1987,31.6431694030762
aus,1988,33.4685516357422
aus,1989,32.6420516967773
aus,1990,33.4206085205078
aus,1991,32.6482086181641
aus,1992,31.8731002807617
aus,1993,26.5834197998047
aus,1994,28.8681907653809
aus,1995,27.5867595672607
aus,1996,29.6160106658936
aus,2000,23.4199295043945
aus,2005,22.1950397491455
aus,2006,21.9800796508789
aus,2007,22.5019702911377
aus,2008,22.4587898254395
aus,2009,22.1126499176025
aus,2010,22.2766094207764
aus,2011,23.2018508911133
aus,2012,23.6786193847656
aus,2013,25.9484004974365
aus,2014,26.5386505126953
aut,1970,15.0673599243164
aut,1971,15.0872402191162
aut,1972,15.362380027771
aut,1973,15.2379503250122
aut,1974,15.6788301467896
aut,1975,16.1482791900635
aut,1976,16.1057891845703
aut,1977,15.1926002502441
aut,1978,14.8412103652954
aut,1979,14.961009979248
aut,1980,14.9428100585938
aut,1981,14.2903499603271
aut,1982,14.9554300308228
aut,1983,15.6764698028564
aut,1984,17.4245204925537
aut,1985,17.6665096282958
aut,1986,19.8034400939941
aut,1987,19.78005027771
aut,1988,20.457239151001
aut,1989,20.6349391937256
aut,1990,20.3445205688477
aut,1991,21.2973403930664
aut,1992,20.9645900726318
aut,1993,20.5147705078125
aut,1995,21.5049304962158
aut,1996,21.05006980896
aut,1998,26.2319202423096
aut,1999,26.1860599517822
aut,2000,25.0096893310547
aut,2001,23.641809463501
aut,2002,22.571159362793
aut,2003,23.5198001861572
aut,2004,26.1213302612305
aut,2005,27.2827701568604
aut,2006,27.1619300842285
aut,2007,27.7535095214844
aut,2008,27.19455909729
aut,2009,26.1959991455078
aut,2010,27.7144794464111
aut,2011,26.8560600280762
aut,2012,33.3041801452637
aut,2013,32.3379287719727
aut,2014,32.5169486999512
aze,1992,11.1643800735474
aze,1995,7.49752998352051
aze,1996,7.30054998397827
aze,1998,6.59793996810913
aze,1999,6.12115001678467
aze,2000,6.00556993484497
aze,2001,6.01176977157593
aze,2002,5.82048988342285
aze,2003,5.57931995391846
aze,2004,6.41629981994629
aze,2005,6.94571018218994
aze,2006,7.00231981277466
aze,2007,7.94790983200073
aze,2008,11.337140083313
aze,2009,13.9642696380615
aze,2010,14.0388898849487
aze,2011,14.6259603500366
bdi,1979,22.4336700439453
bdi,1981,23.1654205322266
bdi,1990,23.2151107788086
bdi,1991,27.7320003509521
bdi,1992,24.6913604736328
bdi,1994,19.5126495361328
bdi,1995,17.5245399475098
bdi,1996,18.6260795593262
bdi,1999,24.3035907745361
bdi,2000,26.9245700836182
bdi,2001,27.7662906646729
bdi,2002,24.9317207336426
bdi,2004,18.2828807830811
bdi,2005,15.3076295852661
bdi,2008,21.2096900939941
bdi,2009,18.3455104827881
bdi,2010,18.0335903167725
bdi,2011,17.459810256958
bdi,2012,20.5790405273438
bdi,2013,24.2336692810059
bel,1975,16.0779209136963
bel,1976,15.935830116272
bel,1977,16.6201095581055
bel,1978,18.9218597412109
bel,1979,19.4484195709229
bel,1980,18.5961208343506
bel,1981,18.7764301300049
bel,1982,18.3924198150635
bel,1986,19.1432304382324
bel,1987,19.0687408447266
bel,1988,19.5251693725586
bel,1993,17.3821201324463
bel,1994,20.438440322876
bel,1995,20.4969997406006
bel,1996,21.4563903808594
bel,2001,22.3098697662354
bel,2002,21.7314605712891
bel,2003,21.6936302185059
bel,2004,21.6121101379395
bel,2005,21.6971206665039
bel,2006,22.0349006652832
bel,2007,21.7001209259033
bel,2008,21.3158092498779
bel,2009,22.4258708953857
bel,2010,22.1683502197266
bel,2011,21.9972991943359
bel,2013,21.8437595367432
bel,2014,22.0459594726563
ben,2000,21.7562503814697
ben,2001,18.3195304870605
ben,2002,21.6857109069824
ben,2003,20.601770401001
ben,2004,19.4837303161621
ben,2005,21.2028694152832
ben,2006,20.6407203674316
ben,2007,20.1609802246094
ben,2008,17.6368999481201
ben,2009,18.495569229126
ben,2010,15.6042995452881
ben,2012,24.7532005310059
ben,2013,21.0357494354248
ben,2014,20.3499603271484
ben,2015,22.1490097045898
bfa,1978,35.7309188842773
bfa,1980,33.8410110473633
bfa,1983,30.8344402313232
bfa,1985,30.8239707946777
bfa,1988,0.0
bfa,1994,16.1035404205322
bfa,1996,0.0
bfa,2005,9.57532024383544
bfa,2006,11.1201496124268
bfa,2007,15.2019300460815
bfa,2010,18.840799331665
bfa,2011,15.3116102218628
bfa,2012,17.5009899139404
bfa,2013,21.7184295654297
bfa,2014,12.289400100708
bfa,2015,13.6521196365356
bgd,1979,22.1340103149414
bgd,1980,21.9068603515625
bgd,1981,15.8549003601074
bgd,1982,12.7323198318481
bgd,1983,11.5502395629883
bgd,1984,11.4871196746826
bgd,1985,10.5775899887085
bgd,1986,9.62477016448975
bgd,1987,9.27480030059814
bgd,1990,8.24368000030518
bgd,1991,9.08170986175537
bgd,1992,10.1807699203491
bgd,1993,8.50549030303955
bgd,1997,4.73788976669312
bgd,1999,10.9607400894165
bgd,2000,10.1154899597168
bgd,2001,10.1051197052002
bgd,2002,11.1388998031616
bgd,2003,9.11019992828369
bgd,2004,11.5420503616333
bgd,2006,12.9276399612427
bgd,2007,11.4675998687744
bgd,2008,13.2648696899414
bgd,2009,13.5014095306396
bgd,2011,10.2933797836304
bgd,2012,14.7335195541382
bgd,2016,19.9952602386475
bgr,1970,13.110369682312
bgr,1971,16.7670803070068
bgr,1972,17.5739593505859
bgr,1973,17.2790794372559
bgr,1974,15.311429977417
bgr,1975,15.1305904388428
bgr,1976,16.1380805969238
bgr,1977,19.6754398345947
bgr,1978,15.983570098877
bgr,1979,16.701000213623
bgr,1980,16.4918098449707
bgr,1990,18.791690826416
bgr,1991,14.400110244751
bgr,1992,15.8951101303101
bgr,1993,18.13205909729
bgr,1994,17.6953601837158
bgr,1995,18.1559791564941
bgr,1996,20.1742706298828
bgr,1998,14.3601303100586
bgr,2001,15.8498001098633
bgr,2002,15.1946697235107
bgr,2003,19.6962604522705
bgr,2004,21.2729396820068
bgr,2005,16.8596897125244
bgr,2006,17.2885608673096
bgr,2007,16.4318695068359
bgr,2008,19.400239944458
bgr,2009,20.6942195892333
bgr,2010,14.8077096939087
bgr,2011,16.9761505126953
bgr,2012,17.8055992126465
bgr,2013,15.9161100387573
bhr,1970,4.58421993255615
bhr,1971,4.40986013412476
bhr,1972,10.4619302749634
bhr,2013,0.0
blr,2004,24.6787490844727
blr,2005,25.477560043335
blr,2006,26.7144107818604
blr,2007,20.1889991760254
blr,2009,20.0739002227783
blr,2010,17.1275005340576
blr,2011,17.295919418335
blr,2012,17.8729400634766
blr,2013,17.5831909179688
blr,2014,16.8941802978516
blr,2015,16.7562503814697
blz,1999,6.4143500328064
blz,2000,6.52924013137817
blz,2004,10.7674503326416
blz,2008,9.18918991088867
blz,2009,10.9140796661377
blz,2010,8.6660099029541
blz,2013,13.568639755249
blz,2014,12.9880504608154
bmu,1973,10.6928596496582
bmu,1975,11.5219802856445
bmu,1985,22.6371593475342
bmu,1990,35.1093711853027
bmu,1991,27.3066101074219
bmu,1992,23.0142498016357
bmu,1998,1.85198998451233
bmu,2010,13.4837503433228
bmu,2014,18.2336902618408
bol,1994,29.0149898529053
bol,1995,25.4558296203613
bol,1996,28.466329574585
bol,1998,27.0389995574951
bol,1999,24.188289642334
bol,2000,28.8509902954102
bol,2002,25.088249206543
bol,2003,21.6126708984375
bol,2006,24.1981105804443
bol,2008,29.0870094299316
bol,2009,29.7408504486083
bol,2010,29.8609600067139
bol,2011,28.7587890625
bol,2012,24.9967098236083
bol,2013,27.0006694793701
bol,2014,26.222469329834
bra,1995,25.4675598144531
bra,1998,21.4378299713135
bra,1999,21.0664901733398
bra,2000,22.0737800598145
bra,2001,21.5890197753906
bra,2002,23.589599609375
bra,2004,18.9201202392578
bra,2005,18.9950408935547
bra,2006,16.6642303466797
bra,2007,16.1716709136963
bra,2008,15.9100503921509
bra,2009,15.9886903762817
bra,2010,16.3982105255127
bra,2011,16.7633495330811
bra,2012,16.3650608062744
bra,2013,18.1600399017333
brb,1971,13.1859502792358
brb,1972,12.8716802597046
brb,1973,13.0198497772217
brb,1974,12.8177099227905
brb,1976,20.1126308441162
brb,1977,22.7066707611083
brb,1991,19.8177700042725
brb,1999,32.1092796325684
brb,2000,27.4412307739258
brb,2001,29.0615406036377
brb,2002,29.9328193664551
brb,2003,28.6243000030518
brb,2004,31.4999809265137
brb,2005,31.5778102874756
brb,2007,30.176420211792
brb,2008,30.0895595550537
brb,2009,29.9029808044434
brb,2010,32.505729675293
brb,2012,30.2218399047852
brb,2013,37.0210914611816
brb,2014,39.2767715454102
brn,1970,5.47028017044067
brn,1971,7.76356983184814
brn,1972,9.68745994567871
brn,1973,2.76511001586914
brn,1974,3.66831994056702
brn,1975,7.72217988967896
brn,1976,6.37505006790161
brn,1978,9.24283027648926
brn,1979,11.5289897918701
brn,1980,15.2630796432495
brn,1981,17.3092403411865
brn,1982,12.9318895339966
brn,1987,10.2965097427368
brn,1988,10.464409828186
brn,1989,1.95287001132965
brn,1990,10.2305202484131
brn,1991,2.12122011184692
brn,1992,1.67929005622864
brn,1993,1.1654599905014
brn,2010,24.379789352417
brn,2014,31.9216594696045
brn,2016,18.8945007324219
btn,1971,0.0
btn,1972,1.38906002044678
btn,1975,33.8130989074707
btn,1978,4.84862995147705
btn,1979,6.32183980941772
btn,2005,14.0683898925781
btn,2008,19.3978996276855
btn,2009,13.2309503555298
btn,2010,15.1106796264648
btn,2011,11.0391998291016
btn,2013,18.2253799438477
btn,2014,10.3283996582031
bwa,1971,7.66941976547241
bwa,1972,11.6154499053955
bwa,1973,14.2512702941895
bwa,1974,14.1824598312378
bwa,1975,12.9043197631836
bwa,1976,12.7079801559448
bwa,1977,15.6783103942871
bwa,1978,14.2225999832153
bwa,1979,5.93739986419678
bwa,1980,13.8072595596313
bwa,1983,16.2570705413818
bwa,1984,15.4007797241211
bwa,1985,14.6052103042603
bwa,1986,18.8624496459961
bwa,1987,14.328989982605
bwa,1988,10.7826299667358
bwa,1990,19.1989002227783
bwa,1992,14.6102304458618
bwa,2005,27.8668804168701
bwa,2007,27.4944896697998
bwa,2009,41.5094413757324
caf,1978,16.4723606109619
caf,1986,18.753870010376
caf,1987,20.898120880127
caf,1990,21.288200378418
caf,1991,23.3578300476074
caf,2006,22.8185405731201
caf,2007,21.282169342041
caf,2008,17.4819107055664
caf,2009,22.7160396575928
caf,2010,20.4740200042725
caf,2011,27.291130065918
can,1971,31.3618392944336
can,1972,31.3665504455566
can,1973,31.1294898986816
can,1974,30.7169704437256
can,1975,31.4310207366943
can,1976,31.4379997253418
can,1977,29.611349105835
can,1978,29.0732307434082
can,1979,30.5782108306885
can,1980,29.7934894561768
can,1981,29.9028205871582
can,1982,29.378210067749
can,1983,30.0643100738525
can,1984,30.9309997558594
can,1985,30.5206909179688
can,1986,31.0230293273926
can,1987,30.8916606903076
can,1988,30.841100692749
can,1989,31.6980895996094
can,1990,31.8125095367432
can,1991,28.1315498352051
can,1992,30.7502193450928
can,1993,27.7807998657227
can,1994,34.5757904052734
can,1995,35.2679595947266
can,1998,31.0006809234619
can,2007,36.8122100830078
can,2008,34.4443092346191
can,2009,36.0686111450195
can,2010,35.3894500732422
can,2011,35.5993995666504
che,1970,17.5672798156738
che,1971,18.9313697814941
che,1972,18.6030693054199
che,1973,18.9235897064208
che,1974,17.6046199798583
che,1975,17.6480903625488
che,1976,16.8116302490234
che,1977,17.6370792388916
che,1978,17.3470802307129
che,1979,18.5474891662598
che,1980,19.8633804321289
che,1981,20.106990814209
che,1982,19.6683902740479
che,1983,19.9910507202148
che,1984,19.6815605163574
che,1985,19.1342105865479
che,1986,19.8403091430664
che,1987,20.27419090271
che,1988,20.3986797332764
che,1989,20.7940502166748
che,1990,20.92506980896
che,1991,21.1571407318115
che,1993,20.6787300109863
che,1994,20.505090713501
che,1995,19.9141407012939
che,1996,19.7448692321777
che,1998,20.3450698852539
che,1999,22.3087596893311
che,2000,22.292179107666
che,2001,23.1110000610352
che,2002,24.2252292633057
che,2003,27.0848007202148
che,2004,27.9419994354248
che,2005,25.9595394134521
che,2006,26.5932102203369
che,2007,25.4512004852295
che,2008,23.999059677124
che,2009,25.1430492401123
che,2010,25.3070907592773
che,2011,25.9961795806885
che,2012,26.3080997467041
che,2013,26.1460304260254
che,2014,26.3779907226563
chl,1974,47.9349403381348
chl,1975,27.3510208129883
chl,1978,32.4563598632813
chl,1979,33.6648216247559
chl,1980,35.8438987731934
chl,1981,36.3581008911133
chl,1987,20.764820098877
chl,1990,20.1473693847656
chl,1993,20.7972202301025
chl,1994,19.1772308349609
chl,1995,17.6422100067139
chl,1996,16.7284507751465
chl,1997,16.5237407684326
chl,1998,16.5245990753174
chl,2000,14.5346403121948
chl,2002,14.0274095535278
chl,2003,13.1512002944946
chl,2004,15.1174001693726
chl,2005,13.9657602310181
chl,2006,14.8115797042847
chl,2007,15.3107795715332
chl,2008,14.514479637146
chl,2009,15.6017198562622
chl,2010,22.3299694061279
chl,2011,21.7924308776855
chl,2012,21.1182308197021
chl,2013,25.6145706176758
chl,2014,24.6963405609131
chl,2015,25.6818904876708
chn,1971,13.9214496612549
chn,1972,14.2822303771973
chn,1973,15.7362604141235
chn,1974,15.9839401245117
chn,1975,15.9830503463745
chn,1976,16.8170890808105
chn,1977,16.5494194030762
chn,1978,20.7743606567383
chn,1979,26.3850994110107
chn,1980,30.6692504882813
chn,1981,31.5729293823242
chn,1982,30.5342102050781
chn,1983,32.5389785766602
chn,1984,33.9588890075684
chn,1985,34.1342010498047
chn,1986,34.1685791015625
chn,1987,32.1679000854492
chn,1988,29.3827705383301
chn,1992,25.931770324707
chn,1993,23.1886501312256
chn,1994,21.3833103179932
chn,1995,19.5480709075928
chn,1996,19.6605491638184
chn,1998,15.5807199478149
chn,1999,23.9841499328613
civ,1970,15.2677001953125
civ,1972,13.9463300704956
civ,1973,13.7997598648071
civ,1974,18.8385791778564
civ,1975,18.1256294250488
civ,1976,15.9387702941895
civ,1978,22.7077198028564
civ,1979,23.8943996429443
civ,1980,15.2802495956421
civ,1992,14.8162202835083
civ,1993,15.253270149231
civ,1994,16.7169609069824
civ,1995,18.5561904907227
civ,1996,18.2650108337402
civ,1997,19.7260208129883
civ,1998,23.5119304656982
civ,1999,20.8025798797607
civ,2000,22.0426807403564
civ,2001,19.4232597351074
civ,2002,17.3295497894287
civ,2003,18.6968803405762
civ,2004,20.2216091156006
civ,2005,20.0
civ,2006,21.9330997467041
civ,2007,23.9027996063232
civ,2008,23.7747402191162
civ,2009,21.9343395233154
civ,2010,22.2346897125244
civ,2011,25.8595409393311
civ,2012,24.7666893005371
civ,2013,24.8968906402588
civ,2014,21.0224609375
civ,2015,21.444299697876
cmr,1971,18.471170425415
cmr,1972,20.3807201385498
cmr,1982,32.0073890686035
cmr,1983,36.6684188842773
cmr,1984,25.3606300354004
cmr,1986,27.3924503326416
cmr,1987,27.3805999755859
cmr,1988,25.8742008209229
cmr,1989,32.4711799621582
cmr,1990,36.5036087036133
cmr,1991,29.5430107116699
cmr,1992,15.6134004592896
cmr,2004,10.3624000549316
cmr,2005,12.6432504653931
cmr,2006,10.4981098175049
cmr,2007,10.6148700714111
cmr,2008,8.85136985778809
cmr,2009,8.62576007843018
cmr,2010,9.04275035858154
cmr,2011,15.0936803817749
cmr,2012,7.7697901725769
cmr,2013,10.2072401046753
cod,1980,30.5107593536377
cod,1981,25.6936702728271
cod,1982,23.4392890930176
cod,1983,33.2220611572266
cod,1984,25.9972190856934
cod,1985,28.4905490875244
cod,1986,25.9973201751708
cod,1987,23.2317295074463
cod,1988,35.4148597717285
cod,2010,23.9978408813477
cod,2013,21.9535293579102
cog,1970,9.30185985565186
cog,1971,14.2854995727539
cog,1973,17.4647006988525
cog,1975,27.3713607788086
cog,1978,22.0276203155518
cog,1979,24.9155693054199
cog,1980,25.6257495880127
cog,1994,29.7858104705811
cog,1995,27.5263690948486
cog,2002,25.466459274292
cog,2005,25.9123497009277
cog,2010,10.8725900650024
col,1979,23.3561592102051
col,1980,25.526460647583
col,1981,22.7993602752686
col,1984,20.6234893798828
col,1985,22.490119934082
col,1989,18.7915897369385
col,1998,19.5909404754639
col,1999,19.0702800750732
col,2000,19.8777503967285
col,2001,19.8747100830078
col,2004,13.3083000183105
col,2005,13.8140296936035
col,2008,22.0458698272705
col,2009,19.5937309265137
col,2010,22.1054096221924
col,2011,20.6052703857422
col,2012,21.9726905822754
col,2013,17.7264404296875
col,2014,20.7552108764648
col,2015,21.3815898895264
com,1971,4.5460901260376
com,1998,3.31704998016357
com,2002,7.66893005371094
com,2008,14.6079597473145
com,2011,8.97309017181396
com,2012,8.20401000976563
com,2013,9.74199962615967
com,2014,7.74070978164673
com,2015,10.4116802215576
cpv,2002,17.5130805969238
cpv,2006,11.1520595550537
cpv,2008,11.2739200592041
cpv,2009,13.9665803909302
cpv,2011,16.5703296661377
cpv,2013,15.8199901580811
cri,1980,29.5694408416748
cri,1982,37.103759765625
cri,1983,31.0884895324707
cri,1986,43.2202606201172
cri,1988,42.8255882263184
cri,1989,42.267391204834
cri,1995,31.272590637207
cri,1996,28.4813404083252
cri,1999,17.2858390808105
cri,2000,19.4376602172852
cri,2001,19.156759262085
cri,2002,18.8146896362305
cri,2004,18.7763004302979
cri,2006,20.9271297454833
cri,2007,20.9087009429932
cri,2008,20.9015293121338
cri,2009,18.9862499237061
cri,2010,18.4176597595215
cri,2011,19.6384201049805
cri,2012,19.6878795623779
cri,2013,20.5147895812988
cri,2014,21.6809101104736
cri,2015,22.2543201446533
cub,1980,9.04242038726807
cub,1991,18.0675601959229
cub,1993,18.7873592376708
cub,1994,19.0194396972656
cub,1998,16.4337692260742
cub,1999,15.9224100112915
cub,2000,17.5713005065918
cub,2001,17.1048107147217
cub,2002,17.5386390686035
cub,2004,21.7787094116211
cub,2005,22.0605201721191
cub,2006,22.8928298950195
cub,2007,25.1173191070557
cuw,2013,5.25014019012451
cyp,1970,8.88694953918457
cyp,1971,10.4671897888184
cyp,1972,8.55856037139893
cyp,1973,6.00201988220215
cyp,1974,4.58963012695313
cyp,1975,3.58137011528015
cyp,1976,3.11275005340576
cyp,1977,3.56046009063721
cyp,1978,5.55522012710571
cyp,1979,4.82999992370605
cyp,1980,4.14235019683838
cyp,1981,3.85402989387512
cyp,1982,3.85389995574951
cyp,1984,4.21406984329224
cyp,1985,4.36932992935181
cyp,1986,4.28788995742798
cyp,1987,4.54278993606567
cyp,1988,4.1412501335144
cyp,1989,3.8675000667572
cyp,1990,3.81763005256653
cyp,1991,3.85439991950989
cyp,1992,6.32145023345947
cyp,1993,5.80240011215209
cyp,1994,6.25871992111206
cyp,1995,7.14633989334106
cyp,1999,14.7534999847412
cyp,2000,17.1299304962158
cyp,2001,12.82839012146
cyp,2002,14.4329900741577
cyp,2003,21.2627296447754
cyp,2004,22.0183601379395
cyp,2005,22.8609294891357
cyp,2006,23.5266304016113
cyp,2007,23.3148708343506
cyp,2008,24.9868507385254
cyp,2009,25.7650203704833
cyp,2010,20.4564609527588
cyp,2011,20.4467906951904
cyp,2013,22.4003505706787
cyp,2014,17.558780670166
cze,1992,12.8592700958252
cze,1993,18.7421798706055
cze,1994,15.2544202804565
cze,1995,14.9665803909302
cze,1996,16.0536403656006
cze,1998,18.9140491485596
cze,1999,19.098669052124
cze,2000,18.9773101806641
cze,2001,19.3362903594971
cze,2002,19.9962501525879
cze,2003,20.7544097900391
cze,2004,21.5067806243896
cze,2005,21.0136604309082
cze,2006,26.6974201202393
cze,2007,25.5102596282958
cze,2008,23.7089805603027
cze,2009,23.2227306365967
cze,2010,22.5343799591064
cze,2011,25.7925300598145
cze,2012,23.4214401245117
cze,2013,21.4773406982422
deu,1993,22.0819301605225
deu,1994,22.2044696807861
deu,1995,23.0470504760742
deu,1996,23.3510608673096
deu,1998,23.2523403167725
deu,2006,25.1859703063965
deu,2007,25.3640403747559
deu,2008,26.6524391174316
deu,2009,26.4415798187256
deu,2010,27.1624507904053
deu,2011,28.1280307769775
deu,2012,26.7842197418213
deu,2013,26.4831199645996
deu,2014,26.5878105163574
dji,1970,0.0
dji,1971,2.77056002616882
dji,1979,14.625129699707
dji,2010,16.4995002746582
dma,1989,2.38295006752014
dnk,1970,20.6503200531006
dnk,1971,17.810640335083
dnk,1972,18.5397605895996
dnk,1973,21.1005191802979
dnk,1974,20.7399806976318
dnk,1975,21.7959403991699
dnk,1977,19.4431304931641
dnk,1978,17.8780307769775
dnk,1979,16.6287899017333
dnk,1980,17.4087390899658
dnk,1986,23.3788394927979
dnk,1987,21.8553504943848
dnk,1988,23.3263702392578
dnk,1989,17.8784294128418
dnk,1991,21.28125
dnk,1993,26.0129108428955
dnk,1994,25.9119491577148
dnk,1995,24.2484092712402
dnk,1996,23.7440299987793
dnk,1998,26.1261596679688
dnk,1999,28.9883899688721
dnk,2000,30.0013103485107
dnk,2001,32.0943908691406
dnk,2002,31.9798698425293
dnk,2003,29.9951992034912
dnk,2004,29.8243598937988
dnk,2005,28.6779308319092
dnk,2006,28.3820991516113
dnk,2007,29.19700050354
dnk,2008,28.3034706115723
dnk,2009,27.6409606933594
dnk,2010,27.3288898468018
dnk,2011,27.9044799804688
dnk,2012,29.9953594207764
dnk,2013,26.8938407897949
dom,1970,25.368989944458
dom,1982,23.5655708312988
dom,1983,24.1246490478516
dom,1984,20.6730499267578
dom,1985,22.2422790527344
dom,1993,13.2929201126099
dom,1994,10.5554895401001
dom,1995,9.34111976623535
dom,1996,13.4292802810669
dom,2007,14.5349998474121
dza,1979,13.9109601974487
dza,1980,19.7112197875977
dza,2008,26.9726104736328
ecu,1970,16.5352802276611
ecu,1971,9.88327026367188
ecu,1977,23.0326595306396
ecu,1984,21.5684394836426
ecu,1985,20.4944095611572
ecu,1986,17.9175300598145
ecu,1995,23.2102203369141
ecu,1999,8.00463962554932
ecu,2000,5.16005992889404
ecu,2009,30.2097301483154
ecu,2010,35.7878189086914
ecu,2011,33.4521484375
ecu,2012,34.492488861084
ecu,2013,32.2503890991211
ecu,2014,40.374340057373
ecu,2015,43.5137405395508
egy,1971,22.3181400299072
egy,1972,23.2345008850098
egy,1974,30.1747207641602
egy,1975,30.7150402069092
egy,1976,32.288200378418
egy,1977,29.9503993988037
egy,1978,36.143970489502
egy,1980,38.1276016235352
egy,1982,38.8211784362792
egy,1983,38.0481796264648
egy,1988,32.103588104248
egy,1989,32.65576171875
egy,1992,41.189380645752
egy,1993,39.6472015380859
egy,1994,38.1922988891602
egy,1995,39.3694915771484
egy,1996,39.6222496032715
eri,1996,0.0
eri,2001,14.047550201416
eri,2002,14.8889999389648
eri,2004,31.8975200653076
esp,1970,19.2517890930176
esp,1971,19.8051795959473
esp,1972,16.1314907073975
esp,1974,15.0879497528076
esp,1976,16.2573204040527
esp,1977,16.031909942627
esp,1978,14.8008804321289
esp,1979,13.4933500289916
esp,1987,14.6908102035522
esp,1988,15.1318502426147
esp,1989,16.0294399261475
esp,1990,18.3772792816162
esp,1991,18.9783897399902
esp,1992,19.3078994750977
esp,1993,17.8165893554688
esp,1994,17.4176197052002
esp,1995,18.0928707122803
esp,1996,19.8560905456543
esp,1998,19.7839603424072
esp,1999,20.0788993835449
esp,2000,21.7893695831299
esp,2001,22.8048191070557
esp,2002,22.8421897888184
esp,2003,23.2186393737793
esp,2004,22.8941993713379
esp,2005,22.3654594421387
esp,2006,22.2530307769775
esp,2007,22.8641700744629
esp,2008,23.0799407958984
esp,2009,22.8292808532715
esp,2010,23.4332599639893
esp,2011,23.4332599639893
esp,2012,22.3069496154785
esp,2013,22.4370307922363
esp,2014,22.4902496337891
est,1992,19.3790092468262
est,1993,15.9015102386475
est,1994,16.2649898529053
est,1995,17.6748905181885
est,1996,19.3576107025146
est,1997,18.4271392822266
est,1998,16.6767101287842
est,1999,16.770299911499
est,2001,19.5557098388672
est,2002,19.7054004669189
est,2003,19.2627506256104
est,2004,17.3813991546631
est,2005,18.9483509063721
est,2007,21.9767208099365
est,2008,19.8709907531738
est,2009,22.0696506500244
est,2010,21.7377605438232
est,2011,25.0859508514404
est,2012,21.8218593597412
est,2013,28.2268295288086
est,2014,26.2303791046143
eth,1971,15.8669900894165
eth,1972,18.5035495758057
eth,1977,20.3345203399658
eth,1978,16.672779083252
eth,1979,15.5045604705811
eth,1980,20.0617904663086
eth,1981,18.5808200836182
eth,1982,17.8568496704102
eth,1983,16.5916996002197
eth,1984,15.850549697876
eth,1985,16.1021595001221
eth,1986,16.2767906188965
eth,1993,13.5090398788452
eth,1996,15.0174503326416
eth,1997,15.9299602508545
eth,2009,39.1276893615723
eth,2010,43.9365615844727
eth,2011,44.8773498535156
eth,2012,46.837459564209
eth,2013,42.7109107971191
fin,1970,11.1033496856689
fin,1971,11.082670211792
fin,1972,12.853440284729
fin,1973,13.6169204711914
fin,1974,15.218879699707
fin,1975,15.4957799911499
fin,1976,15.5343103408813
fin,1979,21.1768608093262
fin,1980,21.0901699066162
fin,1981,21.0938606262207
fin,1982,20.9365100860596
fin,1983,20.2345790863037
fin,1984,20.6034908294678
fin,1985,21.0359592437744
fin,1986,19.9448890686035
fin,1987,21.30419921875
fin,1988,22.726879119873
fin,1989,23.8181495666504
fin,1990,25.396110534668
fin,1991,28.2907791137695
fin,1992,29.9580593109131
fin,1993,28.2273502349854
fin,1994,25.7316398620605
fin,1995,28.4176502227783
fin,1996,28.3269004821777
fin,1999,33.831298828125
fin,2000,34.0304298400879
fin,2001,32.9422416687012
fin,2002,32.474781036377
fin,2003,32.0315704345703
fin,2004,32.2013702392578
fin,2005,31.8101806640625
fin,2006,31.6518592834473
fin,2007,31.3624801635742
fin,2008,31.0042896270752
fin,2009,31.7484703063965
fin,2010,31.8472995758057
fin,2011,32.0233001708984
fin,2012,28.5646705627441
fin,2013,28.0415496826172
fin,2014,27.9129695892333
fji,1979,6.92869997024536
fji,1981,5.33413982391357
fji,1983,9.99176979064941
fji,1989,8.84354972839355
fji,1998,16.1141700744629
fji,1999,14.9246397018433
fji,2000,14.4192199707031
fji,2001,16.0443801879883
fji,2002,13.6126499176025
fji,2004,15.8892402648926
fji,2011,12.9569301605225
fji,2013,22.5629997253418
fra,1970,18.369140625
fra,1971,18.2454795837402
fra,1972,17.3819007873535
fra,1973,16.9926795959473
fra,1974,15.0142498016357
fra,1975,14.3417997360229
fra,1976,14.1046199798584
fra,1977,13.8787097930908
fra,1978,13.8926401138306
fra,1979,13.8177700042725
fra,1980,13.4449396133423
fra,1981,13.7512197494507
fra,1982,13.5418701171875
fra,1983,13.3536500930786
fra,1984,13.6254901885986
fra,1985,14.0909204483032
fra,1986,14.3319997787476
fra,1987,14.2030601501465
fra,1988,14.3779602050781
fra,1989,14.8478298187256
fra,1990,15.2817096710205
fra,1991,15.1721000671387
fra,1992,15.8491897583008
fra,1993,16.968469619751
fra,1994,16.7690906524658
fra,1995,17.6506309509277
fra,1996,18.1490592956543
fra,1999,17.5814609527588
fra,2000,17.6102199554443
fra,2001,17.6430606842041
fra,2002,17.6980094909668
fra,2003,20.2637500762939
fra,2004,20.864429473877
fra,2005,21.1015300750732
fra,2006,21.409740447998
fra,2007,21.9346904754639
fra,2008,22.2003307342529
fra,2009,22.7442493438721
fra,2010,22.6283206939697
fra,2011,22.789249420166
fra,2012,22.3444900512695
fra,2013,22.5762901306152
fsm,1972,9.56564044952393
gab,1992,0.0
gab,1998,9.80873012542725
gab,2010,37.8439407348633
gab,2011,34.0908317565917
gab,2012,33.8935394287109
gab,2013,45.3541603088379
gab,2014,37.8259811401367
gbr,1971,23.7591209411621
gbr,1972,25.0636901855469
gbr,1973,24.4606304168701
gbr,1974,23.2239799499512
gbr,1975,21.7619400024414
gbr,1976,20.7407398223877
gbr,1977,21.5186595916748
gbr,1980,22.4262599945068
gbr,1981,23.0242691040039
gbr,1982,22.8119201660156
gbr,1983,22.6980304718018
gbr,1984,21.9160804748535
gbr,1985,22.586109161377
gbr,1986,21.0872993469238
gbr,1987,20.7826995849609
gbr,1988,20.1675090789795
gbr,1989,20.078649520874
gbr,1990,20.4439601898193
gbr,1991,20.6808204650879
gbr,1992,21.7937793731689
gbr,1994,23.0200099945068
gbr,1995,23.6259803771973
gbr,1996,23.7344493865967
gbr,1998,21.9444103240967
gbr,1999,20.1130790710449
gbr,2000,17.5405502319336
gbr,2001,17.2376194000244
gbr,2002,20.6379203796387
gbr,2003,19.7607707977295
gbr,2004,19.2933692932129
gbr,2005,22.2921390533447
gbr,2006,20.1014404296875
gbr,2007,17.3860397338867
gbr,2008,15.7093095779419
gbr,2009,14.3697204589844
gbr,2010,16.3946895599365
gbr,2011,22.0970401763916
gbr,2013,23.9585990905762
gbr,2014,24.3262691497803
gbr,2015,22.8207702636719
geo,1994,17.694860458374
geo,2008,11.5767002105713
geo,2011,11.160400390625
geo,2012,19.1707992553711
gha,1971,27.0030403137207
gha,1972,25.7610206604004
gha,1974,19.7877292633057
gha,1975,19.9404201507568
gha,1976,16.0318508148193
gha,1977,15.2476997375488
gha,1979,2.27250003814697
gha,1981,1.82327997684479
gha,1982,2.16216993331909
gha,1986,2.09448003768921
gha,1987,15.2789001464844
gha,1988,11.7262601852416
gha,2001,14.1950798034668
gha,2004,19.5373992919922
gha,2005,22.0727005004883
gha,2006,20.3018207550049
gha,2007,26.0176200866699
gha,2008,25.8532009124756
gha,2009,23.8734607696533
gha,2010,25.9484004974365
gha,2011,13.1262502670288
gha,2012,18.5205001831055
gha,2013,19.4197998046875
gha,2014,18.2652397155762
gin,1984,23.5553092956543
gin,1991,24.9634494781494
gin,1992,20.7361793518066
gin,1993,23.3364906311035
gin,2004,25.77659034729
gin,2005,30.5619697570801
gin,2008,34.4241104125977
gin,2009,34.2087097167969
gin,2010,36.2371482849121
gin,2011,43.3353385925292
gin,2012,33.3879814147949
gin,2013,34.6366004943848
gin,2014,39.1477317810059
gmb,1985,13.4139204025269
gmb,1986,12.3902196884155
gmb,1989,13.4010000228882
gmb,1990,19.9270801544189
gmb,1991,14.0983200073242
gmb,1992,0.0
gmb,1995,19.2029495239258
gmb,1996,22.8717498779297
gmb,2001,26.5507793426514
gmb,2002,27.6133308410645
gmb,2003,26.0077209472656
gmb,2004,15.4719200134277
gmb,2005,14.2693901062012
gmb,2006,13.7691698074341
gmb,2007,15.006420135498
gmb,2008,9.03215980529785
gmb,2009,8.73381996154785
gmb,2010,9.8818302154541
gmb,2011,7.63091993331909
gmb,2012,7.36081981658936
gmb,2013,10.7278900146484
gnb,2010,5.01283979415894
gnb,2011,6.34808015823364
gnb,2012,5.78927993774414
gnb,2013,3.8981499671936
gnq,1998,30.1288890838623
grc,1970,15.3965902328491
grc,1971,19.7222194671631
grc,1973,25.6575603485107
grc,1974,26.7478694915771
grc,1975,24.8730697631836
grc,1976,27.1284694671631
grc,1977,25.5790500640869
grc,1978,23.1065692901611
grc,1981,23.6553707122803
grc,1982,23.0229797363281
grc,1983,18.5829391479492
grc,1984,24.3267993927002
grc,1986,23.9371395111083
grc,1987,23.6992301940918
grc,1988,24.0169906616211
grc,1989,24.8722496032715
grc,1990,24.2338905334473
grc,1991,23.9215202331543
grc,1998,30.9760093688965
grc,1999,29.1115493774414
grc,2000,24.0327892303467
grc,2001,30.5284805297852
grc,2002,32.4239501953125
grc,2003,30.9317893981934
grc,2004,34.6441307067871
grc,2005,36.0951995849609
grd,2003,9.76679992675781
gtm,1970,12.0429496765137
gtm,1971,11.5389404296875
gtm,1976,19.3507499694824
gtm,1993,21.512149810791
gtm,1994,16.5190105438232
gtm,1995,16.8595294952393
gtm,1996,17.0972995758057
gtm,2006,11.881609916687
gtm,2007,10.9162502288818
gtm,2008,10.7964696884155
gtm,2010,11.3320598602295
gtm,2011,12.4483699798584
gtm,2012,12.826319694519
gtm,2013,12.2971696853638
gtm,2014,12.1376695632935
gtm,2015,13.787449836731
guy,1970,14.8537902832031
guy,1977,21.8232192993164
guy,1979,13.2711496353149
guy,1983,13.2427101135254
guy,1984,19.4653606414795
guy,1994,5.41996002197266
guy,1995,6.46578979492188
guy,2002,4.86286020278931
guy,2004,6.20108985900879
guy,2006,5.24019002914429
guy,2007,5.89013004302979
guy,2009,7.34471988677979
guy,2010,5.29366016387939
guy,2011,3.86574006080627
guy,2012,5.0621600151062
hkg,1971,24.5813102722168
hkg,1972,27.0448799133301
hkg,1973,20.5347690582275
hkg,1974,19.14794921875
hkg,1975,22.9517803192139
hkg,1976,22.8404197692871
hkg,1977,24.0742206573486
hkg,1978,27.0655994415283
hkg,1980,31.8473205566406
hkg,1981,30.735860824585
hkg,1982,3.07926988601685
hkg,1983,28.3558902740479
hkg,1984,27.9640407562256
hkg,1985,26.6665897369385
hkg,1990,31.7639102935791
hkg,1992,34.6511917114258
hkg,1996,40.0229301452637
hkg,2004,30.346830368042
hkg,2005,28.355770111084
hkg,2006,29.8829803466797
hkg,2007,30.694730758667
hkg,2008,30.8499794006348
hkg,2009,45.5056991577148
hkg,2010,27.7781600952148
hkg,2011,28.6549491882324
hkg,2012,32.7996292114258
hkg,2013,38.8720588684082
hkg,2014,29.232120513916
hkg,2015,29.5277004241943
hnd,1978,15.3649997711182
hnd,1979,16.2994403839111
hnd,1980,17.7073802947998
hnd,1994,20.1772193908691
hnd,1995,16.7222690582275
hnd,2013,18.4894790649414
hrv,2002,19.1496906280518
hrv,2003,18.5472602844238
hrv,2004,18.1090393066406
hrv,2007,19.8025207519531
hrv,2008,21.9573993682861
hrv,2009,18.8506393432617
hrv,2010,18.3159694671631
hrv,2011,22.1570892333984
hrv,2013,21.8553199768066
hti,1981,9.56593036651611
hti,1982,9.40520000457764
hti,1983,8.33183002471924
hti,1984,9.98369979858398
hti,1985,15.1871404647827
hti,1991,10.1578702926636
hun,1970,25.783239364624
hun,1971,25.5294494628906
hun,1972,24.1113700866699
hun,1973,23.4926109313965
hun,1974,23.2387790679932
hun,1975,22.9397392272949
hun,1976,23.3906497955322
hun,1977,23.5693492889404
hun,1978,22.7946891784668
hun,1979,22.5870895385742
hun,1980,19.6009502410889
hun,1981,19.4108390808105
hun,1982,19.2976894378662
hun,1983,19.5793209075928
hun,1984,24.004919052124
hun,1985,18.0396995544434
hun,1986,18.2952499389648
hun,1987,18.2597808837891
hun,1988,14.3544397354126
hun,1989,14.9937696456909
hun,1990,15.2721500396729
hun,1991,14.3799200057983
hun,1992,17.3423309326172
hun,1993,17.4982204437256
hun,1994,18.5498504638672
hun,1995,18.6824703216553
hun,1996,16.5359191894531
hun,1998,19.5609302520752
hun,1999,20.029239654541
hun,2000,21.0196895599365
hun,2001,21.099760055542
hun,2002,21.1507091522217
hun,2003,20.6911697387695
hun,2004,18.7051696777344
hun,2005,18.8908805847168
hun,2006,19.1414909362793
hun,2007,19.7129402160645
hun,2008,20.0119209289551
hun,2009,22.0575294494629
hun,2010,20.1109409332275
hun,2011,23.392520904541
hun,2013,21.3346405029297
hun,2014,16.4486198425293
idn,1972,13.5803804397583
idn,1989,22.4008407592773
idn,1994,28.5368099212646
idn,1995,33.920108795166
idn,1996,29.553129196167
idn,1997,30.3617401123047
idn,2007,12.7569303512573
idn,2008,10.9782199859619
idn,2009,12.1656398773193
idn,2010,16.053560256958
idn,2012,17.1778297424316
idn,2013,16.4055004119873
idn,2014,15.0527801513672
idn,2015,15.8002300262451
ind,1999,17.5449695587158
ind,2000,20.2951107025146
ind,2003,20.0872707366943
ind,2004,20.0123195648193
ind,2005,19.5549602508545
ind,2006,20.2840805053711
ind,2009,36.4511413574219
ind,2010,36.0765190124512
ind,2011,34.6807403564453
ind,2012,32.1669006347656
ind,2013,28.5268707275391
irl,1971,14.0767803192139
irl,1972,16.3563594818115
irl,1973,15.1482095718384
irl,1974,15.381010055542
irl,1976,18.2655506134033
irl,1977,19.5394096374512
irl,1978,19.9544906616211
irl,1979,19.9214096069336
irl,1980,19.6043891906738
irl,1981,19.5219497680664
irl,1982,18.7957096099854
irl,1983,17.9674701690674
irl,1984,16.6552906036377
irl,1985,17.6569595336914
irl,1986,18.4608402252197
irl,1987,19.6033706665039
irl,1988,19.4335193634033
irl,1989,19.5851593017578
irl,1990,21.6170997619629
irl,1991,21.3794193267822
irl,1992,22.3053207397461
irl,1993,22.4669609069824
irl,1994,22.9682006835938
irl,1995,23.2746295928955
irl,1996,24.733570098877
irl,1998,25.4786491394043
irl,1999,27.1433296203613
irl,2000,30.2747097015381
irl,2001,28.5612201690674
irl,2002,27.6362590789795
irl,2003,24.8527507781982
irl,2004,23.46116065979
irl,2005,23.3009300231934
irl,2006,23.946849822998
irl,2007,23.3512496948242
irl,2008,23.2596397399902
irl,2009,23.7471008300781
irl,2010,22.221399307251
irl,2011,21.7278003692627
irl,2012,21.3931293487549
irl,2013,21.5117092132568
irn,1971,16.215160369873
irn,1972,15.2958698272705
irn,1973,17.7234992980957
irn,1974,19.1427097320557
irn,1975,22.9550094604492
irn,1977,42.2756195068359
irn,1981,9.02163982391357
irn,1982,7.99396991729736
irn,1983,7.31019020080566
irn,1984,19.9669094085693
irn,1985,12.8157501220703
irn,1986,12.6193199157715
irn,1987,11.8342695236206
irn,1988,11.8270597457886
irn,1989,12.3893404006958
irn,1990,13.4100103378296
irn,1991,15.8105602264404
irn,1992,16.8161907196045
irn,1993,16.5653705596924
irn,1995,24.9363708496094
irn,1996,26.1637306213379
irn,2001,19.3776893615723
irn,2002,18.4576797485352
irn,2003,17.0771903991699
irn,2004,15.6498203277588
irn,2005,15.3586702346802
irn,2006,20.5954494476318
irn,2007,20.3702697753906
irn,2008,20.6674995422363
irn,2009,22.0284099578857
irn,2010,21.3570003509521
irn,2011,27.2328701019287
irn,2012,27.6329002380371
irn,2013,22.9419994354248
irn,2014,28.0019207000732
irn,2015,29.406120300293
irq,1977,30.1204109191895
irq,1980,27.8239192962646
irq,1989,22.3202991485596
isl,1990,13.6958103179932
isl,1993,22.3594703674316
isl,1994,19.9501209259033
isl,1995,19.2138404846191
isl,1996,16.4183197021484
isl,1999,18.008279800415
isl,2000,18.0891895294189
isl,2001,17.8512992858887
isl,2002,18.0661792755127
isl,2003,18.5846996307373
isl,2004,18.5407295227051
isl,2005,19.1298999786377
isl,2006,17.9775695800781
isl,2007,18.881420135498
isl,2008,19.7040100097656
isl,2009,20.3973999023438
isl,2010,21.4636707305908
isl,2011,19.4210090637207
isl,2012,19.390079498291
isl,2013,19.3630790710449
isr,1973,26.9782295227051
isr,1974,23.0483303070068
isr,1975,22.1039295196533
isr,1976,25.6756801605225
isr,1977,20.8433208465576
isr,1978,24.0389595031738
isr,1979,21.7300701141357
isr,1980,26.1706600189208
isr,1981,24.4622402191162
isr,1982,23.5242691040039
isr,1983,24.4971504211426
isr,1984,21.6284103393555
isr,1985,19.8772392272949
isr,1986,20.0805206298828
isr,1987,18.1299095153809
isr,1988,17.6079692840576
isr,1989,17.7354297637939
isr,1990,17.2969608306885
isr,1991,16.6567096710205
isr,1992,17.3317909240723
isr,1993,16.2333106994629
isr,1994,17.3258495330811
isr,1998,18.1725196838379
isr,1999,18.3552207946777
isr,2000,18.3018798828125
isr,2001,17.8595905303955
isr,2002,16.7133808135986
isr,2003,18.4670696258545
isr,2004,16.4676494598389
isr,2005,16.5657806396484
isr,2006,16.473180770874
isr,2007,17.5694007873535
isr,2008,15.9968299865723
isr,2009,17.3158397674561
isr,2010,16.8824501037598
isr,2011,16.2244205474854
isr,2012,16.2118606567383
isr,2013,15.8140697479248
isr,2014,15.2565898895264
ita,1970,10.0435199737549
ita,1971,11.7533397674561
ita,1974,10.2757797241211
ita,1975,13.3899698257446
ita,1976,11.9711599349976
ita,1978,10.3576097488403
ita,1979,8.97634983062744
ita,1983,12.0409202575684
ita,1984,13.289719581604
ita,1985,14.5859203338623
ita,1986,15.0316495895386
ita,1988,16.0333595275879
ita,1993,16.8895397186279
ita,1994,16.0648097991943
ita,1995,15.726300239563
ita,1996,15.9533100128174
ita,1998,16.2935600280762
ita,1999,18.4998893737793
ita,2000,18.4998893737793
ita,2001,16.3572692871094
ita,2002,18.4998893737793
ita,2003,16.4190101623535
ita,2004,16.9167308807373
ita,2005,17.2388000488281
ita,2006,16.9850692749023
ita,2007,17.6778202056885
ita,2008,18.3255004882813
ita,2009,18.2700004577637
ita,2010,18.7640209197998
ita,2011,19.3550605773926
ita,2013,19.5655193328857
ita,2014,19.5856895446777
jam,1973,7.49139022827148
jam,1974,9.03829002380371
jam,1975,18.434009552002
jam,1976,18.2329006195068
jam,1977,18.7693500518799
jam,1985,19.1557292938232
jam,1986,19.2320499420166
jam,1988,19.4593391418457
jam,1989,19.0295791625977
jam,1990,17.8276596069336
jam,1991,20.6085796356201
jam,1992,22.2891597747803
jam,1993,25.1437301635742
jam,1994,19.2712097167969
jam,1995,23.6506404876708
jam,1996,21.762149810791
jam,1997,21.3976707458496
jam,2001,21.3307304382324
jam,2002,19.1563396453857
jam,2003,14.7928495407104
jam,2004,18.8243103027344
jam,2005,22.0725898742676
jam,2007,19.9954891204833
jam,2008,15.7120599746704
jam,2009,20.274730682373
jam,2010,21.8440494537354
jam,2011,19.8404903411865
jam,2012,17.5602493286133
jam,2013,17.6091995239258
jam,2014,17.4902992248535
jam,2015,17.386999130249
jor,1970,17.9712905883789
jor,1971,14.9993696212769
jor,1972,2.43938994407654
jor,1973,3.41026997566223
jor,1974,3.43244004249573
jor,1975,4.7973198890686
jor,1976,4.08021020889282
jor,1977,3.84160995483398
jor,1978,3.96515989303589
jor,1979,25.1141605377197
jor,1981,35.4760284423828
jor,1982,37.4723091125488
jor,1983,35.0680885314941
jor,1984,47.7120780944824
jor,1988,6.37960004806519
jor,1989,34.6271286010742
jor,1996,35.9185905456542
jor,1997,28.318359375
jor,1999,18.6566200256348
jpn,1971,13.0155000686646
jpn,1972,12.1836099624634
jpn,1973,11.8702096939087
jpn,1974,10.0399198532104
jpn,1975,9.75461959838867
jpn,1976,9.75448036193848
jpn,1977,10.3907299041748
jpn,1978,10.5902900695801
jpn,1979,10.4327297210693
jpn,1980,10.4972896575928
jpn,1981,10.5435495376587
jpn,1982,10.6112899780273
jpn,1983,9.95289039611816
jpn,1987,23.0149097442627
jpn,1988,23.7470703125
jpn,1989,23.8558197021484
jpn,1993,10.20934009552
jpn,1994,13.5333003997803
jpn,1995,12.0771703720093
jpn,1998,12.0414695739746
jpn,1999,13.1333303451538
jpn,2000,15.1588697433472
jpn,2001,15.0633697509766
jpn,2002,14.8840398788452
jpn,2003,16.7950592041016
jpn,2004,17.9366207122803
jpn,2005,17.2521896362305
jpn,2006,17.5258102416992
jpn,2007,18.373010635376
jpn,2008,18.8643894195557
jpn,2010,20.0858592987061
jpn,2011,19.4687004089355
jpn,2012,20.1353302001953
jpn,2013,19.9976997375488
jpn,2014,20.7627601623535
kaz,1995,14.0186195373535
kaz,1996,15.6225500106812
kaz,1997,13.9108400344849
kaz,2002,13.1131801605225
kaz,2004,11.6941995620728
kaz,2005,12.2954597473145
kaz,2006,16.3961601257324
kaz,2007,13.9113798141479
kaz,2008,13.8966999053955
kaz,2009,13.1338396072388
kaz,2015,15.2564496994019
ken,1971,15.0880899429321
ken,1972,13.7156600952148
ken,1973,14.8566398620605
ken,1974,11.6836395263672
ken,1975,14.1313800811768
ken,1976,11.1949100494385
ken,1977,13.0210399627686
ken,1980,17.8339996337891
ken,1981,15.6724300384521
ken,1982,14.9772396087646
ken,1983,15.8760795593262
ken,1984,14.4753704071045
ken,1985,13.935359954834
ken,1986,14.2461204528809
ken,1988,16.0910205841064
ken,1989,16.3351993560791
ken,1991,28.5705394744873
ken,1992,20.0352306365967
ken,1993,21.2688293457031
ken,1994,17.0356998443604
ken,1999,11.4580097198486
ken,2000,11.7120895385742
ken,2001,13.0869398117065
ken,2003,12.148099899292
ken,2004,12.909779548645
ken,2006,15.4174499511719
ken,2011,12.7793397903442
ken,2012,17.6086807250977
ken,2013,14.2151699066162
ken,2014,13.7025203704834
ken,2015,13.0739698410034
kgz,1994,11.5655899047852
kgz,1995,8.80395984649658
kgz,1996,14.5335903167725
kgz,1998,19.2019500732422
kgz,1999,16.0648803710938
kgz,2000,14.7187099456787
kgz,2001,17.2180099487305
kgz,2002,19.6185493469238
kgz,2003,19.9088897705078
kgz,2004,19.8174896240234
kgz,2005,19.182430267334
kgz,2006,17.9746608734131
kgz,2007,15.9034099578857
kgz,2008,16.4407405853271
kgz,2009,15.6213302612305
kgz,2010,15.5168104171753
kgz,2012,12.0261402130127
kgz,2013,12.7768297195435
kgz,2014,4.63572978973389
khm,1998,4.56572008132935
khm,2009,6.29960012435913
khm,2010,5.84669017791748
khm,2011,5.33978986740112
khm,2013,6.10002994537354
kir,1970,14.3322496414185
kir,1971,0.0
kir,1974,9.44056034088135
kna,1985,2.13733005523682
kna,1987,0.0
kna,1989,0.0
kna,1991,0.0
kna,1992,11.5987300872803
kna,1995,12.8720102310181
kna,1998,13.4903602600098
kna,2015,15.3557300567627
kor,1970,8.22920989990234
kor,1971,8.27908039093018
kor,1972,8.19559001922607
kor,1973,8.75769996643066
kor,1975,10.6953802108765
kor,1976,11.0521602630615
kor,1977,8.14066982269287
kor,1979,12.0239696502686
kor,1980,11.3961896896362
kor,1981,10.2095804214478
kor,1982,28.604959487915
kor,1983,11.831130027771
kor,1984,12.7804899215698
kor,1985,11.5427198410034
kor,1986,10.725640296936
kor,1987,10.5981597900391
kor,1988,9.74798011779785
kor,1989,10.1570796966553
kor,1990,9.72375011444092
kor,1991,8.2794303894043
kor,1992,8.24123001098633
kor,1993,8.33946990966797
kor,1994,7.9056601524353
kor,1995,8.01630020141602
kor,1998,10.7003698348999
kor,1999,13.5383796691895
kor,2002,8.06620979309082
kor,2003,13.60023021698
kor,2004,12.9644899368286
kor,2005,13.9567699432373
kor,2006,14.962929725647
kor,2007,14.1559200286865
kor,2008,13.9216995239258
kor,2009,17.0603103637695
kor,2012,15.6120195388794
kor,2015,20.7600402832031
kwt,1971,13.0979900360107
kwt,1972,11.9975299835205
kwt,1973,12.4529600143433
kwt,1974,12.5314197540283
kwt,1975,11.578330039978
kwt,1976,19.9064693450928
kwt,1977,19.5188102722168
kwt,1978,25.3180809020996
kwt,1979,21.6847705841064
kwt,1980,18.5060195922852
kwt,1981,21.9816703796387
kwt,1982,1.71011996269226
kwt,1983,14.8303604125977
kwt,1984,19.8758697509766
kwt,1985,20.6612606048583
kwt,1986,20.977689743042
kwt,1992,38.7108306884766
kwt,1996,34.9734916687012
kwt,1997,31.5278301239014
kwt,2002,33.4469909667969
kwt,2004,34.7853584289551
kwt,2005,32.602409362793
kwt,2006,32.6006088256836
lao,1992,3.11870002746582
lao,1996,9.0722599029541
lao,1997,7.92280006408691
lao,2000,12.324239730835
lao,2001,17.1301193237305
lao,2002,12.6289796829224
lao,2009,23.2289009094238
lao,2010,16.2206802368164
lao,2011,20.8898696899414
lao,2012,15.7312698364258
lao,2013,14.0499696731567
lao,2014,13.812310218811
lbn,1993,26.0119495391846
lbn,1994,24.942850112915
lbn,1995,20.1089191436768
lbn,1996,19.0670509338379
lbn,2002,28.4578895568848
lbn,2004,25.0544300079346
lbn,2005,28.7625999450684
lbn,2006,27.2607803344727
lbn,2007,25.3328304290771
lbn,2008,28.9751796722412
lbn,2009,26.6466007232666
lbn,2010,27.1923198699951
lbn,2011,26.4941501617432
lbn,2012,30.7169609069824
lbn,2013,28.7414798736572
lbr,1978,15.6427898406982
lbr,1980,26.6578998565674
lbr,2012,31.5634498596191
lby,1976,27.2724208831787
lby,1977,28.7153205871582
lby,1999,52.7263107299805
lca,1972,4.96316003799438
lca,1973,7.61931991577148
lca,1974,7.44392013549805
lca,1975,8.79846000671387
lca,1976,11.6926803588867
lca,1982,0.718529999256134
lca,1986,5.00262022018433
lca,1994,9.44398975372314
lca,1999,11.1134796142578
lca,2009,6.3011999130249
lca,2010,4.59579992294312
lca,2011,5.01109981536865
lie,2003,12.8686800003052
lie,2004,13.8867301940918
lie,2006,9.07011032104492
lie,2007,9.09177017211914
lka,1973,7.61709976196289
lka,1975,7.79372978210449
lka,1979,11.8215599060059
lka,1980,15.508620262146
lka,1981,16.2813091278076
lka,1982,16.620719909668
lka,1983,17.6470603942871
lka,1984,20.7870197296143
lka,1985,17.3081493377686
lka,1986,21.0129108428955
lka,1987,19.2425994873047
lka,1988,17.2138996124268
lka,1989,17.1325607299805
lka,1990,17.143590927124
lka,1991,12.4170999526978
lka,1994,14.9825000762939
lka,1995,14.1316499710083
lka,1996,12.2136497497559
lka,2009,18.1949100494385
lka,2010,16.4282207489014
lka,2011,17.7595806121826
lka,2012,18.729040145874
lka,2013,21.1248397827148
lka,2014,20.1660594940186
lka,2015,19.3827800750732
lka,2016,14.1869602203369
lso,1971,13.3830604553223
lso,1972,17.2051696777344
lso,1973,22.2001991271973
lso,1974,20.1628799438477
lso,1983,20.3954601287842
lso,1984,18.4906997680664
lso,1985,18.8369998931885
lso,1988,17.9638404846191
lso,1989,16.7181797027588
lso,1993,15.6494598388672
lso,1994,18.8930702209473
lso,1995,13.7337303161621
lso,1997,23.3880195617676
lso,1999,21.8632202148438
lso,2000,16.7109394073486
lso,2001,18.6383094787598
lso,2005,36.4439086914063
lso,2006,36.8182487487792
lso,2008,36.3836288452148
ltu,1993,20.3794097900391
ltu,1994,19.8899097442627
ltu,1995,18.4785404205322
ltu,1996,19.1190795898438
ltu,1997,19.2770195007324
ltu,2001,22.6774406433105
ltu,2002,24.0182590484619
ltu,2003,19.2870502471924
ltu,2004,20.474609375
ltu,2005,20.9942398071289
ltu,2006,20.5725193023682
ltu,2007,21.7430305480957
ltu,2008,21.2048091888428
ltu,2009,20.1457405090332
ltu,2010,23.5618095397949
ltu,2011,28.4548606872559
ltu,2012,28.9826107025146
ltu,2013,28.7616996765137
lux,1970,3.64872002601624
lux,1971,4.62175989151
lux,1972,5.28976011276245
lux,1973,5.12246990203857
lux,1975,3.58458995819092
lux,1976,2.88960003852844
lux,1977,2.51061010360718
lux,1978,1.99354994297028
lux,1979,2.02827000617981
lux,1980,1.87497997283936
lux,1981,2.10233998298645
lux,1982,1.76256000995636
lux,1983,2.76612997055054
lux,1986,4.00071001052856
lux,1987,3.81433010101318
lux,1988,3.78945994377136
lux,1989,3.9811999797821
lux,1995,4.36386013031006
lux,1996,4.43867015838623
lux,2012,0.110959999263287
lux,2014,12.6492395401001
lva,1996,12.4501495361328
lva,1997,14.260290145874
lva,1998,15.885950088501
lva,1999,16.7485694885254
lva,2000,16.260799407959
lva,2001,15.6293697357178
lva,2002,15.4078502655029
lva,2003,13.8741903305054
lva,2004,13.4482803344727
lva,2006,17.9230098724365
lva,2007,18.5912895202637
lva,2008,17.3307704925537
lva,2009,13.9575500488281
lva,2010,15.8838500976563
lva,2011,20.4703693389893
lva,2012,20.6932601928711
lva,2013,19.4543209075928
lva,2014,21.3118305206299
mac,1998,33.0764999389648
mac,1999,28.3505191802979
mac,2000,28.3573799133301
mac,2002,40.1876907348633
mac,2003,41.1092987060547
mac,2004,44.6250686645508
mac,2005,45.606128692627
mac,2006,41.0187683105469
mac,2007,36.8560104370117
mac,2008,36.6360702514648
mac,2009,33.2833518981934
mac,2010,48.4117012023926
mac,2011,59.5324401855469
mac,2012,68.1350631713867
mac,2013,44.9376907348633
mac,2014,42.7257614135742
mar,1973,8.28256988525391
mar,1974,10.1115798950195
mar,1975,13.9093799591064
mar,1976,16.6728401184082
mar,1977,15.1573095321655
mar,1978,12.2231502532959
mar,1979,16.3135604858398
mar,1980,17.2672996520996
mar,1981,18.6068305969238
mar,1982,19.6493701934814
mar,1983,19.236270904541
mar,1984,16.8166408538818
mar,1985,17.5003204345703
mar,1986,19.3153800964355
mar,1987,19.2184791564941
mar,1988,21.966869354248
mar,1989,16.3090496063232
mar,1990,18.2887706756592
mar,1991,18.0968894958496
mar,1993,17.58078956604
mar,1995,16.9306793212891
mar,1998,16.3129806518555
mar,1999,17.1396007537842
mar,2009,20.1832408905029
mco,1988,0.0
mco,1989,0.0
mco,1992,0.0
mco,1995,0.0
mco,1997,2.45391988754272
mco,2004,4.36852979660034
mda,1996,13.5121698379517
mda,2006,19.4153900146484
mda,2007,19.5102806091309
mda,2008,18.6453495025635
mda,2009,18.0586795806885
mda,2010,17.9762897491455
mda,2011,18.1743106842041
mda,2012,17.5631198883057
mda,2014,17.1947002410889
mdg,1972,28.2611598968506
mdg,1973,7.07125997543334
mdg,1974,10.5984401702881
mdg,1975,13.7732200622559
mdg,1976,16.3364601135254
mdg,1977,19.5257606506348
mdg,1979,26.2674598693848
mdg,1980,35.952220916748
mdg,1981,30.2609195709229
mdg,1982,32.2555198669434
mdg,1983,29.5169296264648
mdg,1984,27.0052604675293
mdg,1985,27.8980903625488
mdg,1993,24.6262607574463
mdg,1997,21.0646896362305
mdg,1998,17.1606693267822
mdg,2005,10.0865497589111
mdg,2006,12.889349937439
mdg,2007,12.7465600967407
mdg,2008,15.3615398406982
mdg,2009,15.3879098892212
mdg,2011,13.4778499603271
mdg,2012,15.1997299194336
mdv,2009,6.47700977325439
mdv,2010,7.25875997543334
mdv,2011,4.37103986740112
mdv,2012,12.0823202133179
mdv,2013,14.2184495925903
mdv,2014,12.854100227356
mdv,2015,12.7471599578857
mex,1989,16.2050800323486
mex,1990,16.3907604217529
mex,1991,16.9097099304199
mex,1992,15.277250289917
mex,1994,20.0446395874023
mex,1995,18.3452091217041
mex,1998,20.1884307861328
mex,1999,20.6412906646729
mex,2001,14.5012502670288
mex,2002,19.6156692504883
mex,2003,16.8584003448486
mex,2004,17.394380569458
mex,2005,17.4549903869629
mex,2006,17.1988792419434
mex,2007,18.4746608734131
mex,2008,18.8604393005371
mex,2009,20.0025100708008
mex,2010,19.6634006500244
mex,2011,18.1250801086426
mex,2012,19.4646396636963
mex,2013,22.0909805297852
mex,2014,21.3241291046143
mhl,2002,14.7026596069336
mkd,1992,17.7967090606689
mkd,1993,19.9203090667725
mkd,1994,21.9345207214355
mkd,1995,22.3413906097412
mkd,1996,22.1427803039551
mkd,2002,15.0105495452881
mli,1978,24.4591007232666
mli,1980,24.8149394989014
mli,1981,15.9949598312378
mli,1982,18.8956203460693
mli,1986,13.6130104064941
mli,1998,14.6312103271484
mli,1999,14.6309003829956
mli,2008,16.0591297149658
mli,2009,15.8213300704956
mli,2010,20.7402191162109
mli,2011,23.2575798034668
mli,2012,20.3420104980469
mli,2013,19.0347099304199
mli,2014,21.5873908996582
mlt,1971,13.9722995758057
mlt,1972,17.0792903900146
mlt,1973,15.7061004638672
mlt,1974,14.3879899978638
mlt,1975,13.8823900222778
mlt,1976,13.3895397186279
mlt,1977,11.8084096908569
mlt,1978,13.507399559021
mlt,1979,10.4706602096558
mlt,1981,9.55228996276855
mlt,1982,10.0337400436401
mlt,1983,8.30041980743408
mlt,1984,8.73456954956055
mlt,1985,8.48254013061523
mlt,1986,7.69625997543334
mlt,1987,9.02256011962891
mlt,1988,10.1770896911621
mlt,1989,13.8053398132324
mlt,1990,18.5388202667236
mlt,1991,22.045280456543
mlt,1992,18.9330902099609
mlt,1998,18.2474899291992
mlt,2002,20.5827102661133
mlt,2004,11.0173902511597
mlt,2007,15.1131401062012
mlt,2008,17.6938209533691
mlt,2009,21.8542308807373
mlt,2010,22.8137302398682
mlt,2011,13.9045896530151
mlt,2012,22.1725406646729
mlt,2013,19.2495803833008
mmr,1972,20.3574905395508
mmr,1973,16.9902591705322
mmr,1975,13.6726999282837
mmr,1976,12.6369199752808
mmr,1977,11.343620300293
mmr,1978,12.176420211792
mmr,1995,22.585750579834
mng,1997,15.9319801330566
mng,2002,15.4591197967529
mng,2004,18.4327392578125
mng,2010,6.68271017074584
mng,2011,3.82765007019043
moz,1999,22.4038696289063
moz,2006,12.1397199630737
moz,2012,12.1815795898438
moz,2013,13.6908903121948
mrt,1997,8.71312999725342
mrt,1999,14.0683898925781
mrt,2008,16.7199306488037
mrt,2010,18.7921600341797
mrt,2011,12.8271102905273
mrt,2012,12.2382898330688
mrt,2013,11.580060005188
mus,1971,11.179630279541
mus,1972,8.80352973937988
mus,1973,7.40763998031616
mus,1975,10.9647703170776
mus,1977,14.4088096618652
mus,1978,8.78178024291992
mus,1981,7.30573987960815
mus,1982,7.59573984146118
mus,1983,6.72156000137329
mus,1984,7.05521011352539
mus,1985,6.51907014846802
mus,1986,5.37226009368896
mus,1987,5.71144008636475
mus,1988,7.43572998046875
mus,1989,6.77310991287231
mus,1990,7.44146013259888
mus,1991,18.1535797119141
mus,2001,12.6911296844482
mus,2002,15.5508604049683
mus,2003,14.7859601974487
mus,2004,13.9834604263306
mus,2005,11.347559928894
mus,2006,10.3295297622681
mus,2008,10.2081298828125
mus,2009,12.5315999984741
mus,2010,9.36454010009766
mus,2011,7.96286010742188
mus,2012,7.85019016265869
mus,2013,8.02221965789794
mus,2014,7.05952978134155
mus,2015,6.82222986221313
mwi,1971,19.8424606323242
mwi,1972,29.8189296722412
mwi,1973,33.1335296630859
mwi,1974,29.6520404815674
mwi,1975,25.4287490844727
mwi,1976,22.9522304534912
mwi,1986,29.1507892608643
mwi,1987,33.7625885009766
mwi,1988,30.685510635376
mwi,1989,15.9052200317383
mwi,1990,17.2730903625488
mwi,1995,27.082010269165
mwi,1996,17.7437992095947
mwi,1999,15.0165596008301
mwi,2000,15.6485795974731
mwi,2001,15.2531499862671
mwi,2010,29.7982006072998
mwi,2011,26.6302509307861
mwi,2013,28.3558101654053
mwi,2014,21.5482406616211
mwi,2015,24.2089405059814
mys,1971,11.3144397735596
mys,1979,13.9273500442505
mys,1980,14.7758502960205
mys,1981,15.5598001480103
mys,1982,15.9644603729248
mys,1984,16.5918102264404
mys,1985,17.9686298370361
mys,1986,18.0641002655029
mys,1987,17.3673400878906
mys,1992,21.4359893798828
mys,1993,17.9787902832031
mys,1994,18.1254806518555
mys,1995,20.008279800415
mys,1996,23.8129596710205
mys,1997,29.0322608947754
mys,2000,32.0625190734863
mys,2001,34.2509613037109
mys,2002,33.2994003295898
mys,2003,34.9864692687988
mys,2004,33.4452095031738
mys,2006,36.1329116821289
mys,2007,33.0290107727051
mys,2009,35.9442901611328
mys,2010,34.4540405273438
mys,2011,36.9677085876465
mys,2012,28.4680995941162
mys,2013,30.507360458374
mys,2014,27.5126209259033
mys,2015,27.2628803253174
nam,1999,12.0372896194458
nam,2000,11.9608602523804
nam,2001,11.9608602523804
nam,2002,8.66205024719238
nam,2003,9.10737991333008
nam,2006,13.1035995483398
nam,2008,9.90602970123291
nam,2010,23.0855503082275
ner,1971,2.4880199432373
ner,1990,0.0
ner,1991,0.0
ner,1992,0.0
ner,1993,0.0
ner,1994,0.0
ner,1995,0.0
ner,1996,0.0
ner,2006,8.96553993225098
ner,2007,10.4667100906372
ner,2008,9.41121006011963
ner,2009,9.89743041992188
ner,2010,12.5692195892334
ner,2011,14.3698301315308
ner,2012,17.614330291748
ner,2013,16.2653903961182
ner,2014,13.9183197021484
nga,1974,32.8822784423828
nga,1975,43.0612487792969
nic,1970,10.9583101272583
nic,1971,9.10402011871338
nic,1979,16.9198093414307
nic,1980,15.7901601791382
nic,1982,24.7080993652344
nic,1984,20.3729190826416
nic,1987,16.3507194519043
nic,2010,26.0484104156494
nld,1970,25.1541595458984
nld,1971,25.9020404815674
nld,1972,28.3125991821289
nld,1973,27.3625907897949
nld,1974,27.052490234375
nld,1975,28.6492500305176
nld,1976,29.2919902801514
nld,1977,29.9849491119385
nld,1978,30.3524398803711
nld,1979,30.4860801696777
nld,1980,30.5939502716064
nld,1981,30.0590305328369
nld,1982,29.5601596832275
nld,1983,30.0788707733154
nld,1984,30.288459777832
nld,1985,29.0003108978271
nld,1986,27.7603206634521
nld,1987,31.9784107208252
nld,1988,30.2005405426025
nld,1990,33.254150390625
nld,1991,32.5929412841797
nld,1993,31.1935691833496
nld,1994,30.9403896331787
nld,1995,30.1175804138184
nld,1996,29.3264503479004
nld,1998,28.8922805786133
nld,1999,28.8026599884033
nld,2000,28.0172805786133
nld,2001,26.8290405273438
nld,2002,25.8324794769287
nld,2003,26.1852893829346
nld,2004,26.5901203155518
nld,2005,26.7739696502686
nld,2006,27.5071201324463
nld,2007,27.2458591461182
nld,2008,27.7746505737305
nld,2009,27.4342498779297
nld,2010,28.0487308502197
nld,2011,29.0556793212891
nld,2012,28.787410736084
nld,2013,28.9398994445801
nld,2014,30.5710906982422
nor,1972,12.8406400680541
nor,1973,12.527759552002
nor,1974,12.9629602432251
nor,1975,14.3321399688721
nor,1976,13.6581697463989
nor,1977,15.2447299957275
nor,1978,12.0124702453613
nor,1980,13.812029838562
nor,1981,13.8670597076416
nor,1982,13.7711801528931
nor,1983,13.7736797332764
nor,1984,14.0259599685669
nor,1985,14.0841703414916
nor,1986,15.097559928894
nor,1987,14.9971399307251
nor,1988,15.8541898727416
nor,1989,15.8076295852661
nor,1990,16.7416896820068
nor,1991,24.8699207305908
nor,1992,26.2018604278564
nor,1993,26.202299118042
nor,1994,26.0368900299072
nor,1995,27.4568290710449
nor,1996,26.9622592926025
nor,1997,26.5028705596924
nor,1998,26.0748195648193
nor,1999,27.1032295227051
nor,2000,25.4011096954346
nor,2001,26.4290790557861
nor,2002,27.5026302337646
nor,2003,30.3905792236328
nor,2004,32.0941581726074
nor,2005,32.362720489502
nor,2006,31.5455093383789
nor,2007,31.9470596313477
nor,2008,31.9868106842041
nor,2009,30.4317398071289
nor,2010,29.625940322876
nor,2011,29.8916606903076
nor,2013,25.9400997161865
npl,1998,20.9552803039551
npl,1999,18.4497394561768
npl,2000,18.8224105834961
npl,2001,11.9408197402954
npl,2002,12.071629524231
npl,2003,10.2811098098755
npl,2008,13.4575300216675
npl,2009,11.9822702407837
npl,2010,12.7459897994995
npl,2011,11.7692604064941
npl,2012,11.9412403106689
npl,2013,11.341480255127
npl,2014,11.413649559021
npl,2015,10.7977895736694
nzl,1973,26.9933204650879
nzl,1974,26.1987895965576
nzl,1975,25.0225391387939
nzl,1976,28.8314609527588
nzl,1977,24.8729801177979
nzl,1978,24.0781402587891
nzl,1979,24.5291595458984
nzl,1980,30.6597995758057
nzl,1981,28.5723094940186
nzl,1982,28.0203609466553
nzl,1984,27.216760635376
nzl,1985,27.6981906890869
nzl,1986,29.3262100219727
nzl,1987,29.0386199951172
nzl,1988,30.9470806121826
nzl,1989,32.8078384399414
nzl,1994,26.7647590637207
nzl,1995,28.0311298370361
nzl,1996,27.2544193267822
nzl,1997,27.2553997039795
nzl,1999,25.637580871582
nzl,2001,24.667329788208
nzl,2002,26.2129402160645
nzl,2003,24.8669891357422
nzl,2004,24.3743305206299
nzl,2005,23.1428699493408
nzl,2006,24.6762504577637
nzl,2007,26.9857196807861
nzl,2008,28.9179000854492
nzl,2009,29.7273292541504
nzl,2010,26.7576103210449
nzl,2011,27.4080009460449
nzl,2012,25.3287906646729
nzl,2013,25.2577896118164
nzl,2014,24.9487895965576
nzl,2015,25.5661907196045
omn,1986,13.181360244751
omn,1987,11.1791095733643
omn,1988,12.1849498748779
omn,1989,9.53001976013184
omn,1990,6.96041011810303
omn,1991,6.27715015411377
omn,1992,5.26066017150879
omn,1993,5.25690984725952
omn,1994,2.77326011657715
omn,1995,2.7050199508667
omn,1996,5.6129298210144
omn,1997,7.04456996917725
omn,1998,9.62201023101807
omn,1999,9.7821102142334
omn,2001,9.46734046936035
omn,2002,9.98880958557129
omn,2004,9.30687999725342
omn,2005,7.63792991638184
omn,2009,26.8833293914795
pak,1971,18.2734203338623
pak,1972,16.4601192474365
pak,1973,18.1840991973877
pak,1974,24.2662391662598
pak,1975,17.8580493927002
pak,1976,18.8529396057129
pak,1977,18.4053802490234
pak,1978,17.3647994995117
pak,1979,19.2698001861572
pak,1980,20.888370513916
pak,1981,17.5832099914551
pak,1982,19.7134094238281
pak,1983,20.2095603942871
pak,1984,20.4659404754639
pak,1985,19.2683906555176
pak,1986,18.1811008453369
pak,1987,20.0913791656494
pak,1989,15.7344198226929
pak,1990,16.4610500335693
pak,1991,17.6376895904541
pak,1992,14.6990995407104
pak,1993,15.9431295394897
pak,1994,14.5340995788574
pak,1995,13.8607797622681
pak,1996,13.4317302703857
pak,1997,11.8823900222778
pak,2013,32.2332611083984
pak,2014,22.323709487915
pak,2015,22.7885704040527
pan,1970,10.4238004684448
pan,1971,11.6941604614258
pan,1972,11.5695695877075
pan,1973,14.7024402618408
pan,1974,15.4063301086426
pan,1975,13.9896202087402
pan,1976,13.2863903045654
pan,1977,13.7736301422119
pan,1978,14.5814504623413
pan,1979,14.493109703064
pan,1980,14.5808200836182
pan,1981,17.7968196868896
pan,1982,20.7026996612549
pan,1983,20.4081802368164
pan,1984,21.1997203826904
pan,1985,20.9830799102783
pan,1986,22.3665409088135
pan,1987,25.2294292449951
pan,1994,26.1714401245117
pan,1995,23.1630096435547
pan,1996,24.4921207427979
pan,1997,26.779899597168
pan,1999,26.1213302612305
pan,2000,25.3472690582275
pan,2001,26.4545307159424
pan,2002,28.130090713501
pan,2004,28.3540897369385
pan,2011,22.2408199310303
per,1973,16.9694690704346
per,1996,18.7604103088379
per,1998,20.3446197509766
per,2002,12.3757200241089
per,2003,13.2459497451782
per,2004,13.883469581604
per,2005,10.7496795654297
per,2006,14.4255599975586
per,2007,13.6315097808838
per,2008,15.7079401016235
per,2009,14.3818397521973
per,2010,13.8217802047729
per,2011,17.4347801208496
per,2012,18.0585708618164
per,2013,16.8247699737549
per,2014,14.2203903198242
per,2015,16.0826797485352
phl,1980,23.7622203826904
phl,1982,24.5870494842529
phl,1983,22.7639102935791
phl,1986,24.3706893920898
phl,1995,16.2803497314453
phl,1996,17.8315696716309
phl,1997,14.8865804672241
phl,2000,13.8163604736328
phl,2001,13.7349195480347
phl,2002,14.0454902648926
phl,2003,13.1894197463989
phl,2004,13.4493799209595
phl,2005,13.2800397872925
phl,2007,10.607250213623
phl,2008,10.4206895828247
phl,2009,11.9573097229004
plw,2001,20.6562309265137
png,1972,16.2094707489014
png,1977,40.4265403747559
pol,1991,18.8969707489014
pol,1992,18.7789001464844
pol,1993,17.4470100402832
pol,1995,14.5763597488403
pol,1996,11.1424999237061
pol,1998,22.4018497467041
pol,1999,16.4163494110107
pol,2000,14.463339805603
pol,2001,15.6939697265625
pol,2002,19.4541492462158
pol,2003,19.1422500610352
pol,2004,21.2307205200195
pol,2005,21.7608795166016
pol,2006,18.30544090271
pol,2007,19.0088691711426
pol,2008,20.5440101623535
pol,2009,21.0209999084473
pol,2010,22.7743701934814
pol,2011,22.8232707977295
pol,2012,23.3873901367188
pol,2013,24.4554405212402
pol,2014,24.1206092834473
pri,1971,23.3868999481201
pri,1972,21.5001201629639
pri,1973,22.2053699493408
pri,1974,37.4743804931641
pri,1975,33.3583984375
pri,1976,31.1054496765137
pri,1977,29.9076995849609
pri,1978,28.4110794067383
pri,2013,38.5827789306641
prt,1973,11.5945196151733
prt,1974,9.97523975372314
prt,1975,11.2890701293945
prt,1976,10.3942699432373
prt,1978,12.9057598114014
prt,1979,12.0817003250122
prt,1980,11.6877498626709
prt,1981,11.8796701431274
prt,1982,12.6288795471191
prt,1983,13.2006902694702
prt,1984,14.233510017395
prt,1985,14.6724996566772
prt,1986,16.5074100494385
prt,1987,17.4250507354736
prt,1988,17.6496906280518
prt,1989,18.3620796203613
prt,1990,18.712329864502
prt,1991,16.4150295257568
prt,1992,18.2347602844238
prt,1993,16.3955593109131
prt,1994,16.6640205383301
prt,1995,18.4277305603027
prt,1996,18.1337108612061
prt,1999,18.6628799438477
prt,2000,18.1287803649902
prt,2001,18.3948192596436
prt,2002,17.2285499572754
prt,2003,18.0376396179199
prt,2004,16.4782600402832
prt,2005,18.121509552002
prt,2006,19.0438003540039
prt,2007,22.6783504486083
prt,2008,19.3388996124268
prt,2009,18.5307998657227
prt,2010,20.154109954834
prt,2011,19.6982593536377
prt,2013,16.9851093292236
prt,2014,17.8268699645996
pry,1970,21.2684097290039
pry,1971,15.3042497634888
pry,1985,23.5736904144287
pry,1990,25.7692909240723
pry,2000,17.2793292999268
pry,2001,17.0771007537842
pry,2002,16.4631404876708
pry,2003,17.1137790679932
pry,2004,15.9180297851563
pry,2007,19.1457405090332
pry,2010,18.5381507873535
pry,2011,33.4837913513184
pry,2012,22.3974895477295
qat,1971,6.86272001266479
qat,1972,7.10882997512817
qat,1973,2.58950996398926
qat,1976,6.74710988998413
qat,1977,9.62397003173828
qat,1978,7.61042022705078
rou,1996,16.8247108459473
rou,2001,23.9116992950439
rou,2002,19.8927097320557
rou,2003,19.7148895263672
rou,2004,21.276180267334
rou,2005,23.2041301727295
rou,2007,26.3348197937012
rou,2009,28.2829608917236
rou,2010,28.474910736084
rou,2011,27.6819496154785
rou,2012,26.1628894805908
rou,2014,21.6480598449707
rus,2000,16.114200592041
rus,2001,17.318000793457
rus,2002,17.0208206176758
rus,2003,18.4654903411865
rus,2004,18.3041706085205
rus,2005,21.0564193725586
rus,2006,21.8965091705322
rus,2008,23.1134700775146
rus,2012,21.1517391204833
rwa,1977,14.7870101928711
rwa,1978,12.4678297042847
rwa,1979,14.7587699890137
rwa,1980,13.5375099182129
rwa,1981,10.496600151062
rwa,1987,16.372709274292
rwa,1988,15.7498397827148
rwa,1989,16.4912796020508
rwa,2000,34.6516418457031
rwa,2007,25.4119606018066
rwa,2008,25.4097309112549
rwa,2010,22.7496891021729
rwa,2011,18.4349098205566
rwa,2012,13.2689800262451
rwa,2013,14.0221004486084
rwa,2015,20.8579196929932
sau,1981,36.5660781860352
sau,1982,36.1593399047852
sau,1983,33.0426292419434
sau,1984,34.1272811889648
sau,1993,20.9285697937012
sau,1994,21.7727108001708
sau,1995,19.7973403930664
sau,1996,19.4317798614502
sau,1998,16.9412708282471
sen,1998,23.1010608673096
sen,2005,21.977840423584
sen,2006,23.5000190734863
sen,2008,24.546350479126
sen,2009,26.051549911499
sen,2010,26.8241291046143
sen,2011,28.0813293457031
sen,2012,27.0948600769043
sen,2013,33.5865783691406
sen,2014,28.8396091461182
sgp,1971,15.7789697647095
sgp,1972,16.6998691558838
sgp,1973,17.0643997192383
sgp,1974,18.0111999511719
sgp,1975,18.9690093994141
sgp,1976,21.6784400939941
sgp,1977,14.9166202545166
sgp,1978,15.044939994812
sgp,1979,15.0179195404053
sgp,1980,15.8704204559326
sgp,1981,15.9244003295898
sgp,1982,24.3856792449951
sgp,1983,32.4823913574219
sgp,1988,34.0366706848145
sgp,2008,32.5905303955078
sgp,2009,34.416690826416
sgp,2010,35.0615005493164
sgp,2011,35.6306800842285
sgp,2012,38.0352210998535
sgp,2013,35.2840614318848
slb,1991,13.6618003845215
sle,2007,18.7148494720458
sle,2008,20.8296298980713
sle,2009,19.7581405639648
sle,2010,19.6390209197998
sle,2011,17.9299201965332
sle,2012,23.219970703125
sle,2013,25.9250793457031
sle,2014,30.7306098937988
slv,1975,22.804759979248
slv,1998,8.80852031707764
slv,2000,6.71292018890381
slv,2002,7.21288013458252
slv,2003,7.71087980270386
slv,2005,11.1495599746704
slv,2006,9.74370002746582
slv,2007,9.84755039215088
slv,2009,10.4634304046631
slv,2010,12.2357997894287
slv,2012,7.70415019989014
slv,2013,8.20534992218018
slv,2014,8.0037202835083
slv,2015,7.87045001983643
smr,1975,7.3622899055481
smr,1992,10.7949304580688
smr,1994,15.435230255127
smr,1995,14.2165002822876
smr,1996,13.5806102752686
smr,2010,9.75786018371582
smr,2011,10.7610502243041
som,1972,2.90039992332459
som,1973,1.47493004798889
srb,2007,25.8493003845215
srb,2008,27.3017902374268
srb,2009,27.6383399963379
srb,2010,29.0818099975586
srb,2011,29.1905307769775
srb,2012,29.1240997314453
ssd,2011,25.3376197814941
ssd,2013,23.1355991363525
ssd,2014,24.6839809417725
ssd,2015,27.6084594726563
ssd,2016,50.4360618591309
stp,2012,16.125560760498
stp,2013,8.25518035888672
stp,2014,9.60056972503662
svk,1992,16.7994594573975
svk,1993,16.1307392120361
svk,1994,15.7407398223877
svk,1995,16.7467708587646
svk,1996,14.2298603057861
svk,1997,16.6132392883301
svk,1999,17.9139995574951
svk,2000,18.3729190826416
svk,2001,20.5291900634766
svk,2002,20.160120010376
svk,2003,19.6573600769043
svk,2004,23.4122295379639
svk,2005,21.0013294219971
svk,2006,23.6755199432373
svk,2007,21.809850692749
svk,2008,21.5290603637695
svk,2009,19.7819004058838
svk,2010,19.6259498596191
svk,2011,23.370849609375
svk,2012,23.9793395996094
svk,2013,23.6671390533447
svk,2014,22.998779296875
svn,1991,17.3323497772217
svn,1992,19.6017608642578
svn,1993,16.7755908966064
svn,1994,19.0378799438477
svn,1995,16.9491291046143
svn,2001,21.7596397399902
svn,2002,22.0562191009521
svn,2003,22.3280792236328
svn,2004,22.6637401580811
svn,2005,22.0268497467041
svn,2006,21.7679595947266
svn,2007,23.3083591461182
svn,2008,23.2982406616211
svn,2009,24.2513694763184
svn,2010,24.0466403961182
svn,2011,24.199649810791
svn,2012,21.2382202148438
svn,2013,20.5337505340576
swe,1979,13.1354999542236
swe,1980,10.9789199829102
swe,1981,10.0202398300171
swe,1990,21.6819591522217
swe,1991,19.8971195220947
swe,1992,21.734489440918
swe,1993,25.321590423584
swe,1995,26.7011299133301
swe,1996,27.2062091827393
swe,1998,26.1389808654785
swe,1999,26.9761199951172
swe,2000,27.1832809448242
swe,2001,28.0310001373291
swe,2002,28.3206806182861
swe,2003,28.8677597045898
swe,2004,28.4618091583252
swe,2005,27.5074996948242
swe,2006,26.8014602661133
swe,2007,26.4193801879883
swe,2008,27.006420135498
swe,2009,28.0929794311523
swe,2010,29.0219497680664
swe,2011,29.0762100219727
swe,2012,25.2810707092285
swe,2013,25.4227294921875
swe,2014,25.271110534668
swz,1976,24.6622009277344
swz,1977,24.1014099121094
swz,1978,30.640739440918
swz,1979,12.519229888916
swz,1980,8.60361003875732
swz,1981,11.1510896682739
swz,1982,8.84152984619141
swz,1987,20.0325794219971
swz,1988,20.7356300354004
swz,1989,26.2335891723633
swz,1990,21.7413005828857
swz,1994,33.4484100341797
swz,1995,28.8542900085449
swz,1996,28.5694103240967
swz,1999,32.0731086730957
swz,2000,36.7557601928711
swz,2001,22.5410900115967
swz,2002,22.4439601898193
swz,2003,25.5179691314697
swz,2004,26.6364593505859
swz,2005,23.9404602050781
swz,2006,21.3129596710205
swz,2008,21.552770614624
swz,2009,21.8248691558838
swz,2010,16.5676898956299
swz,2011,12.838939666748
swz,2014,13.3328199386597
syc,1970,0.0
syc,1971,0.0
syc,1972,0.0
syc,1974,0.0
syc,1975,0.0
syc,1976,0.0
syc,1984,0.0
syc,1985,0.0
syc,1986,0.0
syc,1988,0.0
syc,1989,0.0
syc,1994,7.45672988891602
syc,1995,10.7274799346924
syc,1996,12.9581098556519
syc,1998,8.08032035827637
syc,2002,17.4410705566406
syc,2006,17.8953704833984
syc,2011,32.5149803161621
syr,1972,19.7447204589844
syr,1973,22.1235008239746
syr,1975,19.8528594970703
syr,1976,37.4880981445313
syr,1977,32.5538101196289
syr,1978,27.5006809234619
syr,1979,27.3545398712158
syr,1980,26.3054103851318
syr,1981,26.0465393066406
syr,1982,23.3002891540527
syr,1984,27.8367805480957
syr,1985,28.025239944458
syr,1986,23.8376293182373
syr,1987,21.8554496765137
syr,1988,24.5711708068848
syr,1989,20.790319442749
syr,1996,22.5021495819092
syr,2001,19.8567008972168
syr,2002,20.9909591674805
syr,2003,22.3056602478027
syr,2004,24.8216209411621
syr,2006,19.8442192077637
syr,2007,21.3353900909424
syr,2008,24.9443302154541
syr,2009,24.2227802276611
tca,1975,0.0
tca,1976,0.0
tca,1981,0.982320010662079
tca,1999,1.09569001197815
tca,2001,15.3144502639771
tca,2002,22.9208507537842
tca,2003,37.2338790893555
tca,2015,22.4243507385254
tcd,1997,5.90718984603882
tcd,1998,16.5822200775146
tcd,2004,17.5867404937744
tcd,2005,18.7303295135498
tcd,2009,12.3766403198242
tcd,2010,19.7587394714355
tcd,2011,16.2840194702148
tcd,2012,30.2584896087646
tcd,2013,31.7008399963379
tgo,1970,6.53689002990723
tgo,1979,24.7784099578857
tgo,1981,27.8708305358887
tgo,1984,25.685920715332
tgo,1987,26.5330295562744
tgo,1992,32.8811302185059
tgo,1996,23.25412940979
tgo,1998,21.7839794158936
tgo,1999,21.9906101226807
tgo,2000,17.3887901306152
tgo,2007,21.4349594116211
tgo,2008,20.1026706695557
tgo,2009,14.4460697174072
tgo,2010,16.731409072876
tgo,2011,16.0223808288574
tgo,2012,18.3498992919922
tgo,2013,22.2091598510742
tgo,2014,21.6892108917236
tgo,2015,17.326379776001
tha,1971,15.7218704223633
tha,1972,15.6206302642822
tha,1973,13.1437902450562
tha,1974,12.7170400619507
tha,1975,12.1354198455811
tha,1976,13.2221603393555
tha,1977,12.7706298828125
tha,1979,12.2061595916748
tha,1980,13.7778701782227
tha,1981,21.982759475708
tha,1982,14.6933898925781
tha,1983,16.5220108032227
tha,1984,17.0442905426025
tha,1986,12.3745203018188
tha,1987,13.0607595443726
tha,1988,12.7572898864746
tha,1989,13.3677597045898
tha,1991,18.3208503723145
tha,1992,20.1860504150391
tha,1994,20.0625705718994
tha,1995,21.5216808319092
tha,1996,26.3612499237061
tha,1997,21.3220806121826
tha,1998,24.1152095794678
tha,2000,20.3036308288574
tha,2001,21.6878108978271
tha,2004,20.6129302978516
tha,2005,21.6854591369629
tha,2006,23.7406005859375
tha,2008,21.1760005950928
tha,2009,19.3180599212646
tha,2010,16.5096397399902
tha,2011,14.9167404174805
tha,2012,14.4151401519775
tha,2013,15.5533199310303
tjk,1993,9.56857013702393
tjk,1995,10.6102600097656
tjk,1996,7.52142000198364
tjk,2002,12.0545997619629
tjk,2003,7.78249979019165
tjk,2004,5.35162019729614
tjk,2005,7.3862099647522
tjk,2006,6.52912998199463
tjk,2007,7.53538990020752
tjk,2008,14.2478704452515
tjk,2009,11.9806699752808
tjk,2010,10.0753698348999
tjk,2011,8.3976001739502
tjk,2012,11.1809797286987
tjk,2015,9.94552040100098
tkm,2012,9.22805023193359
tls,2009,8.13706970214844
tls,2010,10.4328699111938
tls,2011,19.7909107208252
tls,2012,14.2412004470825
tls,2013,3.92400002479553
tls,2014,4.11131000518799
ton,1972,0.95389997959137
ton,1984,5.07868003845215
ton,1998,0.0
ton,2004,21.7169704437256
tto,1980,17.4241199493408
tto,1982,11.9964895248413
tto,1983,20.9511299133301
tto,1984,21.5117607116699
tto,1985,17.8539390563965
tto,1989,12.4080696105957
tto,1990,11.5073204040527
tun,1980,25.1021003723145
tun,1981,23.1076908111572
tun,1982,20.7703495025635
tun,1983,20.7383995056152
tun,1984,20.1794204711914
tun,1985,19.6839504241943
tun,1986,18.1783599853516
tun,1990,20.668119430542
tun,1991,22.2798404693604
tun,1992,21.2252502441406
tun,1993,21.7232704162598
tun,1994,21.0905895233154
tun,1995,21.6716003417969
tun,1996,21.4724597930908
tun,1997,18.287239074707
tun,1999,21.5327796936035
tun,2000,21.6549606323242
tun,2001,22.0514602661133
tun,2002,22.7821502685547
tun,2003,24.4137802124023
tun,2004,26.6319599151611
tun,2005,24.1394195556641
tun,2006,24.2545394897461
tun,2007,24.5912799835205
tun,2008,24.9992809295654
tun,2009,27.0245304107666
tun,2010,28.1732902526855
tun,2012,28.1272602081299
tur,1978,19.1014499664307
tur,1979,12.9504299163818
tur,1981,31.3027400970458
tur,1982,28.0130596160889
tur,1983,26.205249786377
tur,1984,26.4773006439208
tur,1985,26.6563892364502
tur,1986,23.0025997161865
tur,1993,25.1817607879639
tur,1994,36.2577018737792
tur,1995,34.701301574707
tur,1999,27.8970603942871
tur,2000,30.9111404418945
tur,2001,32.1632194519042
tur,2002,33.7717895507813
tur,2003,32.4420890808105
tur,2004,27.8906898498535
tur,2006,31.8963508605957
tur,2012,33.4313812255859
tur,2013,33.2174682617188
tuv,1990,0.0
tza,1971,13.0343999862671
tza,1972,12.683819770813
tza,1973,11.4500503540039
tza,1974,15.9813299179077
tza,1980,25.4661502838135
tza,1989,13.1682901382446
tza,1990,17.5719604492188
tza,2004,18.6881008148193
tza,2005,21.679759979248
tza,2006,24.2378406524658
tza,2007,25.8227691650391
tza,2008,29.8502292633057
tza,2009,33.7756805419922
tza,2010,28.2967891693115
tza,2014,21.3993301391602
uga,1971,23.1715908050537
uga,1973,25.0560493469238
uga,1974,28.3115005493164
uga,1975,22.5432300567627
uga,1976,21.5341300964355
uga,1982,17.7467308044434
uga,1983,17.387170791626
uga,1984,21.7511196136475
uga,1985,14.1993999481201
uga,1988,13.4846496582031
uga,2004,11.8656797409058
uga,2010,13.3004703521729
uga,2011,10.564359664917
uga,2012,13.7023000717163
uga,2013,16.1554508209229
uga,2014,16.2950096130371
ukr,1997,11.7726697921753
ukr,2000,32.2560195922852
ukr,2001,31.8778705596924
ukr,2002,33.9636497497559
ukr,2003,30.8985996246338
ukr,2004,31.7346897125244
ukr,2005,29.4795703887939
ukr,2006,30.491060256958
ukr,2007,30.0742092132568
ukr,2008,31.5314598083496
ukr,2009,32.3960800170898
ukr,2011,34.4032516479492
ukr,2012,32.4128303527832
ukr,2013,31.8692893981934
ukr,2014,31.5181293487549
ury,1979,20.8241195678711
ury,1980,17.7888107299805
ury,1984,21.5292205810547
ury,1985,23.2046909332275
ury,1986,25.658899307251
ury,1991,25.9211006164551
ury,1992,25.8239707946777
ury,1994,26.6682891845703
ury,1995,25.9681205749512
ury,1996,19.4749603271484
ury,2000,20.4781093597412
ury,2001,21.0663108825684
ury,2002,21.4735698699951
ury,2003,25.9395008087158
ury,2004,24.2981395721436
ury,2005,21.8328495025635
ury,2006,22.0023097991943
ury,2011,26.8333396911621
usa,1986,25.4659595489502
usa,1988,24.1883201599121
usa,1989,24.4155902862549
usa,1990,24.9634895324707
usa,1991,24.7197399139404
usa,1994,23.2585201263428
usa,1995,25.2425498962402
usa,1998,26.2607002258301
usa,1999,26.2228393554688
usa,2001,26.297700881958
usa,2002,25.183910369873
usa,2003,26.2451705932617
usa,2004,24.3991298675537
usa,2005,25.7911701202393
usa,2006,26.3101806640625
usa,2007,23.6972999572754
usa,2008,23.3305397033691
usa,2009,22.6064891815186
usa,2010,25.652889251709
usa,2011,26.1128807067871
usa,2012,28.4634990692139
usa,2013,27.2271595001221
usa,2014,32.5399284362792
vct,2005,3.70626997947693
vct,2007,5.72990989685059
vct,2009,5.41548013687134
vct,2010,7.01034021377563
ven,1970,28.7571601867676
ven,1971,25.9612407684326
ven,1972,27.2235202789307
ven,1974,35.7356491088867
ven,1975,37.4915885925292
ven,1977,37.0727500915527
ven,1980,40.6739196777344
ven,1981,40.795970916748
ven,1982,45.0478782653809
ven,1983,43.6071586608887
ven,1984,45.5004501342773
ven,1987,40.110408782959
ven,1988,37.5705986022949
ven,1990,41.840160369873
ven,1992,30.2973098754883
ven,1993,35.0867614746094
ven,1994,34.7308883666992
ven,2006,47.3264312744141
ven,2007,43.4873390197754
ven,2009,22.599100112915
vgb,1970,1.46580004692078
vgb,1971,3.90625
vgb,1973,7.80885982513428
vgb,2001,21.8355007171631
vgb,2005,34.2307586669922
vgb,2006,34.6584205627441
vgb,2007,33.1133117675781
vgb,2015,22.1194400787354
vnm,2008,22.1648197174072
vnm,2009,13.6402597427368
vnm,2010,14.4805097579956
vnm,2011,15.7349395751953
vnm,2012,14.8252296447754
vnm,2013,15.0089597702026
vut,1994,6.38712978363037
vut,1998,6.55304002761841
vut,1999,6.78098011016846
vut,2000,7.38561010360718
vut,2001,10.4645204544067
vut,2008,5.85658979415894
wsm,1999,40.2705307006836
wsm,2000,36.3963394165039
wsm,2001,33.2190895080566
zaf,1987,26.4181709289551
zaf,1988,25.3118095397949
zaf,1989,26.3238105773926
zaf,1990,26.5154399871826
zaf,1991,23.9783096313477
zaf,1993,15.5893001556396
zaf,1994,16.6195697784424
zaf,1996,17.0674304962158
zaf,1999,15.2419595718384
zaf,2000,14.5478496551514
zaf,2001,14.5108299255371
zaf,2002,14.6484699249268
zaf,2003,14.1107597351074
zaf,2004,13.3232898712158
zaf,2005,15.0548496246338
zaf,2006,12.848030090332
zaf,2007,13.0953903198242
zaf,2008,13.0096797943115
zaf,2009,12.533579826355
zaf,2010,11.8772897720337
zaf,2011,11.7083597183228
zaf,2012,11.9128303527832
zaf,2013,12.4088897705078
zaf,2014,12.1850900650024
zmb,1970,14.1822595596313
zmb,1971,18.3064708709717
zmb,1972,14.766429901123
zmb,1973,15.4389801025391
zmb,1974,14.2300500869751
zmb,1975,16.0681495666504
zmb,1976,17.2333393096924
zmb,1977,17.5881690979004
zmb,1978,17.9943809509277
zmb,1979,21.7002296447754
zmb,1980,18.6923599243164
zmb,1981,18.714729309082
zmb,1982,18.0556106567383
zmb,1983,13.0564098358154
zmb,1984,11.3421096801758
zmb,1985,17.3334693908691
zmb,1986,19.1525707244873
zmb,1987,15.0516500473022
zmb,1991,20.8458690643311
zmb,1992,24.7040996551514
zmb,1993,28.7833499908447
zmb,1994,20.8036308288574
zmb,1995,22.0644207000732
zmb,2000,19.4100704193115
zmb,2004,18.0496597290039
zmb,2005,25.752649307251
zwe,1979,11.8229703903198
zwe,1980,10.2555303573608
zwe,1981,8.75203990936279
zwe,1983,6.2461199760437
zwe,1984,7.95475006103516
zwe,1985,3.38927006721497
zwe,1987,8.95670986175537
zwe,1988,9.6635398864746
zwe,1989,10.3630695343018
zwe,1990,0.0
zwe,1992,13.3750095367432
zwe,1994,17.3539505004883
zwe,2010,22.8150100708008
zwe,2012,19.6969299316406
zwe,2013,18.9782600402832
zwe,2014,16.8320693969727
