country,year,lo_timss_sci8_p75
are,2011,532.459057617187
are,2015,554.0
arm,2003,519.518005371094
arm,2007,544.4080078125
arm,2011,505.835571289062
aus,1995,576.016003417969
aus,1999,600.513989257812
aus,2003,579.892016601563
aus,2007,568.706005859375
aus,2011,575.26142578125
aus,2015,569.0
aut,1995,598.1419921875
bgr,1999,580.722009277344
bgr,2003,543.809997558594
bgr,2007,542.6
bhr,2003,490.889996337891
bhr,2007,529.740002441406
bhr,2011,524.659985351562
bhr,2015,541.0
bih,2007,521.389990234375
bwa,2003,425.017999267578
bwa,2007,425.396002197265
can,1995,570.622009277344
can,1999,586.335998535156
can,2015,575.0
che,1995,565.021997070313
chl,1999,479.822003173828
chl,2003,471.155993652344
chl,2011,510.889630126953
chl,2015,511.0
col,1995,424.189996337891
col,2007,468.622003173828
cyp,1995,518.969995117188
cyp,1999,518.023999023437
cyp,2003,496.893994140625
cyp,2007,511.457989501953
cze,1995,604.488012695313
cze,1999,592.642004394531
cze,2007,587.1
deu,1995,580.953991699219
dnk,1995,528.870007324219
dza,2007,451.182000732422
egy,2003,498.00599975586
egy,2007,481.137994384766
egy,2015,455.0
esp,1995,552.844006347656
est,2003,595.957995605469
fin,1999,586.853991699219
fin,2011,597.075317382813
fra,1995,536.4080078125
geo,2007,480.780004882812
geo,2011,483.028063964844
geo,2015,505.0
gha,2003,344.522003173828
gha,2007,378.320007324219
gha,2011,387.590020751953
grc,1995,542.657995605469
hkg,1995,566.638012695312
hkg,1999,576.256005859375
hkg,2003,599.921997070313
hkg,2007,585.996008300781
hkg,2011,586.9359375
hkg,2015,593.0
hun,1995,588.460009765625
hun,1999,608.555981445312
hun,2003,595.010009765625
hun,2007,592.44599609375
hun,2011,578.792504882813
hun,2015,588.0
idn,1999,491.944000244141
idn,2003,474.564001464844
idn,2007,478.55400390625
idn,2011,460.616790771484
irl,1995,580.644006347656
irl,2015,585.0
irn,1995,512.894006347656
irn,1999,505.429998779297
irn,2003,501.759997558594
irn,2007,513.026000976563
irn,2011,537.3369140625
irn,2015,519.0
isl,1995,538.523999023437
isr,1995,574.211999511719
isr,1999,542.635986328125
isr,2003,547.559997558594
isr,2007,539.785986328125
isr,2011,582.100524902344
isr,2015,582.0
ita,1995,556.421984863281
ita,1999,553.509997558594
ita,2003,544.847998046875
ita,2007,548.5419921875
ita,2011,553.908190917969
ita,2015,552.0
jor,1999,523.9
jor,2003,538.4580078125
jor,2007,553.626000976563
jor,2011,522.333874511719
jor,2015,499.0
jpn,1995,606.564001464844
jpn,1999,602.034008789063
jpn,2003,601.359997558594
jpn,2007,606.092004394531
jpn,2011,610.146801757813
jpn,2015,624.0
kaz,2011,546.295874023437
kaz,2015,593.0
kor,1995,603.947998046875
kor,1999,606.698010253906
kor,2003,606.268017578125
kor,2007,605.596008300781
kor,2011,613.922326660156
kor,2015,609.0
kwt,1995,472.944006347656
kwt,2007,481.237994384766
kwt,2015,488.0
lbn,2003,459.793994140625
lbn,2007,484.435998535156
lbn,2011,475.299243164063
lbn,2015,471.0
ltu,1995,517.036010742188
ltu,1999,542.921984863281
ltu,2003,566.775988769531
ltu,2007,574.167993164063
ltu,2011,566.934008789063
ltu,2015,574.0
lva,1995,530.839990234375
lva,1999,554.615991210938
lva,2003,559.932006835938
mar,1999,395.117999267578
mar,2003,444.020001220703
mar,2007,455.911999511719
mar,2011,435.059729003906
mar,2015,452.0
mda,1999,525.026000976563
mda,2003,524.189990234375
mkd,1999,526.568005371094
mkd,2003,514.79599609375
mkd,2011,491.686572265625
mlt,2007,537.330004882813
mlt,2015,557.0
mng,2007,500.824005126953
mys,1999,547.285986328125
mys,2003,556.130004882813
mys,2007,529.698010253907
mys,2011,499.295953369141
mys,2015,539.0
nld,1995,592.170007324219
nld,1999,594.721984863281
nld,2003,579.146020507813
nor,1995,564.352001953125
nor,2003,541.823999023438
nor,2007,538.823999023438
nor,2011,544.409985351562
nor,2015,542.0
nzl,1995,570.820007324219
nzl,1999,574.4080078125
nzl,2003,570.314013671875
nzl,2011,571.803479003906
nzl,2015,576.0
omn,2007,492.000006103515
omn,2011,502.389666748047
omn,2015,526.0
phl,1999,431.174005126953
phl,2003,451.917999267578
prt,1995,523.416003417969
pse,2003,502.981994628906
pse,2007,486.005999755859
pse,2011,497.001635742188
qat,2007,414.226000976563
qat,2011,507.358911132812
qat,2015,538.0
rou,1995,540.5419921875
rou,1999,539.00400390625
rou,2003,533.265991210938
rou,2007,524.039990234375
rou,2011,523.437487792969
rus,1995,580.942004394531
rus,1999,590.742004394531
rus,2003,564.838000488281
rus,2007,584.180004882813
rus,2011,596.123364257813
rus,2015,596.0
sau,2003,448.307995605469
sau,2007,458.531994628907
sau,2011,494.085388183594
sau,2015,466.0
sgp,1995,634.421997070313
sgp,1999,634.75400390625
sgp,2003,644.030017089844
sgp,2007,644.085998535156
sgp,2011,659.959265136719
sgp,2015,657.0
slv,2007,433.734002685547
srb,2003,524.815991210938
srb,2007,529.21201171875
svk,1995,585.866015625
svk,1999,586.326000976562
svk,2003,568.733996582031
svn,1995,566.685998535156
svn,1999,589.907995605469
svn,2003,566.383996582031
svn,2007,587.176000976563
svn,2011,595.179272460937
svn,2015,605.0
swe,1995,608.289990234375
swe,2003,574.788012695313
swe,2007,564.177990722656
swe,2011,566.205773925782
swe,2015,582.0
syr,2007,504.770001220703
syr,2011,486.733178710938
tha,1995,554.144006347656
tha,1999,532.035998535156
tha,2007,526.356005859375
tha,2011,503.993737792969
tha,2015,511.0
tun,1999,474.430004882812
tun,2003,444.403997802734
tun,2007,486.472003173828
tun,2011,484.420709228516
tur,1999,486.555993652344
tur,2007,517.623986816406
tur,2011,554.133129882813
tur,2015,560.0
ukr,2007,543.303979492188
ukr,2011,558.516589355469
usa,1995,579.876013183594
usa,1999,582.642004394531
usa,2003,584.030004882812
usa,2007,578.3
usa,2011,582.451550292969
usa,2015,588.0
zaf,1999,315.626000976563
zaf,2003,318.965997314453
