country,year,uis_fosgp_56_f800_m
ago,2013,0.809769988059998
alb,2000,1.72523999214172
alb,2003,5.84957981109619
alb,2011,1.8823299407959
alb,2013,4.25712013244629
alb,2014,5.50495004653931
are,2011,0.376760005950928
are,2012,0.767610013484955
are,2013,0.823689997196198
are,2014,1.02585995197296
arg,2006,6.81105995178223
arg,2007,9.04174041748047
arg,2008,8.52313041687012
arg,2009,7.4268798828125
arg,2010,6.62814998626709
arg,2011,2.34477996826172
arg,2012,3.55087995529175
arg,2013,4.47696018218994
arm,2010,4.80604982376099
arm,2014,7.43779993057251
aus,1999,3.58085989952087
aus,2000,3.13910007476807
aus,2001,4.38091993331909
aus,2002,3.85723996162415
aus,2003,3.54227995872498
aus,2005,2.38256001472473
aus,2006,3.14753007888794
aus,2007,3.33711004257202
aus,2008,3.0934100151062
aus,2009,3.09407997131348
aus,2010,3.20050001144409
aus,2011,3.31954002380371
aus,2014,3.44481992721558
aut,2000,3.23784995079041
aut,2001,2.36029005050659
aut,2003,2.50086998939514
aut,2004,1.48410999774933
aut,2005,2.54147005081177
aut,2007,2.51478004455566
aut,2008,3.07141995429993
aut,2009,3.47654008865356
aut,2010,2.9326798915863
aut,2011,2.84067988395691
aut,2012,2.90511989593506
aut,2013,4.39086008071899
aut,2014,4.48178005218506
aze,2008,13.8520002365112
aze,2009,14.0669403076172
aze,2010,13.9114999771118
aze,2011,13.3450298309326
aze,2012,13.0847797393799
aze,2014,0.482430011034012
bdi,2010,5.0125298500061
bdi,2011,2.16305994987488
bdi,2012,5.26939010620117
bel,2000,2.02630996704102
bel,2001,1.87594997882843
bel,2002,2.51132011413574
bel,2006,2.00512003898621
bel,2008,1.53012001514435
bel,2009,1.49005997180939
bel,2010,2.32399010658264
bel,2011,2.15339994430542
bel,2012,2.2276599407196
bel,2013,2.27484011650085
ben,2009,5.54175996780396
ben,2010,1.97477996349335
ben,2011,2.73052000999451
bfa,2011,6.20817995071411
bfa,2012,1.33270001411438
bfa,2013,0.952809989452362
bgd,2003,0.106420002877712
bgr,1999,11.7631597518921
bgr,2000,10.7759895324707
bgr,2001,7.13885021209717
bgr,2002,6.7772798538208
bgr,2003,8.32695960998535
bgr,2004,8.18404960632324
bgr,2005,8.38969039916992
bgr,2007,9.37154960632324
bgr,2008,10.1514902114868
bgr,2009,9.50728988647461
bgr,2010,9.41117000579834
bgr,2011,10.5277900695801
bgr,2012,10.3911600112915
bgr,2013,9.69509029388428
bgr,2014,10.0157699584961
bhr,2003,2.69922995567322
bhr,2005,3.51905989646912
bhr,2006,5.07559013366699
bhr,2014,3.07836008071899
bih,2013,6.65093994140625
bih,2014,7.63823986053467
blr,2010,5.16306018829346
blr,2011,5.53258991241455
blr,2012,5.83779001235962
blr,2013,6.3103199005127
blr,2014,5.87416982650757
bmu,2001,17.391300201416
bmu,2005,10.0
bmu,2007,12.9032297134399
bmu,2009,7.5
bmu,2010,7.69230985641479
bmu,2011,7.40741014480591
bmu,2012,17.073169708252
bmu,2014,35.0
bra,2001,0.877730011940002
bra,2002,1.40929996967316
bra,2003,1.70296001434326
bra,2004,1.84353005886078
bra,2005,2.30433988571167
bra,2007,2.19818997383118
bra,2008,2.02110004425049
bra,2009,2.01502990722656
bra,2010,3.21129989624023
bra,2011,2.97931003570557
bra,2012,2.87841010093689
bra,2014,3.44574999809265
brb,2011,3.04636001586914
can,1998,5.9786901473999
can,1999,6.17904996871948
can,2002,5.64762020111084
che,1999,7.07367992401123
che,2000,6.69809007644653
che,2001,6.10767984390259
che,2002,5.23924016952515
che,2003,5.92981004714966
che,2004,7.84907007217407
che,2005,9.49332046508789
che,2006,7.2365198135376
che,2007,7.07587003707886
che,2008,7.32186985015869
che,2009,7.68193006515503
che,2010,8.17290019989014
che,2011,8.58689022064209
che,2013,8.36124992370605
che,2014,8.20617961883545
chl,2004,7.03322982788086
chl,2006,6.04859018325806
chl,2007,8.54043006896973
chl,2008,8.13218975067139
chl,2009,7.47112989425659
chl,2010,8.62569046020508
chl,2012,9.50434970855713
chl,2014,11.1508502960205
col,2011,2.47389006614685
col,2012,7.96478986740112
col,2013,6.67703008651733
col,2014,2.82986998558044
cri,2001,0.573000013828278
cri,2002,1.3237099647522
cri,2007,2.28819990158081
cri,2010,1.34055995941162
cri,2011,3.06297993659973
cri,2013,3.76059007644653
cri,2014,2.51114988327026
cub,2012,15.909839630127
cub,2013,10.8282604217529
cym,2007,5.26316022872925
cym,2008,4.65115976333618
cyp,1999,6.79502010345459
cyp,2002,34.8555488586426
cyp,2003,25.0354595184326
cyp,2004,33.1232490539551
cyp,2006,17.1043796539307
cyp,2007,15.1232900619507
cyp,2008,12.8792600631714
cyp,2009,9.56807041168213
cyp,2010,7.95847988128662
cyp,2011,4.72812986373901
cyp,2012,8.25162982940674
cyp,2013,2.22311997413635
cyp,2014,3.26729011535645
cze,1999,3.77689003944397
cze,2000,4.17423009872437
cze,2001,3.77203989028931
cze,2002,4.20353984832764
cze,2003,4.53964996337891
cze,2004,4.84352016448975
cze,2005,5.25119018554688
cze,2006,6.41831016540527
cze,2007,5.52942991256714
cze,2008,5.98817014694214
cze,2009,6.00722980499268
cze,2010,6.20031976699829
cze,2011,6.58729982376099
cze,2012,6.1496901512146
cze,2013,7.27054023742676
cze,2014,6.75740003585815
deu,1999,3.79647994041443
deu,2000,4.12380981445313
deu,2001,4.09791994094849
deu,2002,4.21829986572266
deu,2014,3.58656001091003
dnk,1999,6.10034990310669
dnk,2000,5.65078020095825
dnk,2001,5.50959014892578
dnk,2002,5.25915002822876
dnk,2003,4.95868015289307
dnk,2004,5.24020004272461
dnk,2005,6.34157991409302
dnk,2006,6.36923980712891
dnk,2007,5.51787996292114
dnk,2008,6.22648000717163
dnk,2009,5.08649015426636
dnk,2010,5.43977022171021
dnk,2011,5.59247016906738
dnk,2012,4.18545007705688
dnk,2013,5.71247005462646
dnk,2014,4.75311994552612
dom,2012,9.96745014190674
dom,2014,1.35442996025085
dza,2007,1.58027005195618
dza,2009,1.61495995521545
dza,2010,4.64949989318848
dza,2011,2.07745003700256
dza,2013,0.286460012197495
dza,2014,1.09335005283356
ecu,2007,0.426279991865158
ecu,2008,2.7470600605011
ecu,2012,4.04162979125977
ecu,2013,4.33092021942139
egy,2013,3.11638998985291
egy,2014,2.10768008232117
esp,1999,4.18441009521484
esp,2000,4.82876014709473
esp,2001,5.32143020629883
esp,2002,5.70339012145996
esp,2003,5.94792985916138
esp,2004,6.79096984863281
esp,2005,7.32073020935059
esp,2006,7.69044017791748
esp,2007,7.88044023513794
esp,2008,8.22647953033447
esp,2009,8.6950798034668
esp,2010,9.02766990661621
esp,2011,8.40662956237793
esp,2012,10.5644302368164
esp,2014,9.79732990264893
est,1999,10.5988798141479
est,2000,8.77192974090576
est,2001,9.47688007354736
est,2002,12.1101703643799
est,2003,11.9973402023315
est,2004,9.87271976470947
est,2005,11.2628002166748
est,2006,12.5226898193359
est,2007,12.5414199829102
est,2008,13.3831100463867
est,2009,11.8977699279785
est,2010,11.2283802032471
est,2011,11.0374097824097
est,2012,11.932279586792
est,2014,13.5182504653931
eth,2002,0.121420003473759
eth,2004,0.0580799989402294
fin,1998,4.48827981948853
fin,1999,5.37132978439331
fin,2000,5.34566020965576
fin,2001,4.41288995742798
fin,2002,5.07606983184814
fin,2003,5.90618991851807
fin,2004,4.45412015914917
fin,2006,4.5313401222229
fin,2007,4.18700981140137
fin,2009,3.61991000175476
fin,2010,3.30009007453918
fin,2011,4.9172101020813
fin,2012,4.2943000793457
fin,2013,5.07538986206055
fin,2014,4.95054006576538
fra,1999,2.50585007667542
fra,2000,3.90722990036011
fra,2002,4.19714021682739
fra,2003,4.19669008255005
fra,2004,4.43843984603882
fra,2005,4.51399993896484
fra,2006,4.81151008605957
fra,2007,4.72710990905762
fra,2008,4.71476984024048
fra,2009,4.56315994262695
fra,2012,4.22608995437622
fra,2013,4.15669012069702
fra,2014,4.46832990646362
gbr,1999,1.99102997779846
gbr,2001,1.15753996372223
gbr,2002,0.936519980430603
gbr,2003,0.592029988765717
gbr,2004,0.528020024299622
gbr,2005,0.562919974327087
gbr,2006,0.668649971485138
gbr,2007,0.680450022220612
gbr,2008,1.24214994907379
gbr,2009,1.29332995414734
gbr,2010,1.3576500415802
gbr,2011,1.41048002243042
gbr,2012,1.44071996212006
gbr,2013,1.319620013237
gbr,2014,1.30191004276276
geo,1999,2.34783005714417
geo,2000,2.71912002563477
geo,2001,2.28224992752075
geo,2002,3.45941996574402
geo,2003,2.60534000396729
geo,2004,2.893630027771
geo,2006,2.9729700088501
geo,2007,3.35830998420715
geo,2010,3.21754002571106
geo,2012,7.03668022155762
geo,2013,10.5594100952148
geo,2014,10.64381980896
gha,2013,0.126919999718666
gha,2014,0.558210015296936
gmb,2011,2.47869992256165
grc,2004,1.99256002902985
grc,2005,12.5493297576904
grc,2007,13.7451000213623
grc,2008,14.2453298568726
grc,2010,4.35831022262573
grc,2011,4.60277986526489
grc,2012,4.11649990081787
guy,2005,6.82594013214111
guy,2006,0.737100005149841
guy,2007,2.52631998062134
guy,2008,0.763360023498535
guy,2010,1.15741002559662
guy,2011,0.242129996418953
guy,2012,1.08224999904633
hkg,2003,0.201670005917549
hkg,2004,0.289640009403229
hkg,2005,0.636849999427795
hkg,2006,1.18883001804352
hnd,2003,0.408769994974136
hnd,2012,3.10598993301392
hnd,2013,2.96038007736206
hnd,2014,3.45229005813599
hrv,1999,22.3626098632813
hrv,2001,27.7539100646973
hrv,2002,29.5935497283936
hrv,2003,26.2505397796631
hrv,2005,23.5724906921387
hrv,2006,24.2753601074219
hrv,2007,26.2692909240723
hrv,2008,17.8807392120361
hrv,2009,16.994010925293
hrv,2010,14.8377103805542
hrv,2012,11.8154897689819
hun,1999,6.52034997940063
hun,2000,9.52060985565186
hun,2001,15.6240196228027
hun,2002,12.9349203109741
hun,2003,12.1633796691895
hun,2004,11.5641202926636
hun,2005,14.959529876709
hun,2006,10.3462200164795
hun,2008,9.65118026733398
hun,2009,9.39418029785156
hun,2010,9.39645004272461
hun,2011,8.79494953155518
hun,2012,9.34051036834717
hun,2014,8.6781702041626
idn,2014,3.02087998390198
ind,2013,0.128869995474815
irl,1998,4.69016981124878
irl,1999,4.54878997802734
irl,2000,2.65946006774902
irl,2001,8.02797031402588
irl,2002,5.45256996154785
irl,2003,3.64067006111145
irl,2004,3.43620991706848
irl,2005,2.55906009674072
irl,2006,3.30628991127014
irl,2007,3.09805011749268
irl,2008,2.74849009513855
irl,2009,5.62613010406494
irl,2010,6.43972015380859
irl,2012,6.59067010879517
irn,2004,2.37772989273071
irn,2005,2.40252995491028
irn,2006,2.26706004142761
irn,2007,2.40252995491028
irn,2009,2.48646998405457
irn,2011,2.980299949646
irn,2012,2.96033000946045
irn,2013,3.20025992393494
irn,2014,3.47262001037598
irq,2004,9.94876003265381
isl,2002,0.118199996650219
isl,2003,0.556169986724854
isl,2004,0.946370005607605
isl,2005,0.526870012283325
isl,2006,0.896059989929199
isl,2007,0.43215000629425
isl,2008,1.14006996154785
isl,2009,0.679120004177094
isl,2010,1.24451005458832
ita,1998,0.235499992966652
ita,1999,0.23887999355793
ita,2000,0.695529997348785
ita,2001,5.05812978744507
ita,2002,4.31941986083984
ita,2003,5.79296016693115
ita,2004,3.47036004066467
ita,2005,2.83491992950439
ita,2006,3.04344010353088
ita,2007,3.02093005180359
ita,2008,3.06297993659973
ita,2011,4.52630996704102
ita,2012,3.73260998725891
jor,2004,0.0774599984288216
jor,2005,0.162640005350113
jor,2011,0.474040001630783
jpn,1998,2.46693992614746
jpn,1999,2.37581992149353
jpn,2000,4.47833013534546
jpn,2001,4.85003995895386
jpn,2002,4.58151006698608
jpn,2003,4.65766000747681
jpn,2004,5.00965023040771
jpn,2005,5.17944002151489
jpn,2006,4.42819023132324
jpn,2007,4.31047010421753
jpn,2008,4.20576000213623
jpn,2009,3.97648000717163
jpn,2010,3.67206001281738
jpn,2011,3.56990003585815
jpn,2012,3.61205005645752
jpn,2013,3.73953008651733
jpn,2014,3.9776599407196
kaz,2014,4.40309000015259
kaz,2015,3.77400994300842
ken,2000,0.775330007076263
ken,2001,0.411399990320206
kgz,1999,2.27839994430542
kgz,2001,5.74752998352051
kgz,2002,7.34735012054443
kgz,2003,7.36064004898071
kgz,2004,9.71284008026123
kgz,2005,5.13051986694336
kgz,2006,10.7843103408813
kgz,2007,11.6553297042847
kgz,2008,10.39976978302
kgz,2009,10.7138700485229
kgz,2010,13.2295303344727
kgz,2011,11.1153898239136
kgz,2012,10.9884395599365
kgz,2013,0.774070024490356
khm,2001,0.995729982852936
khm,2002,1.03137004375458
khm,2004,5.27803993225098
khm,2007,3.13738989830017
khm,2008,0.0330099985003471
kor,1998,3.36892008781433
kor,1999,3.60911989212036
kor,2000,3.6842200756073
kor,2001,3.45534992218018
kor,2002,5.61590003967285
kor,2003,6.53663015365601
kor,2004,6.59012985229492
kor,2006,5.99762010574341
kor,2007,6.62736988067627
kor,2008,6.73057985305786
kor,2009,7.09305000305176
kor,2011,6.86661005020142
kor,2015,7.02073001861572
lao,1999,5.52109003067017
lao,2000,6.74156999588013
lao,2001,6.69782018661499
lao,2004,8.94369029998779
lao,2005,9.20901012420654
lao,2006,5.5337700843811
lao,2009,5.75236988067627
lao,2011,0.693180024623871
lao,2012,1.25541996955872
lao,2013,2.03272008895874
lao,2014,2.51904010772705
lbn,2000,2.27754998207092
lbn,2001,2.72989010810852
lbn,2002,3.69285988807678
lbn,2004,7.7363600730896
lbn,2005,4.02921009063721
lbn,2006,0.969900012016296
lbn,2007,1.54329001903534
lbn,2008,1.52450001239777
lbn,2009,0.954609990119934
lbn,2010,0.679030001163483
lbn,2011,0.644469976425171
lbr,2000,12.2950801849365
lka,2012,0.365900009870529
lso,2012,3.2089900970459
lso,2013,3.75758004188538
lso,2014,4.73551988601685
ltu,1999,7.80692005157471
ltu,2000,7.5715799331665
ltu,2001,6.35728979110718
ltu,2002,6.34920978546143
ltu,2003,6.76684999465942
ltu,2004,4.66646003723145
ltu,2005,4.96805000305176
ltu,2006,5.27785015106201
ltu,2007,5.78340005874634
ltu,2008,5.34869003295898
ltu,2009,4.85232019424438
ltu,2010,4.03001022338867
ltu,2011,4.22755002975464
ltu,2012,4.32396984100342
ltu,2013,4.34843015670776
lux,2008,0.584800004959106
lva,1999,7.57575988769531
lva,2000,8.07664966583252
lva,2001,4.19565010070801
lva,2002,8.71368980407715
lva,2003,8.11693000793457
lva,2004,7.41042995452881
lva,2005,7.12058019638062
lva,2006,8.43000984191895
lva,2007,9.36046028137207
lva,2008,8.864990234375
lva,2009,8.49234008789063
lva,2010,7.44582986831665
lva,2011,9.03096008300781
lva,2012,8.33930015563965
lva,2013,9.65672016143799
lva,2014,10.5463600158691
mac,2005,1.38028001785278
mac,2006,2.018630027771
mac,2007,4.33494997024536
mac,2008,6.47749996185303
mac,2009,8.23917961120605
mac,2010,9.03244018554688
mac,2011,14.7806997299194
mac,2012,19.683069229126
mac,2013,19.671459197998
mac,2014,16.5399208068848
mar,2001,0.948210000991821
mar,2007,2.12446999549866
mar,2008,3.31514000892639
mar,2009,3.17463994026184
mar,2010,4.20466995239258
mda,2013,7.06459999084473
mdg,2005,0.326979994773865
mdg,2006,0.176400005817413
mdg,2007,0.117789998650551
mdg,2008,0.0464500002563
mdg,2009,0.964590013027191
mdg,2010,0.8542600274086
mdg,2013,1.42086005210876
mex,2000,1.2849600315094
mex,2001,2.09112000465393
mex,2002,2.05738997459412
mex,2003,0.584219992160797
mex,2005,2.33330988883972
mex,2006,2.25096011161804
mex,2007,2.31134009361267
mex,2008,2.39549994468689
mex,2009,2.63581991195679
mex,2010,0.93638002872467
mex,2011,1.11432003974915
mex,2012,1.17104005813599
mkd,1999,5.43806982040405
mkd,2000,6.0155200958252
mkd,2001,6.15276002883911
mkd,2002,6.93000984191895
mkd,2003,7.46184015274048
mkd,2004,7.82655000686646
mkd,2005,7.74720001220703
mkd,2006,8.5281400680542
mkd,2007,6.38740015029907
mkd,2008,12.9875898361206
mkd,2009,10.7628202438354
mkd,2010,9.7054500579834
mkd,2011,7.88890981674194
mkd,2012,11.3602695465088
mkd,2013,9.76247978210449
mlt,2000,4.07524013519287
mlt,2001,0.416229993104935
mlt,2002,0.223210006952286
mlt,2003,0.323619991540909
mlt,2004,0.545849978923798
mlt,2005,0.278039991855621
mlt,2006,1.60142004489899
mlt,2008,1.49911999702454
mlt,2009,0.78260999917984
mlt,2010,3.72720003128052
mlt,2011,2.22951006889343
mlt,2012,2.10312008857727
mmr,2011,0.938799977302551
mmr,2012,0.469520002603531
mng,1999,3.82550001144409
mng,2000,8.00341987609863
mng,2001,13.5874900817871
mng,2002,6.85975980758667
mng,2003,11.0255603790283
mng,2004,13.3669395446777
mng,2005,11.5330896377563
mng,2006,10.3851804733276
mng,2007,10.1932001113892
mng,2008,10.0275297164917
mng,2009,10.2499799728394
mng,2010,10.4613599777222
mng,2011,10.5795202255249
mng,2013,9.70172023773193
mng,2014,11.6754198074341
moz,2004,3.60408997535706
moz,2005,4.59952020645142
moz,2008,1.20265996456146
moz,2009,4.42289018630981
moz,2010,0.0774099975824356
moz,2011,4.09186983108521
moz,2012,2.31455993652344
moz,2013,7.51679992675781
moz,2014,4.66328001022339
mrt,2015,1.39616000652313
mus,2014,10.280779838562
mys,2004,1.16611003875732
mys,2006,3.88386988639832
mys,2007,1.40980005264282
mys,2008,1.24156999588013
mys,2009,2.13234996795654
mys,2010,3.17830991744995
mys,2011,4.64420986175537
mys,2012,6.34130001068115
mys,2013,4.46382999420166
mys,2014,3.56505990028381
nam,2001,1.54022002220154
nam,2003,2.30150008201599
nam,2008,0.521510004997253
ner,2001,8.04020023345947
nld,1999,2.95176005363464
nld,2000,2.87832999229431
nld,2001,2.74868988990784
nld,2002,2.81593990325928
nld,2003,2.52854990959167
nld,2004,2.53018999099731
nld,2005,2.36423993110657
nld,2006,4.41602993011475
nld,2007,4.78674983978271
nld,2008,5.34169006347656
nld,2010,5.66233015060425
nld,2011,5.23137998580933
nld,2012,5.35430002212524
nor,1999,4.8980598449707
nor,2000,5.10637998580933
nor,2001,5.00415992736816
nor,2002,4.82214021682739
nor,2003,4.44860982894897
nor,2004,5.88050985336304
nor,2005,6.36698007583618
nor,2007,5.60271978378296
nor,2008,6.29943990707397
nor,2009,6.73640012741089
nor,2010,6.75958013534546
nor,2011,6.879310131073
nor,2012,8.08874988555908
nor,2013,9.43988037109375
nor,2014,9.46218967437744
nzl,1998,3.19170999526978
nzl,1999,3.35776996612549
nzl,2000,5.7773699760437
nzl,2001,6.39058017730713
nzl,2002,4.81640005111694
nzl,2003,6.38852977752686
nzl,2004,2.42269992828369
nzl,2005,2.85332989692688
nzl,2006,2.74902009963989
nzl,2007,2.50243997573853
nzl,2008,1.93523001670837
nzl,2009,4.627769947052
nzl,2010,6.69766998291016
nzl,2011,7.20623016357422
nzl,2012,6.90376996994019
omn,2009,0.377359986305237
omn,2010,0.84552001953125
pan,2002,1.99537003040314
pan,2003,3.15265011787415
pan,2004,2.30562996864319
pan,2005,4.61100006103516
pan,2006,4.71003007888794
pan,2007,4.2852897644043
pan,2008,5.63321018218994
pan,2009,5.975989818573
pan,2010,6.27572011947632
pan,2011,5.70153999328613
pan,2012,9.29259967803955
pan,2013,9.72437953948975
phl,2003,9.04222965240479
phl,2010,7.42341995239258
phl,2011,7.42471981048584
phl,2012,8.95121002197266
phl,2013,9.61476039886475
phl,2014,9.98709011077881
plw,2013,32.5
pol,2005,7.33758020401001
pol,2006,6.56736993789673
pol,2007,6.90195989608765
pol,2008,6.95204019546509
pol,2009,7.40888977050781
pol,2011,8.64548015594482
pol,2012,9.40657043457031
pol,2013,10.3648595809937
pol,2014,11.2682199478149
pri,2008,4.86267995834351
pri,2009,5.44185018539429
pri,2011,5.91731977462769
pri,2012,6.36624002456665
pri,2013,6.05838012695313
prt,2000,4.46205997467041
prt,2002,6.58401012420654
prt,2003,6.73603010177612
prt,2004,6.65678977966309
prt,2005,7.29570007324219
prt,2006,7.42746019363403
prt,2007,6.47820997238159
prt,2008,6.39339017868042
prt,2009,7.92501020431519
prt,2010,8.92070960998535
prt,2011,8.1265697479248
prt,2012,7.44540977478027
prt,2013,7.99979019165039
prt,2014,8.4526195526123
pse,1999,2.63923001289368
pse,2000,0.754209995269775
pse,2001,0.434630006551743
pse,2007,0.80009001493454
pse,2008,0.879410028457642
pse,2009,0.557079970836639
pse,2010,0.502830028533936
pse,2011,1.56833004951477
pse,2012,0.920340001583099
pse,2013,0.608730018138886
pse,2014,0.513549983501434
qat,2008,17.9530200958252
qat,2009,10.9120502471924
qat,2010,10.7562999725342
qat,2011,5.20231008529663
qat,2012,4.59770011901855
qat,2013,8.03571033477783
qat,2014,4.92147016525269
rou,1999,3.79191994667053
rou,2000,3.98513007164001
rou,2001,3.832200050354
rou,2002,4.08604001998901
rou,2004,3.29712009429932
rou,2005,2.84066009521484
rou,2006,2.53698992729187
rou,2007,4.89351987838745
rou,2008,4.60721015930176
rou,2009,4.06514978408813
rou,2010,3.94299006462097
rou,2011,4.73015022277832
rou,2012,6.48820018768311
rou,2013,6.92424011230469
rou,2014,6.36648988723755
sau,2004,0.0439300015568733
sau,2007,0.553979992866516
sau,2008,0.564880013465881
sau,2009,0.0585700012743473
sau,2010,0.188030004501343
sau,2011,0.404599994421005
sau,2012,1.19175004959106
sau,2013,1.67994999885559
sau,2014,1.34228003025055
sdn,2012,1.45483005046844
sdn,2013,0.960330009460449
sle,2000,0.485020011663437
slv,2003,0.0760300010442734
slv,2006,0.0706799998879433
slv,2007,0.032320000231266
slv,2008,0.030290000140667
slv,2009,0.0738900005817413
slv,2010,0.0425500012934208
slv,2011,0.0597300007939339
slv,2012,0.176780000329018
slv,2013,0.175520002841949
slv,2014,0.13968999683857
srb,2007,13.2493600845337
srb,2008,12.210880279541
srb,2009,7.96402978897095
srb,2010,10.9954595565796
srb,2011,10.2966995239258
srb,2012,9.83448028564453
srb,2013,10.7665996551514
srb,2014,9.31830978393555
svk,1999,5.76673984527588
svk,2000,12.3534002304077
svk,2001,11.2670202255249
svk,2002,9.29030990600586
svk,2003,8.77567005157471
svk,2004,11.7597198486328
svk,2005,9.27801990509033
svk,2006,9.15960025787354
svk,2007,9.09039974212646
svk,2008,8.21039962768555
svk,2009,8.47910022735596
svk,2010,9.16168975830078
svk,2011,9.72154998779297
svk,2012,10.3089599609375
svk,2013,10.5081596374512
svn,1999,8.74256992340088
svn,2001,8.63943958282471
svn,2002,10.3032398223877
svn,2003,10.7596101760864
svn,2005,10.7503700256348
svn,2006,11.345890045166
svn,2007,12.5450801849365
svn,2008,12.5370302200317
svn,2009,13.5725698471069
svn,2010,12.455189704895
svn,2011,10.9303798675537
svn,2012,11.4016895294189
swe,1999,2.42371988296509
swe,2000,2.53242993354797
swe,2001,2.31402993202209
swe,2002,1.94324004650116
swe,2003,2.03186011314392
swe,2004,1.43387997150421
swe,2005,2.01287007331848
swe,2006,2.21532988548279
swe,2007,2.10327005386353
swe,2008,2.57222008705139
swe,2009,2.35616993904114
swe,2010,3.00167989730835
swe,2011,2.93789005279541
swe,2012,2.92711997032166
swe,2013,2.61807990074158
swz,2000,1.64947998523712
swz,2005,1.06383001804352
swz,2006,1.88901996612549
syc,2011,4.0
syc,2014,19.5402297973633
syr,2013,0.200279995799065
tto,2002,4.5511999130249
tto,2004,4.05728006362915
tun,2012,4.74561977386475
tun,2013,4.98027992248535
tun,2014,3.7184898853302
tur,1999,4.68872976303101
tur,2000,4.29092979431152
tur,2001,3.51737999916077
tur,2002,3.28595995903015
tur,2003,5.76936006546021
tur,2004,7.29442977905273
tur,2005,6.6880202293396
tur,2006,8.2633695602417
tur,2007,7.70895004272461
tur,2008,7.1687798500061
tur,2009,6.89441013336182
tur,2010,6.27008008956909
tur,2011,6.85675001144409
tur,2012,6.67975997924805
tur,2014,4.81496000289917
uga,1999,0.802850008010864
uga,2000,6.71671009063721
uga,2004,2.09062004089355
ukr,2012,8.60778045654297
ukr,2013,10.6304903030396
ukr,2014,12.1717195510864
ury,2006,6.96791982650757
ury,2007,10.7232799530029
ury,2008,7.83898019790649
ury,2009,6.32783985137939
ury,2010,6.05389022827148
usa,1999,5.1560001373291
usa,2000,4.79406976699829
usa,2001,5.01304006576538
usa,2002,4.91293001174927
usa,2003,4.68460988998413
usa,2004,6.32426023483276
usa,2005,6.62153005599976
usa,2006,7.06712007522583
usa,2007,7.3554801940918
usa,2008,7.41167020797729
usa,2009,7.4628701210022
usa,2010,7.66882991790771
usa,2011,8.0687198638916
usa,2012,8.58304023742676
usa,2013,8.07114028930664
usa,2014,8.13185024261475
uzb,2006,3.32433009147644
uzb,2007,2.97691988945007
uzb,2008,2.30457997322083
uzb,2009,2.62120008468628
uzb,2010,2.44579005241394
uzb,2011,3.10298991203308
ven,2000,5.17888021469116
vnm,2008,5.72098016738892
vnm,2009,6.44392013549805
vnm,2010,4.90588998794556
vnm,2012,4.39876985549927
vnm,2013,5.93302011489868
vnm,2014,7.06454992294312
wsm,1998,11.5702495574951
wsm,1999,9.52381038665771
wsm,2000,10.3896102905273
zaf,2012,0.178760007023811
zaf,2013,0.228000000119209
zwe,2010,0.197500005364418
zwe,2011,3.52343010902405
zwe,2012,3.66951990127563
