country,year,uis_xspendp_2_fdpub_fncur
abw,2002,99.5402069091797
alb,2013,91.8437423706055
and,2006,97.5326538085938
and,2007,98.6518173217773
and,2008,97.8512802124023
and,2009,98.8630828857422
and,2010,97.8877487182617
and,2011,98.5593490600586
and,2012,98.5593719482422
and,2013,98.8609008789063
and,2014,98.1506805419922
are,1998,91.507942199707
are,2006,89.7163467407227
are,2009,96.0101928710938
are,2011,98.8214797973633
are,2012,99.1440963745117
are,2013,99.4496612548828
arg,1998,95.4206085205078
arg,2001,98.4589080810547
arg,2002,98.8512420654297
arg,2003,99.2925262451172
arg,2004,99.0440826416016
arg,2005,99.2218933105469
arg,2006,97.2808227539063
arg,2007,96.6954879760742
arg,2008,96.153190612793
arg,2009,95.5786209106445
arg,2010,95.377311706543
arg,2011,90.0552368164063
arg,2013,90.7411880493164
arm,2012,95.6263122558594
aus,2000,94.5627899169922
aus,2005,94.1973724365234
aus,2006,91.8210830688477
aus,2007,92.5458374023438
aus,2008,92.1752014160156
aus,2009,89.6129531860352
aus,2010,88.4271469116211
aus,2011,91.5456924438477
aus,2012,93.6779632568359
aus,2013,93.471549987793
aut,1998,94.4751205444336
aut,1999,94.2753982543945
aut,2000,96.2014083862305
aut,2001,97.2613067626953
aut,2002,96.5896911621094
aut,2003,97.6652984619141
aut,2004,96.3289108276367
aut,2005,96.9575805664063
aut,2006,97.3224868774414
aut,2007,98.2026824951172
aut,2008,98.2394638061523
aut,2009,98.2876281738281
aut,2010,98.4500503540039
aut,2011,98.4726028442383
aut,2012,98.1902618408203
aut,2013,97.9821090698242
bdi,2008,100.0
bel,2012,97.3669586181641
ben,2010,99.1048126220703
ben,2012,90.9338073730469
ben,2013,93.5398406982422
bfa,2007,72.4923095703125
bfa,2010,94.3874282836914
bfa,2011,75.769172668457
bfa,2012,75.9037017822266
bfa,2013,95.0702590942383
bfa,2014,90.1142501831055
bgr,2001,98.9093475341797
bgr,2002,96.4619598388672
bgr,2003,97.2808303833008
bgr,2004,97.880989074707
bgr,2005,88.4601516723633
bgr,2006,92.3933181762695
bgr,2007,84.3149108886719
bgr,2008,86.4947891235352
bgr,2009,90.1366806030273
bgr,2010,95.998176574707
bgr,2011,96.9001770019531
bgr,2012,95.8236389160156
bhr,2014,99.4582595825195
blz,2000,95.3825302124023
blz,2001,90.7030868530273
bol,2001,100.0
bol,2002,100.0
bol,2011,94.3863830566406
bol,2012,93.2304000854492
bol,2014,86.6182632446289
bra,1998,95.5155410766602
bra,1999,95.5436477661133
bra,2000,93.946647644043
bra,2001,92.7231216430664
bra,2002,91.1046295166016
bra,2004,94.5217132568359
bra,2005,94.5312576293945
bra,2006,94.9790496826172
bra,2007,94.2881774902344
bra,2008,94.2150573730469
bra,2009,95.9945526123047
bra,2010,95.2734222412109
bra,2011,95.2351913452148
bra,2012,93.469367980957
bra,2013,95.3759994506836
brb,2001,99.9517593383789
brb,2002,87.0411682128906
btn,2013,98.467903137207
bwa,2009,84.5260925292969
caf,2005,98.4732818603516
caf,2008,95.5315933227539
caf,2009,86.0825576782227
che,1998,89.6002197265625
che,1999,90.9875717163086
che,2000,91.905517578125
che,2001,91.2584533691406
che,2002,90.6292190551758
che,2003,89.7679672241211
che,2004,90.5045394897461
che,2005,90.3503189086914
che,2006,91.4708099365234
che,2007,92.1305465698242
che,2008,93.7199325561523
che,2009,92.7159805297852
che,2010,92.6943283081055
che,2011,92.1489410400391
che,2012,92.0857467651367
chl,1998,91.7438507080078
chl,1999,90.5127716064453
chl,2000,85.6402587890625
chl,2002,84.8285217285156
chl,2003,86.1640014648438
chl,2004,84.4933776855469
chl,2005,97.2099075317383
chl,2006,96.3437728881836
chl,2007,96.2317199707031
chl,2008,97.741081237793
chl,2009,97.7124099731445
chn,1999,92.5298919677734
civ,2014,91.4605865478516
cmr,2008,90.0419464111328
cmr,2009,82.5738983154297
cmr,2010,83.2944488525391
cmr,2011,92.6778182983398
cmr,2013,86.9388732910156
cod,2010,75.1479415893555
cod,2013,98.92041015625
col,2009,100.0
col,2010,98.5915222167969
col,2011,99.1010818481445
col,2012,98.1520614624023
col,2013,91.4861679077148
col,2014,94.1052169799805
com,1998,100.0
com,2002,88.1131820678711
com,2011,100.0
com,2012,100.0
cri,2001,100.0
cri,2002,100.0
cri,2004,97.0300369262695
cri,2006,98.6786270141602
cri,2007,96.2117004394531
cri,2008,97.5195770263672
cri,2009,96.302131652832
cri,2010,94.9611282348633
cri,2011,99.2763671875
cri,2012,94.7403564453125
cri,2013,96.3078079223633
cri,2014,96.8039321899414
cub,2000,92.8401184082031
cub,2001,89.88427734375
cub,2002,84.4793090820313
cub,2004,84.5561676025391
cub,2005,83.6890106201172
cub,2006,88.4380874633789
cub,2007,96.489128112793
cub,2008,97.0625610351563
cub,2009,97.9685363769531
cub,2010,98.8116836547852
cuw,2013,100.0
cym,2006,100.0
cyp,2000,92.6470565795898
cyp,2001,90.4756393432617
cyp,2002,89.7959213256836
cyp,2003,86.3003463745117
cyp,2004,93.4738235473633
cyp,2005,92.7905883789063
cyp,2006,91.9172210693359
cyp,2007,93.479118347168
cyp,2008,88.1619720458984
cyp,2009,88.5792617797852
cyp,2010,91.7743072509766
cyp,2011,89.2110595703125
cze,1998,90.984130859375
cze,1999,90.7122421264648
cze,2000,91.680778503418
cze,2001,88.6921005249023
cze,2002,88.1139602661133
cze,2003,89.8069686889648
cze,2004,89.4912567138672
cze,2005,90.7605285644531
cze,2006,88.6171035766602
cze,2007,91.5808181762695
cze,2008,90.6061477661133
cze,2009,88.4962615966797
cze,2010,89.4935836791992
cze,2011,90.2460403442383
cze,2012,90.382682800293
deu,1998,91.9175491333008
deu,2006,92.9025268554688
deu,2007,92.9300384521484
deu,2008,93.4692916870117
deu,2009,92.9002685546875
deu,2010,91.3596420288086
deu,2011,92.576171875
deu,2012,94.3516387939453
dji,2008,88.1533508300781
dji,2014,92.5754623413086
dji,2015,83.8372192382813
dma,2008,81.5799713134766
dma,2009,100.0
dma,2012,100.0
dnk,1998,96.339599609375
dnk,1999,95.7828216552734
dnk,2000,93.7016372680664
dnk,2001,91.527717590332
dnk,2002,92.0150833129883
dnk,2003,92.1442413330078
dnk,2004,92.6897888183594
dnk,2005,93.3471603393555
dnk,2006,94.115119934082
dnk,2007,93.9001388549805
dnk,2008,92.7586898803711
dnk,2009,91.7890396118164
dnk,2010,90.4879379272461
dnk,2011,83.7239379882813
dom,2008,81.8610687255859
dom,2009,88.9824981689453
dom,2010,86.0615386962891
dom,2011,84.7113723754883
dom,2013,56.8062515258789
dom,2014,66.4583511352539
ecu,2010,97.3361511230469
ecu,2011,48.8602714538574
ecu,2012,96.4004974365234
ecu,2013,79.1935424804688
ecu,2014,93.4234924316406
eri,2000,58.5958404541016
eri,2001,36.8176193237305
eri,2002,86.2901992797852
eri,2005,51.9827003479004
esp,2007,93.0527420043945
esp,2008,93.8380126953125
esp,2009,93.8633499145508
esp,2010,95.1755523681641
esp,2011,95.1755523681641
esp,2012,96.0203704833984
esp,2013,97.6470031738281
est,2001,84.4961166381836
est,2002,82.4475479125977
est,2003,89.4146881103516
est,2004,90.2089614868164
eth,2009,88.2829208374023
eth,2010,86.5488204956055
eth,2011,89.5807495117188
eth,2012,87.698486328125
eth,2013,87.0250778198242
fin,1999,93.1097030639648
fin,2000,93.0297698974609
fin,2001,90.8291168212891
fin,2002,88.8302993774414
fin,2003,87.9815902709961
fin,2004,87.1655807495117
fin,2005,90.7363662719727
fin,2006,91.0912475585938
fin,2007,91.7611465454102
fin,2008,91.1645278930664
fin,2009,93.0009384155273
fin,2010,92.5101318359375
fin,2011,91.6233901977539
fin,2012,93.0272827148438
fin,2013,93.8608627319336
fra,1998,89.0811614990234
fra,1999,89.1009063720703
fra,2000,89.0332183837891
fra,2001,89.3803482055664
fra,2002,89.3608932495117
fra,2003,90.8765182495117
fra,2004,88.6668014526367
fra,2005,88.4181594848633
fra,2006,89.0179672241211
fra,2007,88.5690536499023
fra,2008,88.1945495605469
fra,2009,87.9652099609375
fra,2010,89.5498733520508
fra,2011,89.4788513183594
fra,2012,90.8212432861328
gbr,2005,92.9197998046875
gbr,2006,93.5409317016602
gbr,2007,98.4778900146484
gbr,2008,96.7866134643555
gbr,2009,92.4227828979492
gbr,2010,89.1104583740234
gbr,2011,94.0478820800781
gbr,2013,97.5430068969727
gha,2001,100.0
gha,2004,87.3524322509766
gha,2005,87.5367813110352
gha,2006,87.0168228149414
gha,2007,88.3293762207031
gha,2008,92.2273025512695
gha,2009,93.9875564575195
gha,2010,94.0353469848633
gha,2012,97.5115127563477
gin,2008,86.3894577026367
gin,2009,95.2405471801758
gin,2010,98.1765518188477
gin,2011,97.208381652832
gin,2012,96.0795822143555
gin,2013,80.7341537475586
gmb,2008,75.9660110473633
gmb,2009,84.8968734741211
gmb,2010,83.6376495361328
gmb,2011,95.9563293457031
gmb,2012,96.1338119506836
gmb,2013,94.9837493896484
gnb,2010,73.7952575683594
gnb,2011,73.4401779174805
gnb,2012,75.7992401123047
gnb,2013,59.6882209777832
grd,2003,97.8712387084961
gtm,2001,100.0
gtm,2006,92.2353897094727
gtm,2007,97.3402862548828
gtm,2008,96.4110794067383
gtm,2010,99.8109970092773
gtm,2011,94.5562515258789
gtm,2012,88.4480209350586
gtm,2013,93.814323425293
gtm,2014,90.3306503295898
guy,2006,90.6793212890625
guy,2007,99.4740371704102
guy,2010,96.7555389404297
guy,2011,94.1533508300781
hnd,2013,100.0
hun,1998,92.6673126220703
hun,1999,93.7530136108398
hun,2000,93.892692565918
hun,2001,93.8062133789063
hun,2002,93.2932434082031
hun,2003,95.0737228393555
hun,2004,95.5651321411133
hun,2005,94.7601318359375
hun,2006,94.5655136108398
hun,2007,95.796142578125
hun,2008,95.7050628662109
hun,2009,93.3850784301758
hun,2010,90.3055114746094
hun,2011,92.9767608642578
idn,2007,94.6335525512695
idn,2008,94.6110382080078
idn,2009,94.5735168457031
idn,2010,93.3415069580078
idn,2011,92.7240524291992
idn,2012,93.4553833007813
idn,2013,93.4347076416016
idn,2014,93.5422897338867
ind,1999,97.4874496459961
ind,2000,95.54345703125
ind,2003,94.4055709838867
ind,2004,94.5336990356445
ind,2005,94.5336990356445
irl,1998,94.1712188720703
irl,1999,91.3748397827148
irl,2000,89.6284790039063
irl,2001,89.4940567016602
irl,2002,90.7215576171875
irl,2003,92.0197067260742
irl,2004,92.6051025390625
irl,2005,90.6518096923828
irl,2006,91.2752227783203
irl,2007,91.8706130981445
irl,2008,95.3418731689453
irl,2009,94.067626953125
irl,2010,92.9822387695313
irl,2011,94.5183715820313
irl,2012,95.6159362792969
irn,2002,93.6225280761719
irn,2013,94.7138671875
irn,2014,92.5199813842773
isl,2004,88.1662673950195
isl,2005,88.3350601196289
isl,2006,87.6722869873047
isl,2007,88.2214813232422
isl,2008,89.6218032836914
isl,2009,89.7416534423828
isl,2010,91.6735229492188
isl,2011,93.0251922607422
ita,1998,97.5465469360352
ita,2000,96.3515319824219
ita,2001,95.9507827758789
ita,2002,96.1637496948242
ita,2003,95.1319198608398
ita,2004,94.5935897827148
ita,2005,95.1312637329102
ita,2006,96.8904113769531
ita,2007,96.9509811401367
ita,2008,96.0627822875977
ita,2009,95.9367370605469
ita,2010,96.4926528930664
ita,2011,97.2316589355469
ita,2012,97.2198181152344
jam,2003,97.9230575561523
jam,2004,97.3930435180664
jam,2005,97.0738677978516
jam,2007,100.0
jam,2008,86.3352737426758
jam,2009,100.0
jam,2011,98.1576690673828
jam,2012,98.3265991210938
jam,2014,98.1587982177734
jor,1998,100.0
jor,1999,88.8684234619141
jor,2001,87.9394912719727
jor,2002,95.3547821044922
jor,2003,89.053337097168
jor,2004,95.7008285522461
jor,2005,96.4700317382813
jor,2006,85.5854110717773
jor,2007,88.0551605224609
jor,2008,86.3235778808594
jor,2009,86.6989517211914
jor,2010,92.8908386230469
jor,2011,93.2438812255859
jpn,1998,87.4562072753906
jpn,1999,87.782470703125
jpn,2000,88.7616577148438
jpn,2001,89.4061508178711
jpn,2002,89.3367080688477
jpn,2003,89.3950119018555
jpn,2004,89.8392028808594
jpn,2005,90.4279327392578
jpn,2006,89.8275375366211
jpn,2007,90.0929489135742
jpn,2008,89.6387100219727
jpn,2010,85.4644470214844
jpn,2011,84.1132736206055
jpn,2012,86.1705017089844
jpn,2013,85.8969116210938
jpn,2014,84.71826171875
kaz,2011,94.0753479003906
kaz,2012,92.7279586791992
kaz,2013,95.7078399658203
kaz,2014,94.3026428222656
khm,2012,100.0
khm,2013,100.0
kor,1998,83.4687576293945
kor,1999,86.1305694580078
kor,2002,80.248779296875
kor,2003,78.4606018066406
kor,2004,77.0736083984375
kor,2005,80.1242294311523
kor,2006,88.5058975219727
kor,2007,89.6492919921875
kor,2008,88.0778121948242
kor,2009,85.4657897949219
kor,2012,88.0114364624023
kor,2013,87.9139862060547
kwt,2002,99.1711807250977
kwt,2005,96.9368209838867
kwt,2006,96.3413162231445
kwt,2008,94.7982177734375
kwt,2011,78.176139831543
lca,2013,93.1180801391602
lca,2014,97.1405410766602
lie,2007,100.0
lie,2008,100.0
lka,2002,59.0331001281738
lka,2009,91.5437774658203
lka,2010,92.0941314697266
lka,2011,92.9817504882813
lka,2012,88.8926773071289
lka,2013,87.2739486694336
ltu,2003,95.8524780273438
ltu,2004,94.8779067993164
ltu,2005,93.8291320800781
ltu,2006,91.2818908691406
ltu,2007,89.9760513305664
ltu,2008,91.8572387695313
ltu,2009,97.5263595581055
ltu,2010,95.4788970947266
ltu,2011,95.069580078125
ltu,2012,94.166633605957
lux,2003,81.8396987915039
lux,2004,82.4991607666016
lux,2005,83.0282363891602
lux,2006,87.0134582519531
lux,2007,86.8277816772461
lux,2008,81.1700286865234
lux,2009,85.5330200195313
lux,2010,86.9123382568359
lux,2011,90.3684005737305
lva,1999,96.5217437744141
lva,2000,93.6639099121094
lva,2001,90.5117263793945
lva,2002,83.8095169067383
lva,2003,89.9718780517578
lva,2004,90.0939407348633
lva,2006,86.1793365478516
lva,2007,83.7451324462891
lva,2008,81.9547424316406
lva,2009,87.1517105102539
lva,2010,86.3742828369141
lva,2011,87.8123168945313
lva,2013,86.9921188354492
mar,1998,89.4418563842773
mar,1999,89.9698791503906
mar,2001,88.8442611694336
mar,2002,89.493522644043
mar,2004,93.6936416625977
mar,2005,95.1097869873047
mar,2009,82.2334823608398
mco,1998,92.2045288085938
mco,1999,87.9730987548828
mco,2000,91.2020721435547
mco,2004,91.0395278930664
mco,2009,90.3453369140625
mco,2010,99.1472396850586
mco,2011,97.2266006469727
mco,2012,98.0645980834961
mco,2013,97.4585113525391
mco,2014,98.9647369384766
mda,2007,88.8048629760742
mda,2008,87.7937469482422
mda,2009,92.296630859375
mda,2010,91.354621887207
mda,2011,93.4094619750977
mda,2012,94.2904968261719
mda,2013,91.7192764282227
mda,2014,86.8509063720703
mdg,2007,96.292236328125
mdg,2008,97.2317733764648
mdg,2011,98.6060409545898
mdg,2012,98.7957382202148
mdg,2013,98.3589782714844
mex,2001,96.2244567871094
mex,2002,96.2952194213867
mex,2003,96.0028686523438
mex,2004,96.2144622802734
mex,2005,97.371711730957
mex,2006,97.0705871582031
mex,2007,97.2060317993164
mex,2008,95.8799819946289
mex,2009,96.7025680541992
mex,2010,97.2743225097656
mex,2011,96.7930068969727
mhl,2002,96.0624618530273
mli,2008,80.669059753418
mli,2009,76.3226089477539
mli,2010,98.4901580810547
mli,2011,98.1649780273438
mli,2012,100.0
mli,2013,100.0
mli,2014,99.9091567993164
mlt,1998,86.4698028564453
mlt,2002,96.3824996948242
mlt,2004,99.3606414794922
mlt,2007,93.0396881103516
mlt,2008,94.8518829345703
mlt,2009,90.7446365356445
mlt,2010,93.8938522338867
mlt,2011,93.1721267700195
mlt,2012,74.9229125976563
mng,1998,95.936149597168
mng,1999,95.8150177001953
mng,2000,98.8524703979492
mng,2011,89.3439712524414
moz,2004,90.6434783935547
moz,2006,71.392578125
moz,2012,80.7406692504883
moz,2013,80.7406692504883
mwi,2010,89.3212585449219
mwi,2011,99.4442977905273
mwi,2012,86.0345611572266
mwi,2013,89.0483474731445
mwi,2014,96.9835586547852
ner,2009,76.8164520263672
ner,2010,96.0999069213867
ner,2011,91.1406631469727
ner,2012,89.6371002197266
ner,2013,85.7411270141602
ner,2014,64.4528121948242
nic,2004,79.3724899291992
nic,2005,98.1442108154297
nic,2006,86.39404296875
nld,1998,93.9868621826172
nld,1999,89.6793823242188
nld,2000,89.5134506225586
nld,2001,88.5173797607422
nld,2002,85.979118347168
nld,2003,87.5317916870117
nld,2004,85.6159286499023
nld,2005,85.5123901367188
nld,2006,85.3041076660156
nld,2007,85.1241607666016
nld,2008,86.0513687133789
nld,2009,85.9772415161133
nld,2010,86.4469909667969
nld,2011,86.7358627319336
nld,2012,86.3111267089844
nld,2013,86.8752517700195
nor,2002,89.1763534545898
nor,2003,87.1630020141602
nor,2004,88.0134201049805
nor,2005,88.4816284179688
nor,2006,88.1521987915039
nor,2007,88.0964813232422
nor,2008,87.1012191772461
nor,2009,85.8696212768555
nor,2010,87.6999206542969
nor,2011,89.3410797119141
nor,2012,90.2583770751953
omn,1999,88.8989486694336
omn,2001,83.9871597290039
omn,2002,85.0219802856445
omn,2004,86.0879135131836
omn,2007,90.7817687988281
omn,2008,91.0827484130859
omn,2011,92.943000793457
omn,2013,95.9740295410156
pan,2001,94.8782119750977
per,1999,93.8228302001953
per,2001,96.009033203125
phl,1998,92.9111709594727
phl,2000,93.1205291748047
phl,2001,93.1205291748047
phl,2002,96.6672973632813
phl,2003,97.3398284912109
phl,2004,96.6403274536133
phl,2005,95.1715316772461
phl,2007,92.3689422607422
phl,2008,87.2942962646484
phl,2009,89.3062591552734
pol,1999,87.1465911865234
pol,2002,88.2301177978516
pol,2003,91.8634872436523
pol,2004,91.6396408081055
pol,2005,92.7235794067383
pol,2006,89.6888122558594
pol,2007,93.3219680786133
pol,2008,93.6490631103516
pol,2009,94.880256652832
pol,2010,95.5214462280273
pol,2011,96.7003173828125
pol,2012,97.1870803833008
pri,2013,98.4717025756836
prt,1998,92.4980697631836
prt,1999,93.4347991943359
prt,2000,95.6151809692383
prt,2001,94.7499694824219
prt,2002,95.2463607788086
prt,2003,96.1943664550781
prt,2004,96.6039505004883
prt,2005,98.347038269043
prt,2006,97.8267288208008
prt,2007,98.4084167480469
prt,2008,96.7476119995117
prt,2009,88.8788833618164
prt,2010,96.8816528320313
prt,2011,98.8946914672852
pry,2002,93.4018478393555
pry,2003,94.3771514892578
pry,2004,95.7063598632813
pry,2007,95.2979202270508
pry,2010,84.8250503540039
pry,2011,84.4654312133789
pry,2012,85.8581390380859
rou,2001,94.3203201293945
rou,2002,94.4745178222656
rou,2003,96.0460815429688
rou,2004,96.4693222045898
rou,2005,94.532829284668
rou,2007,75.5396118164063
rou,2009,89.4301376342773
rou,2010,88.6913223266602
rou,2011,89.6081085205078
rou,2012,92.645637512207
rou,2013,95.3204574584961
rwa,2007,94.6146469116211
rwa,2008,82.2896728515625
rwa,2010,67.7690963745117
rwa,2011,65.677978515625
rwa,2012,91.6223068237305
rwa,2013,99.7098617553711
sle,2000,100.0
sle,2007,98.539176940918
sle,2008,99.4976196289063
sle,2009,100.0
sle,2010,99.0019836425781
sle,2011,99.4404983520508
sle,2012,99.2603607177734
sle,2013,99.522331237793
sle,2014,99.4813613891602
slv,2002,87.2296829223633
slv,2003,88.2793197631836
slv,2006,89.074333190918
slv,2007,75.6143112182617
slv,2008,92.710693359375
smr,2010,100.0
smr,2011,100.0
stp,2012,49.0192413330078
stp,2013,82.4326782226563
stp,2014,90.1211776733398
svk,1999,96.3014678955078
svk,2000,96.4658508300781
svk,2001,96.3097076416016
svk,2002,96.8543319702148
svk,2003,93.6588134765625
svk,2004,95.4240570068359
svk,2005,97.1026306152344
svk,2006,94.7316818237305
svk,2007,96.7754898071289
svk,2008,96.5407028198242
svk,2009,95.1208267211914
svk,2010,86.8843231201172
svk,2011,91.4785385131836
svk,2012,95.7287216186523
svk,2013,96.9411926269531
svn,2003,88.6553268432617
svn,2004,89.4032592773438
svn,2010,91.4825668334961
svn,2011,92.3589401245117
svn,2012,93.0627593994141
swe,1998,100.0
swe,1999,100.0
swe,2000,100.0
swe,2001,100.0
swe,2002,92.4085464477539
swe,2003,93.009521484375
swe,2004,92.8536911010742
swe,2005,92.6438674926758
swe,2006,92.9957962036133
swe,2007,93.0376129150391
swe,2008,93.521728515625
swe,2009,93.1757507324219
swe,2010,93.6415710449219
swe,2011,93.5774078369141
swe,2012,93.4445037841797
swe,2013,94.1086273193359
syr,1999,90.5716171264648
syr,2000,92.2971267700195
syr,2002,87.5882873535156
tca,1999,92.1259384155273
tca,2000,88.5024795532227
tca,2001,98.4592971801758
tca,2002,88.2621994018555
tcd,2009,64.878303527832
tcd,2010,57.759880065918
tcd,2011,90.6123123168945
tgo,1998,86.8378219604492
tgo,1999,98.5165786743164
tgo,2000,99.6765289306641
tgo,2008,96.9914016723633
tgo,2009,96.363639831543
tgo,2010,97.9667282104492
tgo,2011,98.9490737915039
tgo,2012,99.080436706543
tgo,2013,97.9035491943359
tgo,2014,98.6948013305664
tha,2010,100.0
tha,2011,100.0
tha,2012,100.0
tha,2013,95.8866729736328
tls,2007,81.1939010620117
tls,2012,95.9812393188477
tls,2013,97.1798782348633
tls,2014,96.9757308959961
tun,2012,93.4660720825195
tur,2011,96.4102096557617
uga,2013,89.4299621582031
ukr,2011,96.3277969360352
ukr,2012,96.8901214599609
ukr,2013,97.4431762695313
ury,1999,92.64697265625
ury,2000,94.2776870727539
ury,2002,91.7026901245117
ury,2003,91.7026901245117
ury,2004,84.5592269897461
ury,2005,94.3791122436523
ury,2006,92.695930480957
ury,2011,96.5781478881836
usa,2000,88.1987991333008
usa,2001,88.0989303588867
usa,2002,88.0851364135742
usa,2003,88.8000869750977
usa,2004,88.8866195678711
usa,2005,88.8072128295898
usa,2006,88.6869735717773
usa,2007,88.3464736938477
usa,2008,88.4205322265625
usa,2009,88.6485824584961
usa,2010,90.2744979858398
usa,2011,91.2053985595703
usa,2012,91.1892395019531
vct,2002,91.5174179077148
vct,2009,100.0
vct,2010,100.0
ven,2006,96.3890533447266
ven,2007,99.6372985839844
ven,2009,96.2163619995117
vnm,2010,81.0647430419922
vnm,2011,82.649772644043
vnm,2012,81.8331832885742
vut,1998,100.0
vut,1999,67.8337783813477
vut,2000,59.5332717895508
vut,2001,32.8111991882324
yem,2013,89.7423095703125
zmb,2000,99.0250473022461
