country,year,prj_pop_2024_3_mf
abw,2010,2.25
abw,2015,3.12
abw,2020,3.34
abw,2025,3.15
abw,2030,3.26
abw,2035,3.37
abw,2040,3.79
abw,2045,4.11
abw,2050,4.29
abw,2055,4.22
abw,2060,4.19
abw,2065,4.13
abw,2070,4.16
abw,2075,4.24
abw,2080,4.22
abw,2085,4.09
abw,2090,3.91
abw,2095,3.74
abw,2100,3.62
alb,2010,109.88
alb,2015,101.93
alb,2020,101.47
alb,2025,93.34
alb,2030,82.05
alb,2035,76.64
alb,2040,78.87
alb,2045,77.45
alb,2050,73.58
alb,2055,67.75
alb,2060,62.29
alb,2065,58.9
alb,2070,57.07
alb,2075,55.22
alb,2080,52.53
alb,2085,49.28
alb,2090,46.32
alb,2095,44.14
alb,2100,42.58
are,2010,377.2
are,2015,328.98
are,2020,382.63
are,2025,383.11
are,2030,438.96
are,2035,501.66
are,2040,530.91
are,2045,537.91
are,2050,546.58
are,2055,564.31
are,2060,591.82
are,2065,580.67
are,2070,567.94
are,2075,553.82
are,2080,538.14
are,2085,524.94
are,2090,507.56
are,2095,485.61
are,2100,461.53
arg,2010,1672.05
arg,2015,1817.72
arg,2020,1895.01
arg,2025,1937.01
arg,2030,2080.71
arg,2035,2147.88
arg,2040,2190.87
arg,2045,2193.27
arg,2050,2189.08
arg,2055,2181.85
arg,2060,2184.93
arg,2065,2136.88
arg,2070,2082.35
arg,2075,2006.26
arg,2080,1925.35
arg,2085,1869.61
arg,2090,1790.59
arg,2095,1711.91
arg,2100,1619.58
arm,2010,224.89
arm,2015,186.06
arm,2020,133.1
arm,2025,140.56
arm,2030,150.66
arm,2035,130.22
arm,2040,120.98
arm,2045,110.03
arm,2050,104.56
arm,2055,100.95
arm,2060,96.13
arm,2065,91.02
arm,2070,85.74
arm,2075,81.05
arm,2080,77.8
arm,2085,75.04
arm,2090,72.12
arm,2095,68.9
arm,2100,65.66
aus,2010,1049.44
aus,2015,1087.28
aus,2020,1054.57
aus,2025,1042.16
aus,2030,1132
aus,2035,1165.32
aus,2040,1223.09
aus,2045,1247.52
aus,2050,1238.11
aus,2055,1227.91
aus,2060,1240.07
aus,2065,1249.26
aus,2070,1252.91
aus,2075,1246.76
aus,2080,1228.55
aus,2085,1201.13
aus,2090,1171.22
aus,2095,1142.6
aus,2100,1113.36
aut,2010,291.1
aut,2015,295.72
aut,2020,261.52
aut,2025,247.41
aut,2030,236.44
aut,2035,234.66
aut,2040,234.96
aut,2045,231.44
aut,2050,223.32
aut,2055,213.2
aut,2060,207.21
aut,2065,203.32
aut,2070,201.37
aut,2075,197.67
aut,2080,190.89
aut,2085,182.74
aut,2090,174.47
aut,2095,167.48
aut,2100,161.64
aze,2010,555.62
aze,2015,503.93
aze,2020,324.25
aze,2025,320.23
aze,2030,452.84
aze,2035,557.69
aze,2040,484.25
aze,2045,382.17
aze,2050,322.56
aze,2055,327.8
aze,2060,354.58
aze,2065,347.12
aze,2070,309.02
aze,2075,269.28
aze,2080,249.61
aze,2085,245.09
aze,2090,238.67
aze,2095,222.02
aze,2100,199.99
bdi,2010,26.64
bdi,2015,33.65
bdi,2020,37.88
bdi,2025,43.98
bdi,2030,55.18
bdi,2035,71.4
bdi,2040,85.98
bdi,2045,95.96
bdi,2050,106.39
bdi,2055,120.26
bdi,2060,138.22
bdi,2065,156.1
bdi,2070,172.75
bdi,2075,187.47
bdi,2080,199.07
bdi,2085,213.25
bdi,2090,231.4
bdi,2095,245.95
bdi,2100,256.94
bel,2010,340.15
bel,2015,350.1
bel,2020,336.7
bel,2025,342.92
bel,2030,352.3
bel,2035,345.2
bel,2040,343.38
bel,2045,341.49
bel,2050,338.61
bel,2055,335.72
bel,2060,335.9
bel,2065,333.73
bel,2070,329.76
bel,2075,325.22
bel,2080,320.44
bel,2085,315.16
bel,2090,308.88
bel,2095,301.66
bel,2100,293.58
ben,2010,68.11
ben,2015,95.73
ben,2020,130.59
ben,2025,175.76
ben,2030,237.38
ben,2035,297.75
ben,2040,367.89
ben,2045,439.71
ben,2050,507.02
ben,2055,579.99
ben,2060,658.91
ben,2065,738.52
ben,2070,803.29
ben,2075,853.44
ben,2080,906.71
ben,2085,956.92
ben,2090,991.21
ben,2095,1027.74
ben,2100,1034.28
bfa,2010,22.33
bfa,2015,27.92
bfa,2020,36.19
bfa,2025,47.22
bfa,2030,61.79
bfa,2035,78
bfa,2040,97.34
bfa,2045,120.23
bfa,2050,145.69
bfa,2055,173
bfa,2060,202.23
bfa,2065,232.86
bfa,2070,267.79
bfa,2075,302.88
bfa,2080,337.04
bfa,2085,369.14
bfa,2090,407.17
bfa,2095,441.82
bfa,2100,480.28
bgd,2010,1786.04
bgd,2015,2052.7
bgd,2020,2369.67
bgd,2025,2630.88
bgd,2030,2703.93
bgd,2035,3028.37
bgd,2040,3319.19
bgd,2045,3540.82
bgd,2050,3642.81
bgd,2055,3703.97
bgd,2060,3764.06
bgd,2065,3801.39
bgd,2070,3791.53
bgd,2075,3732.96
bgd,2080,3621.74
bgd,2085,3494.1
bgd,2090,3432.2
bgd,2095,3347.22
bgd,2100,3236.64
bgr,2010,359.61
bgr,2015,287.33
bgr,2020,235.53
bgr,2025,241.38
bgr,2030,271.22
bgr,2035,242.53
bgr,2040,226.37
bgr,2045,208.15
bgr,2050,195.45
bgr,2055,190.98
bgr,2060,187.76
bgr,2065,179.9
bgr,2070,168.28
bgr,2075,157.75
bgr,2080,150.59
bgr,2085,146.07
bgr,2090,142
bgr,2095,136.63
bgr,2100,130.12
bhr,2010,63.37
bhr,2015,55.58
bhr,2020,70.61
bhr,2025,73.31
bhr,2030,90.65
bhr,2035,109.74
bhr,2040,110.84
bhr,2045,109.5
bhr,2050,110.95
bhr,2055,115.79
bhr,2060,124.38
bhr,2065,127.09
bhr,2070,124.14
bhr,2075,118.59
bhr,2080,113.04
bhr,2085,110.95
bhr,2090,109.96
bhr,2095,106.1
bhr,2100,99.08
bhs,2010,5
bhs,2015,5.77
bhs,2020,5.86
bhs,2025,5.46
bhs,2030,6.5
bhs,2035,7.08
bhs,2040,7.71
bhs,2045,8.33
bhs,2050,8.87
bhs,2055,9.24
bhs,2060,9.68
bhs,2065,10
bhs,2070,10.46
bhs,2075,10.78
bhs,2080,10.92
bhs,2085,10.82
bhs,2090,10.61
bhs,2095,10.37
bhs,2100,10.33
bih,2010,251.84
bih,2015,198.19
bih,2020,195.76
bih,2025,163.39
bih,2030,150
bih,2035,161.29
bih,2040,155.41
bih,2045,145.12
bih,2050,133.93
bih,2055,122.79
bih,2060,115.61
bih,2065,111.93
bih,2070,107.66
bih,2075,101.48
bih,2080,94.65
bih,2085,88.46
bih,2090,83.63
bih,2095,79.85
bih,2100,76.17
blr,2010,652.7
blr,2015,491.57
blr,2020,381.12
blr,2025,364.89
blr,2030,407.22
blr,2035,422.86
blr,2040,380.23
blr,2045,331.14
blr,2050,292.07
blr,2055,278.66
blr,2060,284.02
blr,2065,283.78
blr,2070,269.01
blr,2075,245.89
blr,2080,226.45
blr,2085,217.01
blr,2090,213.46
blr,2095,208.62
blr,2100,198.89
blz,2010,2.61
blz,2015,3.33
blz,2020,3.99
blz,2025,4.47
blz,2030,5.18
blz,2035,6.05
blz,2040,6.97
blz,2045,7.7
blz,2050,8.37
blz,2055,8.87
blz,2060,9.39
blz,2065,9.89
blz,2070,10.27
blz,2075,10.5
blz,2080,10.56
blz,2085,10.4
blz,2090,10.15
blz,2095,9.98
blz,2100,9.61
bol,2010,268.77
bol,2015,483.75
bol,2020,541.39
bol,2025,607.08
bol,2030,640.05
bol,2035,657.33
bol,2040,686.14
bol,2045,710.01
bol,2050,714.62
bol,2055,704.85
bol,2060,687.85
bol,2065,670.29
bol,2070,653.48
bol,2075,625.59
bol,2080,600.83
bol,2085,567.49
bol,2090,542.95
bol,2095,516
bol,2100,488.58
bra,2010,7821.36
bra,2015,8056.26
bra,2020,9031.33
bra,2025,9538.91
bra,2030,8835.88
bra,2035,9035.05
bra,2040,9281.61
bra,2045,9292.37
bra,2050,9012.69
bra,2055,8703.08
bra,2060,8420.74
bra,2065,8123.93
bra,2070,7763.81
bra,2075,7325.35
bra,2080,7045.69
bra,2085,6751.58
bra,2090,6444.98
bra,2095,6137.08
bra,2100,5849.87
btn,2010,8.91
btn,2015,11.09
btn,2020,12.27
btn,2025,14.59
btn,2030,16.84
btn,2035,20.31
btn,2040,23.36
btn,2045,25.76
btn,2050,27.71
btn,2055,29.23
btn,2060,31.28
btn,2065,32.98
btn,2070,33.86
btn,2075,33.74
btn,2080,32.77
btn,2085,32.03
btn,2090,31.49
btn,2095,30.33
btn,2100,28.43
caf,2010,7.18
caf,2015,8.82
caf,2020,11.12
caf,2025,13.69
caf,2030,16.38
caf,2035,19.65
caf,2040,23.15
caf,2045,26.66
caf,2050,30.46
caf,2055,34.16
caf,2060,38.36
caf,2065,42.3
caf,2070,46.02
caf,2075,50.29
caf,2080,54.21
caf,2085,58.05
caf,2090,62.14
caf,2095,65.37
caf,2100,68.72
can,2010,1245.49
can,2015,1327.39
can,2020,1187.14
can,2025,1115.79
can,2030,1194.42
can,2035,1183.97
can,2040,1241.95
can,2045,1274.25
can,2050,1269.14
can,2055,1252.9
can,2060,1264.68
can,2065,1280.99
can,2070,1301.89
can,2075,1309.36
can,2080,1293.71
can,2085,1266.2
can,2090,1235.88
can,2095,1210.59
can,2100,1188.3
che,2010,318.36
che,2015,378.37
che,2020,355.04
che,2025,333.79
che,2030,345.07
che,2035,352.34
che,2040,364.08
che,2045,375.9
che,2050,382.05
che,2055,378.72
che,2060,375.85
che,2065,376.39
che,2070,380.41
che,2075,383.08
che,2080,381.75
che,2085,375.56
che,2090,365.39
che,2095,355.14
che,2100,347.17
chl,2010,891.91
chl,2015,944.23
chl,2020,875.05
chl,2025,836.7
chl,2030,840.91
chl,2035,830.85
chl,2040,824
chl,2045,802.91
chl,2050,764.58
chl,2055,720.86
chl,2060,678.34
chl,2065,641.07
chl,2070,595.91
chl,2075,569.97
chl,2080,541.02
chl,2085,510.38
chl,2090,479.93
chl,2095,451.97
chl,2100,426.86
chn,2010,25013.89
chn,2015,24244.15
chn,2020,24050.1
chn,2025,23004.5
chn,2030,23851.8
chn,2035,22431.29
chn,2040,21984.21
chn,2045,20899.46
chn,2050,19693.95
chn,2055,18454.28
chn,2060,17142.46
chn,2065,15900.44
chn,2070,14689.97
chn,2075,13538.43
chn,2080,12466.1
chn,2085,11439.31
chn,2090,10477.91
chn,2095,9600.33
chn,2100,8809.28
civ,2010,107.22
civ,2015,134.94
civ,2020,166.7
civ,2025,206.03
civ,2030,243.45
civ,2035,275.42
civ,2040,303.44
civ,2045,327.02
civ,2050,355.98
civ,2055,384.09
civ,2060,404.77
civ,2065,419.59
civ,2070,436.42
civ,2075,448.26
civ,2080,464.23
civ,2085,478.39
civ,2090,484.61
civ,2095,492.86
civ,2100,495.65
cmr,2010,229.33
cmr,2015,276.47
cmr,2020,336.29
cmr,2025,435.82
cmr,2030,550.61
cmr,2035,634.39
cmr,2040,702.71
cmr,2045,762.26
cmr,2050,838.38
cmr,2055,913
cmr,2060,963.2
cmr,2065,983.7
cmr,2070,1003.13
cmr,2075,1023.26
cmr,2080,1020.6
cmr,2085,1014.1
cmr,2090,1012.06
cmr,2095,1003.86
cmr,2100,970.39
cod,2010,760.66
cod,2015,1013.78
cod,2020,1326.32
cod,2025,1707.44
cod,2030,2086.34
cod,2035,2570.45
cod,2040,3100.31
cod,2045,3610.54
cod,2050,3997.18
cod,2055,4304.59
cod,2060,4547.1
cod,2065,4849.38
cod,2070,5130.73
cod,2075,5255.82
cod,2080,5252.09
cod,2085,5326.12
cod,2090,5357.79
cod,2095,5396.74
cod,2100,5376.83
cog,2010,21.68
cog,2015,29.78
cog,2020,38.57
cog,2025,49.15
cog,2030,61.59
cog,2035,70.9
cog,2040,80.44
cog,2045,90.1
cog,2050,102.3
cog,2055,114.97
cog,2060,125.32
cog,2065,132.71
cog,2070,141.95
cog,2075,151.13
cog,2080,157.74
cog,2085,163.78
cog,2090,170.39
cog,2095,176.09
cog,2100,178.2
col,2010,1680.88
col,2015,1880.01
col,2020,1988.66
col,2025,2078.54
col,2030,2170.33
col,2035,2152.78
col,2040,2165.83
col,2045,2133.96
col,2050,2074.23
col,2055,1991.35
col,2060,1924.31
col,2065,1854.68
col,2070,1755.32
col,2075,1653.33
col,2080,1572.02
col,2085,1460.14
col,2090,1369.46
col,2095,1282.05
col,2100,1190.93
com,2010,3.01
com,2015,3.61
com,2020,4.94
com,2025,6.73
com,2030,8.49
com,2035,9.42
com,2040,9.98
com,2045,10.77
com,2050,12.12
com,2055,13.69
com,2060,14.87
com,2065,15.38
com,2070,15.61
com,2075,16.26
com,2080,17.24
com,2085,18.08
com,2090,18.68
com,2095,18.84
com,2100,19.03
cpv,2010,6.38
cpv,2015,7.11
cpv,2020,7.44
cpv,2025,7.92
cpv,2030,8.68
cpv,2035,9.78
cpv,2040,10.64
cpv,2045,11.35
cpv,2050,11.92
cpv,2055,12.32
cpv,2060,12.89
cpv,2065,13.54
cpv,2070,13.98
cpv,2075,14.16
cpv,2080,14.03
cpv,2085,13.91
cpv,2090,14.03
cpv,2095,13.92
cpv,2100,13.69
cri,2010,98.86
cri,2015,106.55
cri,2020,112.36
cri,2025,117.38
cri,2030,119.34
cri,2035,127.51
cri,2040,133.72
cri,2045,137.97
cri,2050,140.22
cri,2055,140.24
cri,2060,141.3
cri,2065,138.81
cri,2070,136.48
cri,2075,132.58
cri,2080,127.03
cri,2085,119.71
cri,2090,111.99
cri,2095,104.43
cri,2100,99
cub,2010,412.22
cub,2015,382.62
cub,2020,361.8
cub,2025,350.27
cub,2030,302.34
cub,2035,283.17
cub,2040,273.38
cub,2045,254.92
cub,2050,235.41
cub,2055,212.19
cub,2060,192.6
cub,2065,177.41
cub,2070,163.99
cub,2075,152.84
cub,2080,141.55
cub,2085,131.01
cub,2090,122.07
cub,2095,114.61
cub,2100,108.14
cyp,2010,61.18
cyp,2015,59.86
cyp,2020,51.63
cyp,2025,47.17
cyp,2030,48.92
cyp,2035,46.42
cyp,2040,49.15
cyp,2045,49.59
cyp,2050,48.6
cyp,2055,46.87
cyp,2060,45.66
cyp,2065,44.72
cyp,2070,44.33
cyp,2075,43.85
cyp,2080,42.67
cyp,2085,40.9
cyp,2090,38.95
cyp,2095,37.27
cyp,2100,35.9
cze,2010,570.87
cze,2015,560.31
cze,2020,423.17
cze,2025,414.48
cze,2030,495.53
cze,2035,500.22
cze,2040,486.67
cze,2045,464.21
cze,2050,439.69
cze,2055,417.33
cze,2060,419.51
cze,2065,429.45
cze,2070,426.79
cze,2075,409.53
cze,2080,386.32
cze,2085,365.61
cze,2090,351.54
cze,2095,343.62
cze,2100,335.64
deu,2010,3117.21
deu,2015,2743.03
deu,2020,2729.12
deu,2025,2520.92
deu,2030,2498.21
deu,2035,2450.81
deu,2040,2531.99
deu,2045,2557.56
deu,2050,2535.24
deu,2055,2479.42
deu,2060,2425.74
deu,2065,2385.54
deu,2070,2373.17
deu,2075,2360.01
deu,2080,2320.87
deu,2085,2254.43
deu,2090,2171.92
deu,2095,2093.14
deu,2100,2027.74
dnk,2010,210.55
dnk,2015,261.66
dnk,2020,264.85
dnk,2025,260.75
dnk,2030,267.88
dnk,2035,247.55
dnk,2040,268.82
dnk,2045,296.39
dnk,2050,318.73
dnk,2055,326.2
dnk,2060,322.91
dnk,2065,318.46
dnk,2070,322.95
dnk,2075,336.57
dnk,2080,349.42
dnk,2085,353.41
dnk,2090,347.85
dnk,2095,339.14
dnk,2100,334.14
dom,2010,335.72
dom,2015,376.26
dom,2020,405.93
dom,2025,447.62
dom,2030,474.51
dom,2035,477.09
dom,2040,480.08
dom,2045,482.83
dom,2050,483.6
dom,2055,474.94
dom,2060,457.78
dom,2065,447.14
dom,2070,436.03
dom,2075,414.41
dom,2080,394.43
dom,2085,370.58
dom,2090,353.47
dom,2095,333.26
dom,2100,312.01
dza,2010,1102.79
dza,2015,1178.55
dza,2020,1055.29
dza,2025,1157.39
dza,2030,1293.02
dza,2035,1336.86
dza,2040,1321.04
dza,2045,1228.03
dza,2050,1103.23
dza,2055,1031.26
dza,2060,1000.19
dza,2065,972.44
dza,2070,900.27
dza,2075,807.97
dza,2080,722.19
dza,2085,660.8
dza,2090,610.31
dza,2095,569.19
dza,2100,521.1
ecu,2010,349.92
ecu,2015,390.42
ecu,2020,440.47
ecu,2025,476.41
ecu,2030,502.68
ecu,2035,517.48
ecu,2040,530.86
ecu,2045,543.41
ecu,2050,542.55
ecu,2055,537.86
ecu,2060,531.73
ecu,2065,517.89
ecu,2070,505.07
ecu,2075,486.61
ecu,2080,468.68
ecu,2085,453.77
ecu,2090,441.12
ecu,2095,425.09
ecu,2100,405.87
egy,2010,4836.42
egy,2015,4895.16
egy,2020,5234.49
egy,2025,5660.78
egy,2030,6072.72
egy,2035,6338.3
egy,2040,6309.13
egy,2045,6130.75
egy,2050,5937.93
egy,2055,5780.77
egy,2060,5588.46
egy,2065,5344.53
egy,2070,5011.47
egy,2075,4766.48
egy,2080,4552.94
egy,2085,4307.2
egy,2090,4028.91
egy,2095,3750.62
egy,2100,3540.69
esp,2010,1062.35
esp,2015,1101.48
esp,2020,1091.25
esp,2025,1247.98
esp,2030,1426.92
esp,2035,1281.16
esp,2040,1236.8
esp,2045,1183.52
esp,2050,1185.3
esp,2055,1248.75
esp,2060,1316.57
esp,2065,1320.11
esp,2070,1278.96
esp,2075,1227.84
esp,2080,1194.63
esp,2085,1193.35
esp,2090,1196.75
esp,2095,1178.19
esp,2100,1132.37
est,2010,65.2
est,2015,46.73
est,2020,38.2
est,2025,40.23
est,2030,47.95
est,2035,43.95
est,2040,42.75
est,2045,39.64
est,2050,36.05
est,2055,34.99
est,2060,36.21
est,2065,36.79
est,2070,35.78
est,2075,33.87
est,2080,31.92
est,2085,30.76
est,2090,30.54
est,2095,30.52
est,2100,29.94
eth,2010,493.21
eth,2015,694.61
eth,2020,910.02
eth,2025,1118.2
eth,2030,1299.73
eth,2035,1645.1
eth,2040,2038.97
eth,2045,2419.04
eth,2050,2733.56
eth,2055,3004
eth,2060,3286.42
eth,2065,3587.63
eth,2070,3839.97
eth,2075,4077.68
eth,2080,4226.27
eth,2085,4259.07
eth,2090,4306.85
eth,2095,4289.11
eth,2100,4202.76
fin,2010,193.56
fin,2015,211.76
fin,2020,196.33
fin,2025,194.92
fin,2030,208.22
fin,2035,213.14
fin,2040,226.87
fin,2045,237.38
fin,2050,243.31
fin,2055,245.05
fin,2060,248.68
fin,2065,255.02
fin,2070,262.57
fin,2075,268.82
fin,2080,271.58
fin,2085,271.26
fin,2090,269.81
fin,2095,269.33
fin,2100,269.85
fra,2010,2177.72
fra,2015,2125.96
fra,2020,2153.51
fra,2025,2253.3
fra,2030,2350.96
fra,2035,2352.58
fra,2040,2355.33
fra,2045,2346.59
fra,2050,2343.58
fra,2055,2358.73
fra,2060,2372.07
fra,2065,2357.22
fra,2070,2318.22
fra,2075,2283.53
fra,2080,2263.36
fra,2085,2246.94
fra,2090,2225.98
fra,2095,2192.07
fra,2100,2145.52
gab,2010,9.93
gab,2015,12.67
gab,2020,14.22
gab,2025,16.01
gab,2030,18.44
gab,2035,20.2
gab,2040,22.64
gab,2045,24.87
gab,2050,26.7
gab,2055,28.64
gab,2060,30.77
gab,2065,32.69
gab,2070,34.33
gab,2075,36.26
gab,2080,38.21
gab,2085,39.37
gab,2090,40.26
gab,2095,40.96
gab,2100,42.09
gbr,2010,1424.08
gbr,2015,1478.37
gbr,2020,1463.47
gbr,2025,1507.22
gbr,2030,1740
gbr,2035,1915.62
gbr,2040,2024.85
gbr,2045,2103.03
gbr,2050,2151.09
gbr,2055,2190.75
gbr,2060,2254.52
gbr,2065,2323.57
gbr,2070,2357.11
gbr,2075,2359.75
gbr,2080,2347.2
gbr,2085,2321.36
gbr,2090,2292.83
gbr,2095,2266.81
gbr,2100,2234.85
geo,2010,134.31
geo,2015,110.27
geo,2020,73.61
geo,2025,68.19
geo,2030,72.31
geo,2035,71.01
geo,2040,61.79
geo,2045,51.77
geo,2050,44.62
geo,2055,40.96
geo,2060,38.8
geo,2065,36.67
geo,2070,33.52
geo,2075,30.08
geo,2080,27.53
geo,2085,26
geo,2090,25.06
geo,2095,24.06
geo,2100,22.82
gha,2010,496.18
gha,2015,599.95
gha,2020,709.53
gha,2025,874.63
gha,2030,1072.59
gha,2035,1241.09
gha,2040,1417.07
gha,2045,1589.76
gha,2050,1768.53
gha,2055,1952.86
gha,2060,2118.43
gha,2065,2244.98
gha,2070,2326.17
gha,2075,2356.15
gha,2080,2404.26
gha,2085,2425.26
gha,2090,2407.56
gha,2095,2376.19
gha,2100,2283.11
gin,2010,37.5
gin,2015,43.94
gin,2020,54.45
gin,2025,68.57
gin,2030,85.6
gin,2035,98.53
gin,2040,109.26
gin,2045,120.62
gin,2050,131.89
gin,2055,144.67
gin,2060,156.28
gin,2065,168.11
gin,2070,177.2
gin,2075,184.69
gin,2080,194.51
gin,2085,205.43
gin,2090,215.59
gin,2095,226.45
gin,2100,232.77
gmb,2010,28.91
gmb,2015,35.98
gmb,2020,47.06
gmb,2025,60.26
gmb,2030,74.55
gmb,2035,87.98
gmb,2040,99.03
gmb,2045,108.99
gmb,2050,118.68
gmb,2055,130.68
gmb,2060,142.63
gmb,2065,150.47
gmb,2070,154.7
gmb,2075,158.63
gmb,2080,163.52
gmb,2085,166.83
gmb,2090,168.81
gmb,2095,166.44
gmb,2100,164.35
gnb,2010,21.09
gnb,2015,28.93
gnb,2020,37.16
gnb,2025,47.7
gnb,2030,59.89
gnb,2035,70.87
gnb,2040,80.34
gnb,2045,88.11
gnb,2050,95.18
gnb,2055,103.84
gnb,2060,111.14
gnb,2065,116.35
gnb,2070,118.56
gnb,2075,120.44
gnb,2080,122.26
gnb,2085,122.95
gnb,2090,122.59
gnb,2095,121.86
gnb,2100,118.9
gnq,2010,18.83
gnq,2015,24.13
gnq,2020,29.09
gnq,2025,35.16
gnq,2030,43.75
gnq,2035,50.65
gnq,2040,57.95
gnq,2045,63.5
gnq,2050,68.4
gnq,2055,74.11
gnq,2060,78.53
gnq,2065,82.14
gnq,2070,83.64
gnq,2075,84.49
gnq,2080,84.49
gnq,2085,84.52
gnq,2090,83.26
gnq,2095,82.4
gnq,2100,80.96
grc,2010,450
grc,2015,424.76
grc,2020,419.87
grc,2025,424.29
grc,2030,468.53
grc,2035,428.17
grc,2040,406.2
grc,2045,387.18
grc,2050,381.5
grc,2055,383.66
grc,2060,383.95
grc,2065,372.58
grc,2070,352.9
grc,2075,335.57
grc,2080,324.95
grc,2085,318.58
grc,2090,311.31
grc,2095,299.71
grc,2100,284.27
gtm,2010,233.95
gtm,2015,304.23
gtm,2020,385.51
gtm,2025,481.63
gtm,2030,575.36
gtm,2035,643.05
gtm,2040,705.27
gtm,2045,782.22
gtm,2050,856.68
gtm,2055,910.84
gtm,2060,938.96
gtm,2065,977.29
gtm,2070,998.38
gtm,2075,1014.06
gtm,2080,1010.95
gtm,2085,1012.59
gtm,2090,1007.34
gtm,2095,974.48
gtm,2100,943.72
guy,2010,28.08
guy,2015,33.61
guy,2020,43.18
guy,2025,41.19
guy,2030,30.34
guy,2035,30.01
guy,2040,30.26
guy,2045,30.42
guy,2050,28.87
guy,2055,26.26
guy,2060,23.54
guy,2065,21.74
guy,2070,20.82
guy,2075,19.73
guy,2080,18.36
guy,2085,16.82
guy,2090,15.52
guy,2095,14.46
guy,2100,13.94
hkg,2010,285.45
hkg,2015,326.51
hkg,2020,276.86
hkg,2025,191.86
hkg,2030,204.05
hkg,2035,274.67
hkg,2040,263.87
hkg,2045,253.82
hkg,2050,238.19
hkg,2055,219.19
hkg,2060,212.45
hkg,2065,221.46
hkg,2070,234.7
hkg,2075,232.59
hkg,2080,219.95
hkg,2085,205.27
hkg,2090,191.77
hkg,2095,183.66
hkg,2100,180.42
hnd,2010,99.67
hnd,2015,120.99
hnd,2020,140.74
hnd,2025,159.18
hnd,2030,181.6
hnd,2035,197.99
hnd,2040,214.51
hnd,2045,229.31
hnd,2050,239.21
hnd,2055,249.87
hnd,2060,257.63
hnd,2065,259.5
hnd,2070,260.32
hnd,2075,262.72
hnd,2080,263.16
hnd,2085,257.34
hnd,2090,249.71
hnd,2095,241.43
hnd,2100,236.11
hrv,2010,244.9
hrv,2015,232.89
hrv,2020,220.83
hrv,2025,193.89
hrv,2030,196.76
hrv,2035,188.5
hrv,2040,182.85
hrv,2045,174.32
hrv,2050,165.1
hrv,2055,156.99
hrv,2060,151.22
hrv,2065,146.36
hrv,2070,141.16
hrv,2075,135.07
hrv,2080,128.63
hrv,2085,122.71
hrv,2090,117.41
hrv,2095,112.55
hrv,2100,107.72
hti,2010,150.08
hti,2015,184.21
hti,2020,224.07
hti,2025,259.23
hti,2030,296.76
hti,2035,319.09
hti,2040,343.68
hti,2045,361.19
hti,2050,370.91
hti,2055,373.01
hti,2060,376.12
hti,2065,374.67
hti,2070,369.42
hti,2075,363.46
hti,2080,351.45
hti,2085,341.55
hti,2090,327.49
hti,2095,318.47
hti,2100,306.68
hun,2010,508.88
hun,2015,494.44
hun,2020,420.89
hun,2025,410.29
hun,2030,424.01
hun,2035,374.56
hun,2040,369.6
hun,2045,361.3
hun,2050,350.99
hun,2055,335.81
hun,2060,324.92
hun,2065,314.32
hun,2070,303.28
hun,2075,293.54
hun,2080,283.86
hun,2085,273.26
hun,2090,261.7
hun,2095,250.32
hun,2100,239.58
idn,2010,10473.81
idn,2015,11053.89
idn,2020,11790.62
idn,2025,13184.27
idn,2030,13576.34
idn,2035,13633.28
idn,2040,13479.62
idn,2045,13133.64
idn,2050,12630.16
idn,2055,12162.57
idn,2060,11574.61
idn,2065,10822.67
idn,2070,10026.24
idn,2075,9601.24
idn,2080,9147.81
idn,2085,8673.91
idn,2090,8190.42
idn,2095,7730.47
idn,2100,7319.88
ind,2010,38115.11
ind,2015,43758.23
ind,2020,48532.2
ind,2025,53070.23
ind,2030,58142.17
ind,2035,61755.98
ind,2040,64161.82
ind,2045,65118.35
ind,2050,65469.27
ind,2055,66278.48
ind,2060,65836.53
ind,2065,64400.02
ind,2070,61690.65
ind,2075,59089.4
ind,2080,55666.18
ind,2085,52624.69
ind,2090,50208.66
ind,2095,47241.12
ind,2100,43841.46
irl,2010,122.74
irl,2015,121.29
irl,2020,125.58
irl,2025,133.3
irl,2030,155.75
irl,2035,147.49
irl,2040,144.85
irl,2045,140.93
irl,2050,140.32
irl,2055,143.13
irl,2060,146.44
irl,2065,147.26
irl,2070,144.33
irl,2075,140.51
irl,2080,138.24
irl,2085,137.36
irl,2090,136.86
irl,2095,135.63
irl,2100,132.96
irn,2010,3944.03
irn,2015,3379.45
irn,2020,2784.83
irn,2025,2888.69
irn,2030,3436.26
irn,2035,4061.03
irn,2040,3904.64
irn,2045,3447.82
irn,2050,3058.83
irn,2055,2930.99
irn,2060,2956.47
irn,2065,2903.97
irn,2070,2673.99
irn,2075,2403.12
irn,2080,2219.63
irn,2085,2119.2
irn,2090,2056.57
irn,2095,1969.23
irn,2100,1845.2
irq,2010,514.97
irq,2015,663.5
irq,2020,853.28
irq,2025,1073.39
irq,2030,1312.69
irq,2035,1435.5
irq,2040,1550.71
irq,2045,1682.29
irq,2050,1832.38
irq,2055,1949.12
irq,2060,2034.42
irq,2065,2052.84
irq,2070,2041.88
irq,2075,2061.94
irq,2080,2088.12
irq,2085,2080.27
irq,2090,2077.55
irq,2095,2023.67
irq,2100,1974.47
isl,2010,9.21
isl,2015,10.21
isl,2020,9.42
isl,2025,9.37
isl,2030,10.35
isl,2035,10.45
isl,2040,10.99
isl,2045,11.26
isl,2050,11.29
isl,2055,11.32
isl,2060,11.58
isl,2065,11.87
isl,2070,12.09
isl,2075,12.17
isl,2080,12.09
isl,2085,11.94
isl,2090,11.8
isl,2095,11.68
isl,2100,11.54
isr,2010,235.1
isr,2015,276.63
isr,2020,324.38
isr,2025,363.32
isr,2030,417.08
isr,2035,482.41
isr,2040,523.96
isr,2045,562.87
isr,2050,599.43
isr,2055,639.46
isr,2060,683.01
isr,2065,720.09
isr,2070,745.68
isr,2075,763.95
isr,2080,780.81
isr,2085,795.96
isr,2090,808.27
isr,2095,814.61
isr,2100,813.08
ita,2010,2085.11
ita,2015,2263.96
ita,2020,2203.03
ita,2025,2290.55
ita,2030,2424.62
ita,2035,2208.67
ita,2040,2148.59
ita,2045,2122.34
ita,2050,2127.94
ita,2055,2121.28
ita,2060,2082.27
ita,2065,2000
ita,2070,1901.5
ita,2075,1826.03
ita,2080,1778.23
ita,2085,1736.95
ita,2090,1681.33
ita,2095,1606.13
ita,2100,1520.93
jam,2010,32.52
jam,2015,37.73
jam,2020,45.93
jam,2025,42.13
jam,2030,44.19
jam,2035,46.03
jam,2040,48.38
jam,2045,49.49
jam,2050,48.04
jam,2055,46.66
jam,2060,45.48
jam,2065,45.21
jam,2070,44.1
jam,2075,42.08
jam,2080,40.29
jam,2085,37.84
jam,2090,36.2
jam,2095,34.59
jam,2100,32.6
jor,2010,288.05
jor,2015,337.54
jor,2020,387
jor,2025,424.99
jor,2030,463.66
jor,2035,455.73
jor,2040,493.95
jor,2045,519.72
jor,2050,529.01
jor,2055,532.98
jor,2060,533.7
jor,2065,527.93
jor,2070,527.43
jor,2075,521.93
jor,2080,513.6
jor,2085,500.63
jor,2090,479.31
jor,2095,457.35
jor,2100,442.2
jpn,2010,3926.58
jpn,2015,3075.02
jpn,2020,2932.57
jpn,2025,2750.17
jpn,2030,2613.91
jpn,2035,2433.08
jpn,2040,2190.66
jpn,2045,2008.43
jpn,2050,1892.14
jpn,2055,1807.78
jpn,2060,1726.15
jpn,2065,1631.29
jpn,2070,1520.18
jpn,2075,1415.22
jpn,2080,1335.73
jpn,2085,1276.67
jpn,2090,1224.67
jpn,2095,1168.93
jpn,2100,1105.86
kaz,2010,940.33
kaz,2015,819.33
kaz,2020,648.79
kaz,2025,682.23
kaz,2030,898.16
kaz,2035,833.99
kaz,2040,757.94
kaz,2045,679.17
kaz,2050,618.3
kaz,2055,602.73
kaz,2060,597.35
kaz,2065,567.87
kaz,2070,512.9
kaz,2075,460.62
kaz,2080,427.98
kaz,2085,404.83
kaz,2090,380.64
kaz,2095,351.02
kaz,2100,317.86
ken,2010,1116.83
ken,2015,1331.33
ken,2020,1619.82
ken,2025,2058.99
ken,2030,2504.72
ken,2035,2772.78
ken,2040,2999.42
ken,2045,3194.76
ken,2050,3393.83
ken,2055,3607.84
ken,2060,3740.71
ken,2065,3825.17
ken,2070,3843.61
ken,2075,3814.63
ken,2080,3846.28
ken,2085,3883.56
ken,2090,3858.58
ken,2095,3836.17
ken,2100,3762.36
kgz,2010,503.61
kgz,2015,473.02
kgz,2020,409.95
kgz,2025,378.86
kgz,2030,455.1
kgz,2035,452.37
kgz,2040,425.19
kgz,2045,388.6
kgz,2050,363.91
kgz,2055,357.46
kgz,2060,347.01
kgz,2065,327.07
kgz,2070,306.05
kgz,2075,284.67
kgz,2080,268.62
kgz,2085,257.41
kgz,2090,247.83
kgz,2095,233.04
kgz,2100,218.54
khm,2010,141.44
khm,2015,193.5
khm,2020,202.62
khm,2025,216.3
khm,2030,250.01
khm,2035,296.88
khm,2040,338.32
khm,2045,362.31
khm,2050,378.75
khm,2055,396.79
khm,2060,418.9
khm,2065,451.49
khm,2070,469.59
khm,2075,470.63
khm,2080,466.94
khm,2085,462.14
khm,2090,466.92
khm,2095,464.98
khm,2100,449.27
kor,2010,2370.49
kor,2015,2604.64
kor,2020,2385.19
kor,2025,1784.73
kor,2030,1770.57
kor,2035,1664.24
kor,2040,1601.33
kor,2045,1544.74
kor,2050,1475.89
kor,2055,1360.37
kor,2060,1235.47
kor,2065,1147.41
kor,2070,1089.97
kor,2075,1050.18
kor,2080,1010.61
kor,2085,960.59
kor,2090,902.36
kor,2095,846.31
kor,2100,800.4
kwt,2010,92.63
kwt,2015,94.5
kwt,2020,113.97
kwt,2025,145.79
kwt,2030,172.91
kwt,2035,161.53
kwt,2040,170.4
kwt,2045,180.38
kwt,2050,194.96
kwt,2055,209.55
kwt,2060,218.33
kwt,2065,214.26
kwt,2070,208.26
kwt,2075,205.88
kwt,2080,207.67
kwt,2085,209.45
kwt,2090,205.86
kwt,2095,197.38
kwt,2100,186.39
lao,2010,130.65
lao,2015,158.1
lao,2020,172.73
lao,2025,180.23
lao,2030,191.65
lao,2035,217.67
lao,2040,246.84
lao,2045,265.98
lao,2050,278.01
lao,2055,281.45
lao,2060,288.35
lao,2065,300.01
lao,2070,311.42
lao,2075,316.36
lao,2080,310.15
lao,2085,299.5
lao,2090,291.29
lao,2095,287.75
lao,2100,284.42
lbn,2010,117.4
lbn,2015,119.4
lbn,2020,125.01
lbn,2025,109.9
lbn,2030,107.02
lbn,2035,103.63
lbn,2040,103.16
lbn,2045,100.84
lbn,2050,95.06
lbn,2055,86.97
lbn,2060,80.37
lbn,2065,74.82
lbn,2070,70.13
lbn,2075,66.7
lbn,2080,62.52
lbn,2085,58.07
lbn,2090,53.97
lbn,2095,50.51
lbn,2100,47.63
lbr,2010,15.81
lbr,2015,23.17
lbr,2020,32.35
lbr,2025,45.05
lbr,2030,61.55
lbr,2035,78.91
lbr,2040,102.38
lbr,2045,126.88
lbr,2050,151.6
lbr,2055,179.23
lbr,2060,208.99
lbr,2065,240.8
lbr,2070,269.91
lbr,2075,295.63
lbr,2080,323.17
lbr,2085,350.74
lbr,2090,372.09
lbr,2095,391.39
lbr,2100,401.79
lca,2010,6.24
lca,2015,6.66
lca,2020,6.54
lca,2025,6.32
lca,2030,6.98
lca,2035,7.04
lca,2040,7.01
lca,2045,6.79
lca,2050,6.51
lca,2055,6.21
lca,2060,5.96
lca,2065,5.64
lca,2070,5.29
lca,2075,5
lca,2080,4.72
lca,2085,4.44
lca,2090,4.16
lca,2095,3.89
lca,2100,3.64
lso,2010,33.93
lso,2015,40.61
lso,2020,47.59
lso,2025,52.93
lso,2030,59.98
lso,2035,66.68
lso,2040,74.02
lso,2045,79.72
lso,2050,82.84
lso,2055,84.85
lso,2060,87.16
lso,2065,89.37
lso,2070,89.83
lso,2075,88.71
lso,2080,87.76
lso,2085,85.91
lso,2090,84.87
lso,2095,81.43
lso,2100,78.46
ltu,2010,138.91
ltu,2015,118.38
ltu,2020,90.8
ltu,2025,76.78
ltu,2030,85.4
ltu,2035,97.95
ltu,2040,95.83
ltu,2045,89
ltu,2050,78.28
ltu,2055,69.01
ltu,2060,68
ltu,2065,71.58
ltu,2070,73.14
ltu,2075,70.07
ltu,2080,64.28
ltu,2085,59.11
ltu,2090,56.95
ltu,2095,57.52
ltu,2100,58.39
lux,2010,15.82
lux,2015,19.91
lux,2020,22.18
lux,2025,22.7
lux,2030,23.79
lux,2035,23.64
lux,2040,26.05
lux,2045,28.7
lux,2050,31.37
lux,2055,32.9
lux,2060,33.38
lux,2065,33.19
lux,2070,33.57
lux,2075,34.59
lux,2080,35.61
lux,2085,35.88
lux,2090,35.11
lux,2095,33.8
lux,2100,32.66
lva,2010,95.19
lva,2015,67.69
lva,2020,48.53
lva,2025,51.1
lva,2030,58.28
lva,2035,52.99
lva,2040,51.37
lva,2045,46.74
lva,2050,40.64
lva,2055,37.38
lva,2060,37.72
lva,2065,37.98
lva,2070,36.72
lva,2075,34.26
lva,2080,31.36
lva,2085,29.22
lva,2090,28.36
lva,2095,28.14
lva,2100,27.6
mac,2010,23.57
mac,2015,24.99
mac,2020,20.42
mac,2025,18.31
mac,2030,22.1
mac,2035,24.79
mac,2040,26.35
mac,2045,26.36
mac,2050,25.41
mac,2055,25.1
mac,2060,25.95
mac,2065,26.63
mac,2070,27.22
mac,2075,26.96
mac,2080,25.95
mac,2085,24.9
mac,2090,23.9
mac,2095,23.04
mac,2100,22.18
mar,2010,463.88
mar,2015,545.09
mar,2020,602.88
mar,2025,668.63
mar,2030,775.78
mar,2035,859.32
mar,2040,934.79
mar,2045,972.92
mar,2050,968.09
mar,2055,962.94
mar,2060,969.69
mar,2065,972.2
mar,2070,968.6
mar,2075,946.47
mar,2080,914.7
mar,2085,864.82
mar,2090,825.24
mar,2095,789.66
mar,2100,758.75
mda,2010,200.72
mda,2015,155.57
mda,2020,109.07
mda,2025,94.94
mda,2030,111.69
mda,2035,94.93
mda,2040,87.19
mda,2045,75.3
mda,2050,65.61
mda,2055,59.64
mda,2060,55.13
mda,2065,50.62
mda,2070,45.32
mda,2075,40.37
mda,2080,36.59
mda,2085,33.91
mda,2090,31.94
mda,2095,30.07
mda,2100,28.13
mdg,2010,79.71
mdg,2015,107.67
mdg,2020,142.81
mdg,2025,182.5
mdg,2030,236.03
mdg,2035,293.94
mdg,2040,361.93
mdg,2045,440.04
mdg,2050,531.76
mdg,2055,628.35
mdg,2060,737.08
mdg,2065,842.2
mdg,2070,944.58
mdg,2075,1062.76
mdg,2080,1176.71
mdg,2085,1275.55
mdg,2090,1378.85
mdg,2095,1475.78
mdg,2100,1535.97
mdv,2010,3.48
mdv,2015,4.15
mdv,2020,4.19
mdv,2025,4.41
mdv,2030,5.01
mdv,2035,6.37
mdv,2040,7.6
mdv,2045,8.2
mdv,2050,8.29
mdv,2055,8.23
mdv,2060,8.59
mdv,2065,9.08
mdv,2070,9.43
mdv,2075,9.45
mdv,2080,9.15
mdv,2085,8.84
mdv,2090,8.68
mdv,2095,8.57
mdv,2100,8.39
mex,2010,2898.81
mex,2015,3499.4
mex,2020,3771.96
mex,2025,4260.25
mex,2030,4516.53
mex,2035,4755.2
mex,2040,4968.54
mex,2045,5086.24
mex,2050,5122.53
mex,2055,5098.2
mex,2060,5027.08
mex,2065,4926.09
mex,2070,4791.06
mex,2075,4614.24
mex,2080,4367.42
mex,2085,4165.57
mex,2090,4011.97
mex,2095,3822.75
mex,2100,3587.71
mkd,2010,117.74
mkd,2015,117.69
mkd,2020,106.47
mkd,2025,97.38
mkd,2030,94.94
mkd,2035,96.55
mkd,2040,97.6
mkd,2045,95.11
mkd,2050,90.54
mkd,2055,85.05
mkd,2060,81.26
mkd,2065,79.26
mkd,2070,77.33
mkd,2075,74.44
mkd,2080,70.77
mkd,2085,66.98
mkd,2090,63.71
mkd,2095,61.09
mkd,2100,58.68
mli,2010,76.93
mli,2015,106.66
mli,2020,155.57
mli,2025,224.78
mli,2030,313.33
mli,2035,416.14
mli,2040,530.88
mli,2045,660.38
mli,2050,795.4
mli,2055,928.55
mli,2060,1056.6
mli,2065,1181.91
mli,2070,1286.78
mli,2075,1385.8
mli,2080,1463.13
mli,2085,1543.64
mli,2090,1625.58
mli,2095,1665.59
mli,2100,1689.05
mlt,2010,7.89
mlt,2015,7.81
mlt,2020,7.29
mlt,2025,6.41
mlt,2030,6.76
mlt,2035,7.83
mlt,2040,8.28
mlt,2045,8.26
mlt,2050,7.98
mlt,2055,7.69
mlt,2060,7.56
mlt,2065,7.54
mlt,2070,7.54
mlt,2075,7.43
mlt,2080,7.19
mlt,2085,6.89
mlt,2090,6.62
mlt,2095,6.38
mlt,2100,6.17
mmr,2010,792.67
mmr,2015,772.94
mmr,2020,774.3
mmr,2025,738.29
mmr,2030,747.55
mmr,2035,741.97
mmr,2040,750.38
mmr,2045,756.89
mmr,2050,764.25
mmr,2055,754.06
mmr,2060,738.73
mmr,2065,728.8
mmr,2070,716.77
mmr,2075,719.46
mmr,2080,716.06
mmr,2085,704.08
mmr,2090,685.6
mmr,2095,665.15
mmr,2100,646.57
mne,2010,39.95
mne,2015,34.46
mne,2020,34.61
mne,2025,34.12
mne,2030,33.4
mne,2035,32.86
mne,2040,32.06
mne,2045,30.79
mne,2050,29.54
mne,2055,28.64
mne,2060,28.07
mne,2065,27.33
mne,2070,26.48
mne,2075,25.56
mne,2080,24.7
mne,2085,23.86
mne,2090,22.99
mne,2095,22.08
mne,2100,21.15
mng,2010,150.79
mng,2015,132.76
mng,2020,117.72
mng,2025,110.72
mng,2030,148.48
mng,2035,154.16
mng,2040,151.72
mng,2045,141.31
mng,2050,130.3
mng,2055,130.13
mng,2060,136.72
mng,2065,139.03
mng,2070,134.67
mng,2075,124.79
mng,2080,115.92
mng,2085,112.4
mng,2090,109.94
mng,2095,107.99
mng,2100,102.42
moz,2010,160.18
moz,2015,214.41
moz,2020,292.92
moz,2025,407.49
moz,2030,504.89
moz,2035,600.64
moz,2040,719.69
moz,2045,855.31
moz,2050,997.82
moz,2055,1147.5
moz,2060,1297.46
moz,2065,1429.39
moz,2070,1554.85
moz,2075,1684.99
moz,2080,1821.32
moz,2085,1927.32
moz,2090,1999.37
moz,2095,2076.14
moz,2100,2145.75
mus,2010,24.56
mus,2015,30.25
mus,2020,32.13
mus,2025,35.27
mus,2030,34.41
mus,2035,34.88
mus,2040,39.3
mus,2045,43.63
mus,2050,46.81
mus,2055,47.99
mus,2060,48
mus,2065,48.23
mus,2070,48.72
mus,2075,49.38
mus,2080,49.82
mus,2085,49.63
mus,2090,48.78
mus,2095,47.53
mus,2100,46.25
mwi,2010,189.01
mwi,2015,266.58
mwi,2020,352.49
mwi,2025,462.64
mwi,2030,633.32
mwi,2035,809.18
mwi,2040,1021.69
mwi,2045,1252.36
mwi,2050,1509.37
mwi,2055,1771.5
mwi,2060,2029.42
mwi,2065,2254.31
mwi,2070,2450.92
mwi,2075,2582.99
mwi,2080,2709.3
mwi,2085,2789.07
mwi,2090,2815.34
mwi,2095,2829.17
mwi,2100,2819.26
mys,2010,1150.51
mys,2015,1230.64
mys,2020,1321.75
mys,2025,1335.75
mys,2030,1240.94
mys,2035,1187.64
mys,2040,1134.2
mys,2045,1069.68
mys,2050,1001.62
mys,2055,923.94
mys,2060,832.99
mys,2065,759.55
mys,2070,696.58
mys,2075,638.15
mys,2080,582.55
mys,2085,531.73
mys,2090,490.33
mys,2095,449.1
mys,2100,408.68
nam,2010,52.04
nam,2015,65.78
nam,2020,75.58
nam,2025,84.8
nam,2030,94.52
nam,2035,98.94
nam,2040,105.75
nam,2045,113.09
nam,2050,117.41
nam,2055,120.71
nam,2060,121.8
nam,2065,121.5
nam,2070,122.17
nam,2075,120.67
nam,2080,119.8
nam,2085,116.41
nam,2090,113.57
nam,2095,111.68
nam,2100,108.79
ncl,2010,10.26
ncl,2015,12.24
ncl,2020,12.44
ncl,2025,11.97
ncl,2030,12.24
ncl,2035,12.33
ncl,2040,12.42
ncl,2045,12.28
ncl,2050,11.89
ncl,2055,11.57
ncl,2060,11.41
ncl,2065,11.16
ncl,2070,10.89
ncl,2075,10.62
ncl,2080,10.34
ncl,2085,10.04
ncl,2090,9.72
ncl,2095,9.39
ncl,2100,9.06
ner,2010,9.85
ner,2015,14.8
ner,2020,21.55
ner,2025,30.18
ner,2030,41.99
ner,2035,57.28
ner,2040,77.09
ner,2045,102.45
ner,2050,134.8
ner,2055,176.89
ner,2060,227.4
ner,2065,285.79
ner,2070,349.75
ner,2075,404.87
ner,2080,463.9
ner,2085,536.62
ner,2090,614.52
ner,2095,689.82
ner,2100,752.58
nga,2010,5277.42
nga,2015,6538.5
nga,2020,8250.59
nga,2025,10379.22
nga,2030,12625.42
nga,2035,14632.97
nga,2040,16810.02
nga,2045,18986.41
nga,2050,21136.16
nga,2055,23199.53
nga,2060,25022.59
nga,2065,26584.62
nga,2070,27945.83
nga,2075,27637.81
nga,2080,27525.97
nga,2085,27669.61
nga,2090,27530.5
nga,2095,27007.23
nga,2100,26540.27
nic,2010,131.88
nic,2015,159.21
nic,2020,175.86
nic,2025,189.01
nic,2030,211.31
nic,2035,222.31
nic,2040,228.48
nic,2045,231.85
nic,2050,233.71
nic,2055,231.82
nic,2060,225.22
nic,2065,220.08
nic,2070,213.58
nic,2075,204.74
nic,2080,195.33
nic,2085,187.71
nic,2090,181.53
nic,2095,174.14
nic,2100,165.62
nld,2010,588.77
nld,2015,632.01
nld,2020,633.76
nld,2025,654.43
nld,2030,615.93
nld,2035,578.21
nld,2040,580.45
nld,2045,594.02
nld,2050,605.82
nld,2055,605.25
nld,2060,589.55
nld,2065,565.11
nld,2070,546.87
nld,2075,540.71
nld,2080,539.48
nld,2085,534.22
nld,2090,520.66
nld,2095,500.87
nld,2100,481.07
nor,2010,160.33
nor,2015,195.12
nor,2020,195.01
nor,2025,190.15
nor,2030,203.03
nor,2035,203.52
nor,2040,219.54
nor,2045,236.94
nor,2050,249.44
nor,2055,254.03
nor,2060,256.38
nor,2065,259
nor,2070,265.39
nor,2075,273.78
nor,2080,279.55
nor,2085,280.19
nor,2090,276.52
nor,2095,272.13
nor,2100,269.49
npl,2010,1190.28
npl,2015,1539.64
npl,2020,1875.15
npl,2025,2106.41
npl,2030,2146.43
npl,2035,2421.04
npl,2040,2662.14
npl,2045,2783.65
npl,2050,2776.36
npl,2055,2786.83
npl,2060,2793.16
npl,2065,2765.54
npl,2070,2702.12
npl,2075,2630.6
npl,2080,2525.4
npl,2085,2389.54
npl,2090,2280.81
npl,2095,2180.18
npl,2100,2050.7
nzl,2010,190.64
nzl,2015,208.84
nzl,2020,202.18
nzl,2025,197.64
nzl,2030,212.9
nzl,2035,209.33
nzl,2040,210.95
nzl,2045,210.92
nzl,2050,205.7
nzl,2055,200.47
nzl,2060,198.38
nzl,2065,194.33
nzl,2070,188.68
nzl,2075,182.86
nzl,2080,177.03
nzl,2085,170.97
nzl,2090,165.21
nzl,2095,159.55
nzl,2100,153.59
pak,2010,4754.71
pak,2015,5758.49
pak,2020,6773.85
pak,2025,7176.59
pak,2030,8528.33
pak,2035,10036.65
pak,2040,11335.72
pak,2045,12160.56
pak,2050,12568.87
pak,2055,13055.19
pak,2060,13665.85
pak,2065,14204.97
pak,2070,14394.37
pak,2075,14045.06
pak,2080,13582.6
pak,2085,13146.32
pak,2090,12743.98
pak,2095,12417.19
pak,2100,11834.12
pan,2010,128.16
pan,2015,141.06
pan,2020,159.63
pan,2025,173.98
pan,2030,182.6
pan,2035,181.67
pan,2040,185.37
pan,2045,190.57
pan,2050,193.77
pan,2055,191.41
pan,2060,189.15
pan,2065,183.74
pan,2070,177.62
pan,2075,172.26
pan,2080,165.47
pan,2085,160.2
pan,2090,152.98
pan,2095,144.1
pan,2100,136.77
per,2010,1601.14
per,2015,1686.89
per,2020,1740.21
per,2025,1773.37
per,2030,1786.06
per,2035,1744.82
per,2040,1684.52
per,2045,1634.11
per,2050,1577.28
per,2055,1497.01
per,2060,1423.62
per,2065,1357.72
per,2070,1284.38
per,2075,1207.29
per,2080,1139.31
per,2085,1090.43
per,2090,1045.6
per,2095,994.8
per,2100,937.4
phl,2010,2984.46
phl,2015,3227.48
phl,2020,3499.74
phl,2025,3756.85
phl,2030,3678.12
phl,2035,3633.55
phl,2040,3569.3
phl,2045,3464.15
phl,2050,3280.95
phl,2055,3109.58
phl,2060,2913.16
phl,2065,2727.83
phl,2070,2524.12
phl,2075,2365.27
phl,2080,2220.88
phl,2085,2056.55
phl,2090,1913.97
phl,2095,1769.82
phl,2100,1653.71
pol,2010,2403.42
pol,2015,2027.23
pol,2020,1614.38
pol,2025,1410.41
pol,2030,1559.62
pol,2035,1525.87
pol,2040,1556.47
pol,2045,1507.53
pol,2050,1408.19
pol,2055,1275.36
pol,2060,1215.48
pol,2065,1221.19
pol,2070,1230.13
pol,2075,1210.07
pol,2080,1156.06
pol,2085,1085.43
pol,2090,1026.72
pol,2095,997.26
pol,2100,986.8
pri,2010,179.75
pri,2015,169.51
pri,2020,157.47
pri,2025,139.2
pri,2030,134.83
pri,2035,121.14
pri,2040,108.03
pri,2045,96.75
pri,2050,86.22
pri,2055,77.26
pri,2060,69.51
pri,2065,61.95
pri,2070,56.7
pri,2075,52.16
pri,2080,48.05
pri,2085,44.43
pri,2090,41.51
pri,2095,39.17
pri,2100,37.24
prt,2010,279.58
prt,2015,299.86
prt,2020,321.23
prt,2025,350.4
prt,2030,353.64
prt,2035,331.31
prt,2040,341.34
prt,2045,353.8
prt,2050,372.62
prt,2055,389.47
prt,2060,397.63
prt,2065,394.01
prt,2070,392.23
prt,2075,393.34
prt,2080,394.15
prt,2085,393.77
prt,2090,387.15
prt,2095,374.83
prt,2100,361.21
pry,2010,181.82
pry,2015,203.29
pry,2020,228.88
pry,2025,253.97
pry,2030,277.13
pry,2035,293.51
pry,2040,312.31
pry,2045,322.93
pry,2050,327.79
pry,2055,331.73
pry,2060,331.82
pry,2065,326.91
pry,2070,318.92
pry,2075,311.32
pry,2080,299.31
pry,2085,286.89
pry,2090,275.78
pry,2095,265.8
pry,2100,253.71
pse,2010,143.1
pse,2015,203.85
pse,2020,240.78
pse,2025,272.49
pse,2030,316.15
pse,2035,347.6
pse,2040,367.62
pse,2045,377.83
pse,2050,388.4
pse,2055,394.82
pse,2060,393.79
pse,2065,387.4
pse,2070,382.43
pse,2075,371.18
pse,2080,363.2
pse,2085,354.42
pse,2090,342.04
pse,2095,332.44
pse,2100,320.06
pyf,2010,14
pyf,2015,13.52
pyf,2020,14.24
pyf,2025,12.46
pyf,2030,12.49
pyf,2035,13.37
pyf,2040,13.49
pyf,2045,13.1
pyf,2050,12.39
pyf,2055,11.78
pyf,2060,11.42
pyf,2065,11.16
pyf,2070,10.76
pyf,2075,10.27
pyf,2080,9.8
pyf,2085,9.39
pyf,2090,9.06
pyf,2095,8.73
pyf,2100,8.4
qat,2010,47
qat,2015,32.25
qat,2020,39.11
qat,2025,49.58
qat,2030,63.5
qat,2035,74.28
qat,2040,76.25
qat,2045,76.79
qat,2050,80.55
qat,2055,88.5
qat,2060,95.73
qat,2065,94.52
qat,2070,89.13
qat,2075,85.14
qat,2080,80.65
qat,2085,78.92
qat,2090,76.66
qat,2095,72.5
qat,2100,67.64
rou,2010,1120.38
rou,2015,794.16
rou,2020,755.06
rou,2025,719.03
rou,2030,732.23
rou,2035,650.03
rou,2040,622.48
rou,2045,579.09
rou,2050,543.89
rou,2055,518.12
rou,2060,489.93
rou,2065,459.86
rou,2070,429.86
rou,2075,404.06
rou,2080,382.93
rou,2085,364.14
rou,2090,346.03
rou,2095,327.76
rou,2100,310.22
rus,2010,9599.38
rus,2015,6572.44
rus,2020,5236.6
rus,2025,5634.39
rus,2030,6512.13
rus,2035,6851.04
rus,2040,6131.64
rus,2045,5298.08
rus,2050,4707.76
rus,2055,4690.42
rus,2060,5001.26
rus,2065,5104.67
rus,2070,4883.69
rus,2075,4472.52
rus,2080,4141.83
rus,2085,4040.24
rus,2090,4042.91
rus,2095,3981
rus,2100,3789.24
rwa,2010,51.38
rwa,2015,57.1
rwa,2020,79.49
rwa,2025,108.77
rwa,2030,158.05
rwa,2035,202.91
rwa,2040,249.04
rwa,2045,291.78
rwa,2050,343.1
rwa,2055,408.81
rwa,2060,480.26
rwa,2065,544.65
rwa,2070,598.43
rwa,2075,631.9
rwa,2080,666.42
rwa,2085,712.13
rwa,2090,755.68
rwa,2095,779.5
rwa,2100,786.74
sau,2010,1351.82
sau,2015,1639.52
sau,2020,1752.66
sau,2025,2051.49
sau,2030,2419.09
sau,2035,2371.48
sau,2040,2469.54
sau,2045,2527.21
sau,2050,2617.45
sau,2055,2710.77
sau,2060,2762.43
sau,2065,2723.06
sau,2070,2700.58
sau,2075,2690.5
sau,2080,2620.65
sau,2085,2575.22
sau,2090,2479.4
sau,2095,2383.58
sau,2100,2283.57
sdn,2010,700.77
sdn,2015,953.19
sdn,2020,1267.29
sdn,2025,1617.48
sdn,2030,1960.24
sdn,2035,2286.07
sdn,2040,2581.14
sdn,2045,2843.5
sdn,2050,3110.04
sdn,2055,3299.75
sdn,2060,3428.89
sdn,2065,3466.8
sdn,2070,3471.81
sdn,2075,3500.3
sdn,2080,3441.72
sdn,2085,3365.81
sdn,2090,3308.24
sdn,2095,3233.96
sdn,2100,3092.23
sen,2010,81.54
sen,2015,102.49
sen,2020,133.17
sen,2025,176.35
sen,2030,230.51
sen,2035,281.35
sen,2040,333.14
sen,2045,388.59
sen,2050,450.21
sen,2055,522.02
sen,2060,587.11
sen,2065,648.92
sen,2070,699.63
sen,2075,742.47
sen,2080,783.86
sen,2085,825.54
sen,2090,851.62
sen,2095,860.73
sen,2100,868.62
sgp,2010,70.37
sgp,2015,98.06
sgp,2020,100.43
sgp,2025,79.24
sgp,2030,71.36
sgp,2035,72.58
sgp,2040,78.03
sgp,2045,83.86
sgp,2050,87.74
sgp,2055,85.07
sgp,2060,79.44
sgp,2065,74.85
sgp,2070,74.19
sgp,2075,75.65
sgp,2080,76.6
sgp,2085,74.69
sgp,2090,69.68
sgp,2095,63.94
sgp,2100,59.83
sle,2010,51.99
sle,2015,67.54
sle,2020,89.41
sle,2025,115.59
sle,2030,145.5
sle,2035,168.42
sle,2040,196.97
sle,2045,226.27
sle,2050,255.98
sle,2055,290.72
sle,2060,323.9
sle,2065,350.61
sle,2070,371.6
sle,2075,394.97
sle,2080,420.03
sle,2085,435.19
sle,2090,446.96
sle,2095,458.71
sle,2100,461.71
slv,2010,153.99
slv,2015,181.05
slv,2020,198.29
slv,2025,182.05
slv,2030,189.38
slv,2035,198.94
slv,2040,205.06
slv,2045,203.19
slv,2050,194.49
slv,2055,187.87
slv,2060,182.35
slv,2065,175.76
slv,2070,167.77
slv,2075,158.51
slv,2080,151.27
slv,2085,142.59
slv,2090,135.15
slv,2095,127.46
slv,2100,123.19
som,2010,121.48
som,2015,153.36
som,2020,205.43
som,2025,269.53
som,2030,337.26
som,2035,390.88
som,2040,433.42
som,2045,487.04
som,2050,546.32
som,2055,595.11
som,2060,612.07
som,2065,621.35
som,2070,632.73
som,2075,645.56
som,2080,648.04
som,2085,637.83
som,2090,626.87
som,2095,612.64
som,2100,597.17
srb,2010,570.5
srb,2015,527.79
srb,2020,479.59
srb,2025,494.44
srb,2030,478.37
srb,2035,402.34
srb,2040,404.75
srb,2045,400.52
srb,2050,396.72
srb,2055,386.33
srb,2060,366.68
srb,2065,343.96
srb,2070,329.1
srb,2075,321.09
srb,2080,313.68
srb,2085,302.23
srb,2090,286.54
srb,2095,270.43
srb,2100,257.29
stp,2010,1.67
stp,2015,1.91
stp,2020,2.31
stp,2025,2.78
stp,2030,3.21
stp,2035,3.55
stp,2040,3.85
stp,2045,4.25
stp,2050,4.74
stp,2055,5.15
stp,2060,5.52
stp,2065,5.94
stp,2070,6.26
stp,2075,6.58
stp,2080,6.96
stp,2085,7.33
stp,2090,7.55
stp,2095,7.69
stp,2100,7.78
sur,2010,12.28
sur,2015,13.13
sur,2020,16.62
sur,2025,18.38
sur,2030,18.28
sur,2035,19.43
sur,2040,20.74
sur,2045,21.86
sur,2050,22.86
sur,2055,23.12
sur,2060,22.91
sur,2065,22.89
sur,2070,23
sur,2075,22.87
sur,2080,22.42
sur,2085,21.54
sur,2090,20.37
sur,2095,19.53
sur,2100,18.94
svk,2010,371.76
svk,2015,330.04
svk,2020,259.77
svk,2025,235.98
svk,2030,249.91
svk,2035,277.24
svk,2040,273.13
svk,2045,260.34
svk,2050,241.6
svk,2055,219.74
svk,2060,213.13
svk,2065,218.58
svk,2070,222.84
svk,2075,217.84
svk,2080,205.36
svk,2085,191.55
svk,2090,181.65
svk,2095,177.83
svk,2100,176.95
svn,2010,118.13
svn,2015,101.3
svn,2020,93.16
svn,2025,91.63
svn,2030,102.54
svn,2035,110.45
svn,2040,105.33
svn,2045,98.31
svn,2050,92.8
svn,2055,91.4
svn,2060,94.51
svn,2065,97.57
svn,2070,96.88
svn,2075,92.49
svn,2080,87.55
svn,2085,84.71
svn,2090,83.99
svn,2095,83.85
svn,2100,82.39
swe,2010,385.73
swe,2015,427.25
swe,2020,343.86
swe,2025,361.39
swe,2030,399.94
swe,2035,405.79
swe,2040,430.21
swe,2045,443.8
swe,2050,439.31
swe,2055,434.38
swe,2060,443.29
swe,2065,455.37
swe,2070,464.68
swe,2075,467.99
swe,2080,463.53
swe,2085,455.86
swe,2090,450.22
swe,2095,447.89
swe,2100,445.54
swz,2010,32.36
swz,2015,38.75
swz,2020,41.06
swz,2025,44.5
swz,2030,49.22
swz,2035,53.47
swz,2040,56.4
swz,2045,58.89
swz,2050,59.72
swz,2055,59.96
swz,2060,60.96
swz,2065,61.97
swz,2070,61.98
swz,2075,62.06
swz,2080,60.83
swz,2085,59.34
swz,2090,58.4
swz,2095,56.65
swz,2100,55.26
syr,2010,358.89
syr,2015,474.33
syr,2020,582.32
syr,2025,682.17
syr,2030,731.14
syr,2035,734.99
syr,2040,839.74
syr,2045,933.82
syr,2050,1002.72
syr,2055,1044.88
syr,2060,1055.72
syr,2065,1059.34
syr,2070,1076.35
syr,2075,1101.92
syr,2080,1101.57
syr,2085,1085.76
syr,2090,1067.58
syr,2095,1055.5
syr,2100,1040.64
tcd,2010,25.74
tcd,2015,34.87
tcd,2020,48.19
tcd,2025,66.95
tcd,2030,89.3
tcd,2035,118.08
tcd,2040,152.06
tcd,2045,192.62
tcd,2050,234.87
tcd,2055,277.85
tcd,2060,316.9
tcd,2065,360.63
tcd,2070,403.67
tcd,2075,445.83
tcd,2080,477.23
tcd,2085,500.99
tcd,2090,528.93
tcd,2095,558.42
tcd,2100,578.4
tha,2010,2238.99
tha,2015,2486
tha,2020,2646.29
tha,2025,2739.34
tha,2030,2679.33
tha,2035,2642.16
tha,2040,2740.06
tha,2045,2707.99
tha,2050,2673.4
tha,2055,2583.65
tha,2060,2477.38
tha,2065,2372.17
tha,2070,2280.41
tha,2075,2199.93
tha,2080,2105.71
tha,2085,2000.36
tha,2090,1893.03
tha,2095,1794.16
tha,2100,1705.92
tjk,2010,550.63
tjk,2015,563.39
tjk,2020,565.93
tjk,2025,561.26
tjk,2030,577.58
tjk,2035,578.5
tjk,2040,574.88
tjk,2045,549.49
tjk,2050,511.94
tjk,2055,484.97
tjk,2060,467.89
tjk,2065,447.93
tjk,2070,424.37
tjk,2075,402.77
tjk,2080,382.57
tjk,2085,360.59
tjk,2090,344.81
tjk,2095,327.28
tjk,2100,312.18
tkm,2010,475.39
tkm,2015,480.7
tkm,2020,401.58
tkm,2025,418.21
tkm,2030,418.83
tkm,2035,427.42
tkm,2040,419.58
tkm,2045,397.91
tkm,2050,369.85
tkm,2055,348.53
tkm,2060,338.69
tkm,2065,327.64
tkm,2070,313.38
tkm,2075,291.96
tkm,2080,271.92
tkm,2085,255.2
tkm,2090,241.91
tkm,2095,228.29
tkm,2100,219.24
tls,2010,27.7
tls,2015,39.59
tls,2020,54.16
tls,2025,60.03
tls,2030,74.68
tls,2035,86.58
tls,2040,99.3
tls,2045,110.65
tls,2050,117.93
tls,2055,119.16
tls,2060,117.96
tls,2065,117.74
tls,2070,119.61
tls,2075,119.51
tls,2080,116.22
tls,2085,111.08
tls,2090,108.29
tls,2095,107.15
tls,2100,105.73
ton,2010,2.04
ton,2015,2.36
ton,2020,2.84
ton,2025,3.31
ton,2030,3.66
ton,2035,3.48
ton,2040,3.12
ton,2045,3.01
ton,2050,3.01
ton,2055,3
ton,2060,2.88
ton,2065,2.72
ton,2070,2.49
ton,2075,2.27
ton,2080,2.17
ton,2085,2.08
ton,2090,1.99
ton,2095,1.9
ton,2100,1.78
tto,2010,47.01
tto,2015,39.6
tto,2020,37.04
tto,2025,39.52
tto,2030,44.48
tto,2035,44.39
tto,2040,43.14
tto,2045,39.65
tto,2050,37.04
tto,2055,36.35
tto,2060,35.47
tto,2065,33.63
tto,2070,30.97
tto,2075,28.68
tto,2080,26.91
tto,2085,25.48
tto,2090,23.99
tto,2095,22.32
tto,2100,20.67
tun,2010,346.5
tun,2015,352.6
tun,2020,333.68
tun,2025,355.85
tun,2030,421.89
tun,2035,437.46
tun,2040,446.55
tun,2045,435.64
tun,2050,407.35
tun,2055,383.53
tun,2060,378.09
tun,2065,375.75
tun,2070,366.41
tun,2075,352.9
tun,2080,332.78
tun,2085,312.69
tun,2090,298.66
tun,2095,290.49
tun,2100,283.75
tur,2010,2710.15
tur,2015,3049.88
tur,2020,3325.51
tur,2025,3421.48
tur,2030,3728.33
tur,2035,3785.14
tur,2040,3861.42
tur,2045,3851.39
tur,2050,3779.87
tur,2055,3672.24
tur,2060,3547.59
tur,2065,3388.5
tur,2070,3194.39
tur,2075,3029
tur,2080,2897.25
tur,2085,2755.8
tur,2090,2609.33
tur,2095,2461.03
tur,2100,2319.21
tza,2010,113.48
tza,2015,147.17
tza,2020,201.19
tza,2025,286.28
tza,2030,406.27
tza,2035,517.42
tza,2040,651.17
tza,2045,801.99
tza,2050,975.38
tza,2055,1168.24
tza,2060,1375.23
tza,2065,1569.58
tza,2070,1772.08
tza,2075,1943.86
tza,2080,2106.5
tza,2085,2293.4
tza,2090,2479.23
tza,2095,2621.75
tza,2100,2777.48
uga,2010,146.14
uga,2015,219.74
uga,2020,305.75
uga,2025,430.39
uga,2030,589.57
uga,2035,780.04
uga,2040,1007.27
uga,2045,1283.76
uga,2050,1609.93
uga,2055,1967.04
uga,2060,2334.71
uga,2065,2702.6
uga,2070,3063.56
uga,2075,3370.78
uga,2080,3649.49
uga,2085,3891.99
uga,2090,4057
uga,2095,4203.39
uga,2100,4301.12
ukr,2010,2924.92
ukr,2015,2287.25
ukr,2020,1738.01
ukr,2025,1638.52
ukr,2030,1934.05
ukr,2035,1925.84
ukr,2040,1756.5
ukr,2045,1555.36
ukr,2050,1392.05
ukr,2055,1335.64
ukr,2060,1360.74
ukr,2065,1354.56
ukr,2070,1283.9
ukr,2075,1180
ukr,2080,1092.76
ukr,2085,1046.89
ukr,2090,1023.87
ukr,2095,993.51
ukr,2100,942.33
ury,2010,65.8
ury,2015,69.59
ury,2020,72.79
ury,2025,75.59
ury,2030,78.86
ury,2035,79.78
ury,2040,81.64
ury,2045,83.9
ury,2050,84.56
ury,2055,83.5
ury,2060,82.07
ury,2065,80.93
ury,2070,78.97
ury,2075,76.83
ury,2080,75.75
ury,2085,74.14
ury,2090,72.23
ury,2095,70.22
ury,2100,68.28
usa,2010,15052.18
usa,2015,15751.58
usa,2020,14739.11
usa,2025,15620.9
usa,2030,16372.58
usa,2035,15036.39
usa,2040,15763.14
usa,2045,16295.66
usa,2050,16597.9
usa,2055,16759.27
usa,2060,16758.45
usa,2065,16485.95
usa,2070,16275.94
usa,2075,16312.06
usa,2080,16380.52
usa,2085,16287.53
usa,2090,16003.28
usa,2095,15588.16
usa,2100,15168.84
vct,2010,3.06
vct,2015,3.23
vct,2020,3.36
vct,2025,3.25
vct,2030,3.33
vct,2035,3.3
vct,2040,3.23
vct,2045,3.14
vct,2050,3.01
vct,2055,2.83
vct,2060,2.63
vct,2065,2.48
vct,2070,2.38
vct,2075,2.25
vct,2080,2.1
vct,2085,1.93
vct,2090,1.79
vct,2095,1.67
vct,2100,1.6
ven,2010,682.14
ven,2015,723.52
ven,2020,774.46
ven,2025,836.1
ven,2030,893.05
ven,2035,901.91
ven,2040,906.03
ven,2045,912.96
ven,2050,913.85
ven,2055,893.85
ven,2060,869.98
ven,2065,843.26
ven,2070,809.52
ven,2075,777.08
ven,2080,740.92
ven,2085,701.44
ven,2090,656.71
ven,2095,613.82
ven,2100,584.57
vnm,2010,2176.09
vnm,2015,2362.38
vnm,2020,1968.32
vnm,2025,2103.02
vnm,2030,2442.25
vnm,2035,2632.16
vnm,2040,2701.4
vnm,2045,2618.69
vnm,2050,2512.25
vnm,2055,2492.43
vnm,2060,2518.96
vnm,2065,2510.24
vnm,2070,2372.6
vnm,2075,2281.97
vnm,2080,2186.02
vnm,2085,2116.01
vnm,2090,2054.16
vnm,2095,1971.78
vnm,2100,1871.56
vut,2010,4.11
vut,2015,5.31
vut,2020,6.68
vut,2025,8.22
vut,2030,10.03
vut,2035,11.08
vut,2040,12.11
vut,2045,13.51
vut,2050,15.02
vut,2055,16.17
vut,2060,16.88
vut,2065,17.49
vut,2070,17.97
vut,2075,18.28
vut,2080,18.51
vut,2085,18.32
vut,2090,18.08
vut,2095,17.46
vut,2100,16.94
wld,2010,208591.78
wld,2015,217717.41
wld,2020,226576.79
wld,2025,241866.19
wld,2030,262503.29
wld,2035,273455.81
wld,2040,284211.07
wld,2045,289589.97
wld,2050,292469.27
wld,2055,296385.02
wld,2060,298919.31
wld,2065,298400.94
wld,2070,294214.75
wld,2075,287515.29
wld,2080,279805.97
wld,2085,272636.5
wld,2090,265534.89
wld,2095,256931.87
wld,2100,246990.27
wsm,2010,2.71
wsm,2015,3.15
wsm,2020,4.01
wsm,2025,4.58
wsm,2030,4.54
wsm,2035,4.28
wsm,2040,3.96
wsm,2045,4.01
wsm,2050,4.13
wsm,2055,4.06
wsm,2060,3.8
wsm,2065,3.61
wsm,2070,3.44
wsm,2075,3.28
wsm,2080,3.16
wsm,2085,3.04
wsm,2090,2.91
wsm,2095,2.81
wsm,2100,2.72
zaf,2010,1995.44
zaf,2015,2167.62
zaf,2020,2328.54
zaf,2025,2544.06
zaf,2030,2665.82
zaf,2035,2817.47
zaf,2040,2961.84
zaf,2045,3057.78
zaf,2050,3082.52
zaf,2055,3111.83
zaf,2060,3130.08
zaf,2065,3092.15
zaf,2070,3036.94
zaf,2075,2941.07
zaf,2080,2826.69
zaf,2085,2742.19
zaf,2090,2613.42
zaf,2095,2480.71
zaf,2100,2325.55
zmb,2010,200.73
zmb,2015,248.22
zmb,2020,327.51
zmb,2025,417.06
zmb,2030,541.59
zmb,2035,677.62
zmb,2040,806.22
zmb,2045,950.77
zmb,2050,1103.54
zmb,2055,1247.96
zmb,2060,1372.12
zmb,2065,1480.68
zmb,2070,1589.19
zmb,2075,1682.14
zmb,2080,1745
zmb,2085,1771.42
zmb,2090,1803.34
zmb,2095,1803.63
zmb,2100,1803.31
zwe,2010,883.92
zwe,2015,914.47
zwe,2020,923.01
zwe,2025,940.04
zwe,2030,988.97
zwe,2035,971.37
zwe,2040,939.36
zwe,2045,888.18
zwe,2050,830.74
zwe,2055,789.2
zwe,2060,746.22
zwe,2065,704.84
zwe,2070,660.5
zwe,2075,613.96
zwe,2080,581.27
zwe,2085,549.73
zwe,2090,527.89
zwe,2095,494.33
zwe,2100,467.61
