country,year,prj_pop_1519_3_ma
abw,2010,0.6
abw,2015,0.67
abw,2020,0.62
abw,2025,0.65
abw,2030,0.69
abw,2035,0.79
abw,2040,0.88
abw,2045,0.93
abw,2050,0.93
abw,2055,0.93
abw,2060,0.95
abw,2065,0.98
abw,2070,1.02
abw,2075,1.03
abw,2080,1.01
abw,2085,0.98
abw,2090,0.94
abw,2095,0.92
abw,2100,0.9
alb,2010,12.54
alb,2015,12.14
alb,2020,11.54
alb,2025,10.6
alb,2030,10.46
alb,2035,11.69
alb,2040,12.58
alb,2045,13.17
alb,2050,13.41
alb,2055,13.67
alb,2060,14.37
alb,2065,14.8
alb,2070,15.21
alb,2075,15.33
alb,2080,15.21
alb,2085,15.08
alb,2090,15.12
alb,2095,15.3
alb,2100,15.43
are,2010,64.14
are,2015,133.91
are,2020,136.22
are,2025,166.17
are,2030,195.32
are,2035,215.28
are,2040,226.09
are,2045,237.55
are,2050,253.16
are,2055,273.83
are,2060,289.34
are,2065,293.58
are,2070,293.88
are,2075,290.35
are,2080,287.19
are,2085,281.06
are,2090,271.86
are,2095,261.06
are,2100,249.85
arg,2010,198.3
arg,2015,213.34
arg,2020,227.82
arg,2025,257.12
arg,2030,279.68
arg,2035,301.64
arg,2040,319.69
arg,2045,338.02
arg,2050,356.81
arg,2055,378
arg,2060,389.94
arg,2065,391.12
arg,2070,387.64
arg,2075,382.37
arg,2080,381.28
arg,2085,374.61
arg,2090,367.06
arg,2095,355.61
arg,2100,351.95
arm,2010,74.21
arm,2015,46.25
arm,2020,50.91
arm,2025,55.76
arm,2030,49.48
arm,2035,47.47
arm,2040,44.64
arm,2045,44.08
arm,2050,44.35
arm,2055,44.05
arm,2060,43.4
arm,2065,41.79
arm,2070,40.63
arm,2075,40.14
arm,2080,39.84
arm,2085,39.38
arm,2090,38.67
arm,2095,37.82
arm,2100,37.03
aus,2010,431.65
aus,2015,441.16
aus,2020,453.65
aus,2025,518.5
aus,2030,559.82
aus,2035,616.18
aus,2040,657.3
aus,2045,679.72
aus,2050,700.58
aus,2055,735.02
aus,2060,777.58
aus,2065,807.48
aus,2070,829.25
aus,2075,840.94
aus,2080,844.1
aus,2085,843.22
aus,2090,841.35
aus,2095,837.15
aus,2100,828.27
aut,2010,40.13
aut,2015,38.97
aut,2020,39.59
aut,2025,40.57
aut,2030,43.43
aut,2035,46.71
aut,2040,49.23
aut,2045,50.57
aut,2050,51.1
aut,2055,52.39
aut,2060,54.61
aut,2065,56.34
aut,2070,57.38
aut,2075,57.28
aut,2080,56.5
aut,2085,55.42
aut,2090,54.52
aut,2095,53.83
aut,2100,52.97
aze,2010,180.23
aze,2015,116.71
aze,2020,120.13
aze,2025,173.65
aze,2030,219.15
aze,2035,195.66
aze,2040,159.35
aze,2045,139.01
aze,2050,147.87
aze,2055,168.42
aze,2060,174.4
aze,2065,161.07
aze,2070,147.39
aze,2075,144.04
aze,2080,149.55
aze,2085,154.46
aze,2090,152.8
aze,2095,146.71
aze,2100,142.08
bdi,2010,1.41
bdi,2015,1.54
bdi,2020,1.7
bdi,2025,2.05
bdi,2030,2.58
bdi,2035,3.05
bdi,2040,3.38
bdi,2045,3.75
bdi,2050,4.3
bdi,2055,5.06
bdi,2060,5.91
bdi,2065,6.59
bdi,2070,7.19
bdi,2075,7.68
bdi,2080,8.27
bdi,2085,9.02
bdi,2090,9.64
bdi,2095,10.12
bdi,2100,10.39
bel,2010,105.14
bel,2015,108.35
bel,2020,117.92
bel,2025,128.83
bel,2030,133.68
bel,2035,140.29
bel,2040,146.66
bel,2045,152.19
bel,2050,157.13
bel,2055,163.04
bel,2060,168.45
bel,2065,171.58
bel,2070,173.9
bel,2075,175.67
bel,2080,176.73
bel,2085,176.8
bel,2090,175.93
bel,2095,174.17
bel,2100,171.76
ben,2010,7.3
ben,2015,8.97
ben,2020,11.15
ben,2025,14.25
ben,2030,17.29
ben,2035,21.19
ben,2040,25.69
ben,2045,30.62
ben,2050,36.79
ben,2055,44.5
ben,2060,53.72
ben,2065,60.48
ben,2070,66.86
ben,2075,74.23
ben,2080,82.19
ben,2085,89.67
ben,2090,98.2
ben,2095,104.62
ben,2100,109.87
bfa,2010,8.3
bfa,2015,9.92
bfa,2020,12.2
bfa,2025,15.23
bfa,2030,18.67
bfa,2035,22.91
bfa,2040,28.24
bfa,2045,34.55
bfa,2050,41.88
bfa,2055,50.32
bfa,2060,59.68
bfa,2065,68.35
bfa,2070,76.99
bfa,2075,85.39
bfa,2080,93.26
bfa,2085,102.64
bfa,2090,111.16
bfa,2095,120.63
bfa,2100,129.51
bgd,2010,988.79
bgd,2015,735.54
bgd,2020,795.66
bgd,2025,808.61
bgd,2030,908.59
bgd,2035,1008.62
bgd,2040,1099.35
bgd,2045,1167.23
bgd,2050,1235.29
bgd,2055,1315.34
bgd,2060,1391.54
bgd,2065,1413.57
bgd,2070,1421.52
bgd,2075,1412.58
bgd,2080,1398
bgd,2085,1410.66
bgd,2090,1414.59
bgd,2095,1407.49
bgd,2100,1391.19
bgr,2010,51.57
bgr,2015,43.29
bgr,2020,46.44
bgr,2025,54.82
bgr,2030,51.46
bgr,2035,50.55
bgr,2040,48.95
bgr,2045,48.42
bgr,2050,49.84
bgr,2055,51.55
bgr,2060,51.78
bgr,2065,50.1
bgr,2070,48.49
bgr,2075,47.71
bgr,2080,47.6
bgr,2085,47.52
bgr,2090,46.87
bgr,2095,45.68
bgr,2100,44.46
bhr,2010,10.59
bhr,2015,17.04
bhr,2020,17.65
bhr,2025,23.41
bhr,2030,29.13
bhr,2035,30.18
bhr,2040,30.53
bhr,2045,31.68
bhr,2050,33.87
bhr,2055,37.33
bhr,2060,40.09
bhr,2065,40.57
bhr,2070,39.9
bhr,2075,38.91
bhr,2080,39.01
bhr,2085,39.45
bhr,2090,38.83
bhr,2095,36.97
bhr,2100,34.74
bhs,2010,1.03
bhs,2015,1
bhs,2020,0.93
bhs,2025,1.11
bhs,2030,1.23
bhs,2035,1.37
bhs,2040,1.52
bhs,2045,1.67
bhs,2050,1.8
bhs,2055,1.95
bhs,2060,2.12
bhs,2065,2.26
bhs,2070,2.38
bhs,2075,2.47
bhs,2080,2.51
bhs,2085,2.52
bhs,2090,2.52
bhs,2095,2.58
bhs,2100,2.61
bih,2010,29.06
bih,2015,28.66
bih,2020,24.2
bih,2025,22.79
bih,2030,25.53
bih,2035,25.82
bih,2040,25.51
bih,2045,25.06
bih,2050,24.59
bih,2055,24.9
bih,2060,26.09
bih,2065,26.43
bih,2070,26.2
bih,2075,25.67
bih,2080,25.15
bih,2085,24.88
bih,2090,24.8
bih,2095,24.65
bih,2100,24.25
blr,2010,112.66
blr,2015,90.05
blr,2020,90.44
blr,2025,106.87
blr,2030,117.57
blr,2035,111.84
blr,2040,103.11
blr,2045,96.35
blr,2050,97.61
blr,2055,105.82
blr,2060,112.25
blr,2065,110.3
blr,2070,104.34
blr,2075,99.24
blr,2080,98.06
blr,2085,99.28
blr,2090,99.71
blr,2095,97.5
blr,2100,93.54
blz,2010,0.89
blz,2015,1
blz,2020,1.12
blz,2025,1.26
blz,2030,1.47
blz,2035,1.67
blz,2040,1.83
blz,2045,2
blz,2050,2.15
blz,2055,2.32
blz,2060,2.52
blz,2065,2.63
blz,2070,2.73
blz,2075,2.8
blz,2080,2.83
blz,2085,2.85
blz,2090,2.9
blz,2095,2.89
blz,2100,2.87
bol,2010,56.54
bol,2015,176.46
bol,2020,194.78
bol,2025,203.31
bol,2030,207.55
bol,2035,217.11
bol,2040,226.6
bol,2045,231.19
bol,2050,232.89
bol,2055,232.99
bol,2060,232.43
bol,2065,234.27
bol,2070,232.04
bol,2075,230.49
bol,2080,225.06
bol,2085,222.43
bol,2090,218.08
bol,2095,212.67
bol,2100,208.99
bra,2010,1201.94
bra,2015,1418.76
bra,2020,1536.96
bra,2025,1474.9
bra,2030,1577.5
bra,2035,1708.03
bra,2040,1814.27
bra,2045,1876.72
bra,2050,1940.35
bra,2055,2015.86
bra,2060,2089.71
bra,2065,2092.47
bra,2070,2067.46
bra,2075,2079.91
bra,2080,2081.9
bra,2085,2072.52
bra,2090,2054.23
bra,2095,2034.11
bra,2100,2013.78
btn,2010,2.76
btn,2015,2.25
btn,2020,2.54
btn,2025,2.81
btn,2030,3.27
btn,2035,3.66
btn,2040,3.97
btn,2045,4.25
btn,2050,4.51
btn,2055,4.92
btn,2060,5.4
btn,2065,5.74
btn,2070,5.97
btn,2075,6.08
btn,2080,6.27
btn,2085,6.55
btn,2090,6.74
btn,2095,6.77
btn,2100,6.75
caf,2010,0.04
caf,2015,0.08
caf,2020,0.14
caf,2025,0.23
caf,2030,0.35
caf,2035,0.51
caf,2040,0.69
caf,2045,0.92
caf,2050,1.19
caf,2055,1.51
caf,2060,1.85
caf,2065,2.05
caf,2070,2.28
caf,2075,2.49
caf,2080,2.69
caf,2085,2.91
caf,2090,3.08
caf,2095,3.26
caf,2100,3.39
can,2010,751.88
can,2015,691.94
can,2020,668.92
can,2025,743.89
can,2030,761.79
can,2035,827.18
can,2040,874.98
can,2045,893.14
can,2050,899.58
can,2055,926.25
can,2060,969.08
can,2065,1011.8
can,2070,1041.58
can,2075,1050.29
can,2080,1046.59
can,2085,1037.9
can,2090,1031.29
can,2095,1025.56
can,2100,1014.6
che,2010,20.88
che,2015,21.66
che,2020,21.41
che,2025,23.44
che,2030,25.48
che,2035,28.21
che,2040,31.29
che,2045,34.15
che,2050,36.22
che,2055,38.43
che,2060,41.56
che,2065,43.87
che,2070,45.95
che,2075,47.46
che,2080,48.22
che,2085,48.29
che,2090,48.17
che,2095,48.19
che,2100,48.26
chl,2010,241.66
chl,2015,234.03
chl,2020,234.37
chl,2025,248.03
chl,2030,259.08
chl,2035,272.49
chl,2040,282.19
chl,2045,285.86
chl,2050,286.73
chl,2055,286.96
chl,2060,288.92
chl,2065,281.84
chl,2070,282.29
chl,2075,279.92
chl,2080,275.18
chl,2085,268.97
chl,2090,262.58
chl,2095,256.4
chl,2100,250.31
chn,2010,20348.27
chn,2015,20479.4
chn,2020,20035.42
chn,2025,21041.56
chn,2030,20042.47
chn,2035,19972.17
chn,2040,19442.29
chn,2045,18808.93
chn,2050,18147.3
chn,2055,17387.41
chn,2060,16639.22
chn,2065,15834.89
chn,2070,15054.78
chn,2075,14315.25
chn,2080,13576.49
chn,2085,12915.89
chn,2090,12292.61
chn,2095,11713.99
chn,2100,11176.6
civ,2010,14.31
civ,2015,16.73
civ,2020,19.52
civ,2025,21.78
civ,2030,23.27
civ,2035,24.3
civ,2040,24.85
civ,2045,25.73
civ,2050,26.48
civ,2055,26.67
civ,2060,26.33
civ,2065,27.16
civ,2070,27.72
civ,2075,28.59
civ,2080,29.39
civ,2085,29.7
civ,2090,30.15
civ,2095,30.29
civ,2100,30.29
cmr,2010,29.04
cmr,2015,32.7
cmr,2020,39.8
cmr,2025,47.79
cmr,2030,52.91
cmr,2035,57.01
cmr,2040,60.9
cmr,2045,66.83
cmr,2050,73.64
cmr,2055,79.48
cmr,2060,84
cmr,2065,89.31
cmr,2070,95.49
cmr,2075,100.4
cmr,2080,105.74
cmr,2085,112.15
cmr,2090,118.52
cmr,2095,122.17
cmr,2100,125.1
cod,2010,37.4
cod,2015,48.61
cod,2020,63.43
cod,2025,79.47
cod,2030,101.81
cod,2035,129.57
cod,2040,161.23
cod,2045,193.35
cod,2050,228.24
cod,2055,266.75
cod,2060,317.44
cod,2065,358.88
cod,2070,394.52
cod,2075,424.94
cod,2080,466.04
cod,2085,507.27
cod,2090,553.08
cod,2095,596.26
cod,2100,637.17
cog,2010,1.08
cog,2015,1.44
cog,2020,1.8
cog,2025,2.21
cog,2030,2.5
cog,2035,2.81
cog,2040,3.13
cog,2045,3.56
cog,2050,4.05
cog,2055,4.51
cog,2060,4.93
cog,2065,5.4
cog,2070,5.91
cog,2075,6.37
cog,2080,6.85
cog,2085,7.39
cog,2090,7.93
cog,2095,8.33
cog,2100,8.68
col,2010,528.79
col,2015,587.71
col,2020,645.19
col,2025,713.11
col,2030,753.55
col,2035,811.47
col,2040,858.99
col,2045,899.09
col,2050,929.37
col,2055,965.96
col,2060,998.36
col,2065,995.99
col,2070,986.4
col,2075,983.52
col,2080,955.09
col,2085,934.01
col,2090,909.12
col,2095,875.41
col,2100,840.63
com,2010,0.13
com,2015,0.18
com,2020,0.24
com,2025,0.29
com,2030,0.31
com,2035,0.31
com,2040,0.32
com,2045,0.34
com,2050,0.37
com,2055,0.39
com,2060,0.39
com,2065,0.39
com,2070,0.4
com,2075,0.42
com,2080,0.43
com,2085,0.44
com,2090,0.44
com,2095,0.44
com,2100,0.44
cpv,2010,4.36
cpv,2015,4.2
cpv,2020,4.46
cpv,2025,4.92
cpv,2030,5.57
cpv,2035,6.09
cpv,2040,6.55
cpv,2045,6.95
cpv,2050,7.27
cpv,2055,7.72
cpv,2060,8.18
cpv,2065,8.4
cpv,2070,8.47
cpv,2075,8.36
cpv,2080,8.27
cpv,2085,8.34
cpv,2090,8.28
cpv,2095,8.16
cpv,2100,7.91
cri,2010,25.98
cri,2015,27.11
cri,2020,28.28
cri,2025,28.94
cri,2030,31.6
cri,2035,34.16
cri,2040,36.64
cri,2045,38.98
cri,2050,41.03
cri,2055,43.79
cri,2060,46.15
cri,2065,47.79
cri,2070,48.94
cri,2075,49.47
cri,2080,49.19
cri,2085,48.53
cri,2090,47.69
cri,2095,47.59
cri,2100,47.05
cub,2010,57.59
cub,2015,56.59
cub,2020,58.02
cub,2025,53.22
cub,2030,53.19
cub,2035,55.06
cub,2040,55.16
cub,2045,54.79
cub,2050,53.12
cub,2055,51.83
cub,2060,50.9
cub,2065,48.61
cub,2070,46.72
cub,2075,44.53
cub,2080,42.32
cub,2085,40.42
cub,2090,38.82
cub,2095,37.42
cub,2100,36.08
cyp,2010,25.96
cyp,2015,22.93
cyp,2020,21.73
cyp,2025,23.57
cyp,2030,22.89
cyp,2035,25.04
cyp,2040,25.92
cyp,2045,25.91
cyp,2050,25.36
cyp,2055,25.03
cyp,2060,25.27
cyp,2065,25.71
cyp,2070,26
cyp,2075,25.76
cyp,2080,25.09
cyp,2085,24.24
cyp,2090,23.49
cyp,2095,22.9
cyp,2100,22.3
cze,2010,148.45
cze,2015,113.26
cze,2020,113.76
cze,2025,140.43
cze,2030,145.99
cze,2035,145.91
cze,2040,143.22
cze,2045,139.83
cze,2050,136.99
cze,2055,142.78
cze,2060,153.1
cze,2065,158.59
cze,2070,158.41
cze,2075,155.32
cze,2080,152.6
cze,2085,152.16
cze,2090,154.06
cze,2095,155.6
cze,2100,154.25
deu,2010,123.95
deu,2015,132.91
deu,2020,127.65
deu,2025,131.98
deu,2030,136.39
deu,2035,148.13
deu,2040,157
deu,2045,162.87
deu,2050,166.09
deu,2055,169.06
deu,2060,174.46
deu,2065,177.37
deu,2070,179.91
deu,2075,180.18
deu,2080,178
deu,2085,174.15
deu,2090,170.25
deu,2095,167.14
deu,2100,164.36
dnk,2010,6.38
dnk,2015,8.7
dnk,2020,9.19
dnk,2025,10.15
dnk,2030,10
dnk,2035,11.63
dnk,2040,13.7
dnk,2045,15.66
dnk,2050,16.91
dnk,2055,17.59
dnk,2060,18.31
dnk,2065,18.89
dnk,2070,20.01
dnk,2075,21.09
dnk,2080,21.65
dnk,2085,21.61
dnk,2090,21.36
dnk,2095,21.31
dnk,2100,21.59
dom,2010,154.22
dom,2015,104.98
dom,2020,121.53
dom,2025,135.71
dom,2030,144.42
dom,2035,154.11
dom,2040,164.6
dom,2045,175.15
dom,2050,182.54
dom,2055,186.34
dom,2060,191.55
dom,2065,192.41
dom,2070,188.2
dom,2075,184.16
dom,2080,177.69
dom,2085,173.86
dom,2090,168.01
dom,2095,161.12
dom,2100,154.06
dza,2010,596.03
dza,2015,550.84
dza,2020,631.7
dza,2025,743.46
dza,2030,816.42
dza,2035,860.97
dza,2040,857.27
dza,2045,826.85
dza,2050,831.01
dza,2055,867.14
dza,2060,905.81
dza,2065,890.09
dza,2070,847.76
dza,2075,803.51
dza,2080,778.93
dza,2085,760.73
dza,2090,748.6
dza,2095,721.42
dza,2100,684.01
ecu,2010,109.99
ecu,2015,126.84
ecu,2020,139.87
ecu,2025,151.2
ecu,2030,159.77
ecu,2035,168.67
ecu,2040,177.88
ecu,2045,182.87
ecu,2050,186.58
ecu,2055,189.62
ecu,2060,189.12
ecu,2065,187.16
ecu,2070,182.93
ecu,2075,178.58
ecu,2080,175.1
ecu,2085,172.24
ecu,2090,167.84
ecu,2095,162.01
ecu,2100,154.79
egy,2010,1414.78
egy,2015,1559.88
egy,2020,1750.48
egy,2025,1966.51
egy,2030,2165.87
egy,2035,2287.34
egy,2040,2369.88
egy,2045,2453.61
egy,2050,2559.14
egy,2055,2650.02
egy,2060,2709.86
egy,2065,2682.03
egy,2070,2686.34
egy,2075,2696.44
egy,2080,2673.37
egy,2085,2613.11
egy,2090,2534.75
egy,2095,2486.39
egy,2100,2411.47
esp,2010,260.81
esp,2015,278.02
esp,2020,333.18
esp,2025,399.53
esp,2030,370.82
esp,2035,371.72
esp,2040,368.83
esp,2045,383.5
esp,2050,419.68
esp,2055,458.29
esp,2060,477.91
esp,2065,475.44
esp,2070,467.64
esp,2075,465.16
esp,2080,474.2
esp,2085,484.56
esp,2090,485.44
esp,2095,474.22
esp,2100,457.35
est,2010,6.15
est,2015,5.25
est,2020,5.85
est,2025,7.38
est,2030,7.14
est,2035,7.31
est,2040,7.11
est,2045,6.77
est,2050,6.87
est,2055,7.41
est,2060,7.83
est,2065,7.79
est,2070,7.53
est,2075,7.24
est,2080,7.12
est,2085,7.2
est,2090,7.32
est,2095,7.31
est,2100,7.12
eth,2010,84.09
eth,2015,101.37
eth,2020,116.82
eth,2025,130.59
eth,2030,162.55
eth,2035,202.45
eth,2040,245.67
eth,2045,287.3
eth,2050,331.31
eth,2055,385.02
eth,2060,450.89
eth,2065,496.11
eth,2070,545.2
eth,2075,588.66
eth,2080,621.7
eth,2085,661.95
eth,2090,697.55
eth,2095,726.33
eth,2100,754.79
fin,2010,17.15
fin,2015,16.94
fin,2020,16.97
fin,2025,18.43
fin,2030,19.25
fin,2035,20.96
fin,2040,22.47
fin,2045,23.61
fin,2050,24.38
fin,2055,25.37
fin,2060,26.82
fin,2065,27.9
fin,2070,28.84
fin,2075,29.43
fin,2080,29.69
fin,2085,29.84
fin,2090,30.09
fin,2095,30.47
fin,2100,30.79
fra,2010,858.93
fra,2015,919.87
fra,2020,1012.34
fra,2025,1111.66
fra,2030,1163.33
fra,2035,1214.52
fra,2040,1257.55
fra,2045,1300.48
fra,2050,1350.07
fra,2055,1394.98
fra,2060,1423.99
fra,2065,1433.45
fra,2070,1441.54
fra,2075,1455.32
fra,2080,1468.77
fra,2085,1476.72
fra,2090,1473.54
fra,2095,1459.41
fra,2100,1440.74
gab,2010,0.94
gab,2015,1.07
gab,2020,1.21
gab,2025,1.41
gab,2030,1.55
gab,2035,1.77
gab,2040,1.98
gab,2045,2.18
gab,2050,2.4
gab,2055,2.67
gab,2060,2.96
gab,2065,3.16
gab,2070,3.39
gab,2075,3.63
gab,2080,3.81
gab,2085,3.96
gab,2090,4.1
gab,2095,4.28
gab,2100,4.38
gbr,2010,333.54
gbr,2015,323.25
gbr,2020,332.83
gbr,2025,390.07
gbr,2030,436.03
gbr,2035,468.52
gbr,2040,496.45
gbr,2045,519.64
gbr,2050,542.99
gbr,2055,575.42
gbr,2060,615.71
gbr,2065,638.94
gbr,2070,654.64
gbr,2075,666.45
gbr,2080,674.5
gbr,2085,681.47
gbr,2090,688.73
gbr,2095,693.56
gbr,2100,693.16
geo,2010,67.39
geo,2015,49.25
geo,2020,48.73
geo,2025,53.34
geo,2030,54.96
geo,2035,49.88
geo,2040,43.64
geo,2045,39.01
geo,2050,37.2
geo,2055,36.34
geo,2060,35.01
geo,2065,32.61
geo,2070,29.78
geo,2075,27.69
geo,2080,26.55
geo,2085,25.93
geo,2090,25.22
geo,2095,24.21
geo,2100,23.16
gha,2010,82.89
gha,2015,52.8
gha,2020,64.87
gha,2025,80.46
gha,2030,95.39
gha,2035,112.8
gha,2040,132.89
gha,2045,157.05
gha,2050,186.48
gha,2055,219.85
gha,2060,255.18
gha,2065,278.07
gha,2070,298.42
gha,2075,324.85
gha,2080,351.66
gha,2085,376.62
gha,2090,402.8
gha,2095,419.84
gha,2100,439.57
gin,2010,3.32
gin,2015,3.87
gin,2020,4.71
gin,2025,5.72
gin,2030,6.43
gin,2035,7.03
gin,2040,7.69
gin,2045,8.4
gin,2050,9.26
gin,2055,10.12
gin,2060,10.97
gin,2065,11.52
gin,2070,11.96
gin,2075,12.55
gin,2080,13.22
gin,2085,13.83
gin,2090,14.5
gin,2095,14.87
gin,2100,15.35
gmb,2010,14.37
gmb,2015,14.09
gmb,2020,17.63
gmb,2025,21.29
gmb,2030,24.61
gmb,2035,27.26
gmb,2040,29.72
gmb,2045,32.28
gmb,2050,35.73
gmb,2055,39.51
gmb,2060,42.34
gmb,2065,44.26
gmb,2070,46.3
gmb,2075,48.91
gmb,2080,51.28
gmb,2085,53.45
gmb,2090,54.39
gmb,2095,55.52
gmb,2100,56.12
gnb,2010,2.13
gnb,2015,2.35
gnb,2020,2.8
gnb,2025,3.38
gnb,2030,3.95
gnb,2035,4.54
gnb,2040,5.18
gnb,2045,5.92
gnb,2050,6.95
gnb,2055,8.11
gnb,2060,9.34
gnb,2065,10.08
gnb,2070,10.88
gnb,2075,11.79
gnb,2080,12.66
gnb,2085,13.5
gnb,2090,14.37
gnb,2095,15.01
gnb,2100,15.71
gnq,2010,2.62
gnq,2015,3.65
gnq,2020,4.65
gnq,2025,6.14
gnq,2030,7.55
gnq,2035,9.2
gnq,2040,10.76
gnq,2045,12.4
gnq,2050,14.39
gnq,2055,16.35
gnq,2060,18.43
gnq,2065,19.44
gnq,2070,20.33
gnq,2075,21.03
gnq,2080,21.76
gnq,2085,22.19
gnq,2090,22.71
gnq,2095,23.07
gnq,2100,22.89
grc,2010,112.59
grc,2015,115.62
grc,2020,122.2
grc,2025,142.11
grc,2030,135.78
grc,2035,134.63
grc,2040,134.18
grc,2045,138.36
grc,2050,145.51
grc,2055,151.86
grc,2060,154.53
grc,2065,150.3
grc,2070,146.34
grc,2075,144.72
grc,2080,144.59
grc,2085,143.72
grc,2090,140.52
grc,2095,135.21
grc,2100,129.45
gtm,2010,38.93
gtm,2015,48.22
gtm,2020,59.47
gtm,2025,70.65
gtm,2030,79.17
gtm,2035,87.91
gtm,2040,99.75
gtm,2045,112.92
gtm,2050,125.3
gtm,2055,136.03
gtm,2060,149.72
gtm,2065,158.72
gtm,2070,168.03
gtm,2075,175.33
gtm,2080,184.38
gtm,2085,193.03
gtm,2090,196.83
gtm,2095,200.95
gtm,2100,202.08
guy,2010,7.55
guy,2015,9.6
guy,2020,9.21
guy,2025,6.65
guy,2030,6.69
guy,2035,6.92
guy,2040,7.17
guy,2045,7.06
guy,2050,6.71
guy,2055,6.31
guy,2060,6.01
guy,2065,5.91
guy,2070,5.76
guy,2075,5.54
guy,2080,5.25
guy,2085,5.01
guy,2090,4.84
guy,2095,4.85
guy,2100,4.83
hkg,2010,83.48
hkg,2015,74.96
hkg,2020,51.63
hkg,2025,57.07
hkg,2030,86.62
hkg,2035,87.74
hkg,2040,88.95
hkg,2045,87.31
hkg,2050,83.39
hkg,2055,84.29
hkg,2060,94.16
hkg,2065,104.84
hkg,2070,108.19
hkg,2075,105.94
hkg,2080,101.82
hkg,2085,97.49
hkg,2090,95.33
hkg,2095,95.33
hkg,2100,94.56
hnd,2010,16.35
hnd,2015,19.37
hnd,2020,22.26
hnd,2025,25.99
hnd,2030,29.24
hnd,2035,32.96
hnd,2040,36.93
hnd,2045,40.64
hnd,2050,45.01
hnd,2055,49.45
hnd,2060,53.12
hnd,2065,55.04
hnd,2070,57.5
hnd,2075,59.69
hnd,2080,60.53
hnd,2085,60.93
hnd,2090,61.08
hnd,2095,61.91
hnd,2100,61.68
hrv,2010,61.24
hrv,2015,55.22
hrv,2020,48.68
hrv,2025,50.14
hrv,2030,48.95
hrv,2035,48.65
hrv,2040,47.74
hrv,2045,46.73
hrv,2050,46.09
hrv,2055,46.19
hrv,2060,46.84
hrv,2065,46.86
hrv,2070,46.43
hrv,2075,45.7
hrv,2080,44.98
hrv,2085,44.32
hrv,2090,43.68
hrv,2095,42.88
hrv,2100,41.88
hti,2010,9.2
hti,2015,10.26
hti,2020,11.78
hti,2025,13.56
hti,2030,14.8
hti,2035,16.46
hti,2040,18.1
hti,2045,19.69
hti,2050,21.2
hti,2055,23.11
hti,2060,24.91
hti,2065,26
hti,2070,27.14
hti,2075,27.87
hti,2080,28.76
hti,2085,29.26
hti,2090,30.13
hti,2095,30.67
hti,2100,31
hun,2010,86.81
hun,2015,76.62
hun,2020,79.1
hun,2025,86.96
hun,2030,81.66
hun,2035,86.16
hun,2040,90.19
hun,2045,93.89
hun,2050,96.17
hun,2055,99.58
hun,2060,103.59
hun,2065,103.67
hun,2070,103.93
hun,2075,103.96
hun,2080,103.37
hun,2085,102.11
hun,2090,100.62
hun,2095,99.04
hun,2100,97.4
idn,2010,1508.62
idn,2015,1705.28
idn,2020,2007.26
idn,2025,2197.47
idn,2030,2366.92
idn,2035,2526
idn,2040,2670.29
idn,2045,2795.1
idn,2050,2934.28
idn,2055,3044.33
idn,2060,3094.49
idn,2065,3052.52
idn,2070,3102.91
idn,2075,3127.3
idn,2080,3125.05
idn,2085,3098.54
idn,2090,3058.69
idn,2095,3018.15
idn,2100,2980.18
ind,2010,22137.89
ind,2015,24040.73
ind,2020,26145.34
ind,2025,28700.6
ind,2030,30720.81
ind,2035,32368.54
ind,2040,33492.83
ind,2045,34502.71
ind,2050,35933.33
ind,2055,36848.79
ind,2060,37302.43
ind,2065,36697.14
ind,2070,36181.23
ind,2075,35154.74
ind,2080,34332.75
ind,2085,33888.28
ind,2090,33025.62
ind,2095,31767.75
ind,2100,30161.6
irl,2010,41.63
irl,2015,45.84
irl,2020,50.67
irl,2025,62.71
irl,2030,61.34
irl,2035,62.19
irl,2040,62.28
irl,2045,63.76
irl,2050,66.75
irl,2055,69.93
irl,2060,71.97
irl,2065,71.83
irl,2070,71.06
irl,2075,70.91
irl,2080,71.35
irl,2085,71.89
irl,2090,71.96
irl,2095,71.16
irl,2100,69.68
irn,2010,811.83
irn,2015,678.72
irn,2020,717.97
irn,2025,878.85
irn,2030,1078.38
irn,2035,1078.77
irn,2040,993.92
irn,2045,921.64
irn,2050,924.34
irn,2055,975.81
irn,2060,1001.55
irn,2065,958.52
irn,2070,892.66
irn,2075,851.69
irn,2080,837.33
irn,2085,834.27
irn,2090,817.92
irn,2095,782.51
irn,2100,742.26
irq,2010,197.83
irq,2015,253.99
irq,2020,317.18
irq,2025,387.37
irq,2030,425.99
irq,2035,463.61
irq,2040,508.39
irq,2045,560.88
irq,2050,605.53
irq,2055,641.96
irq,2060,657.58
irq,2065,654.87
irq,2070,661.92
irq,2075,670.76
irq,2080,668.51
irq,2085,667.74
irq,2090,650.35
irq,2095,634.31
irq,2100,612.81
isl,2010,2.12
isl,2015,2.06
isl,2020,2.14
isl,2025,2.52
isl,2030,2.64
isl,2035,2.89
isl,2040,3.07
isl,2045,3.18
isl,2050,3.29
isl,2055,3.46
isl,2060,3.65
isl,2065,3.82
isl,2070,3.95
isl,2075,4.03
isl,2080,4.09
isl,2085,4.14
isl,2090,4.21
isl,2095,4.26
isl,2100,4.29
isr,2010,127.76
isr,2015,152.92
isr,2020,173.8
isr,2025,202.74
isr,2030,238.94
isr,2035,262.95
isr,2040,285.77
isr,2045,307.12
isr,2050,329.7
isr,2055,353.51
isr,2060,373.55
isr,2065,390.54
isr,2070,403.96
isr,2075,416.85
isr,2080,429.04
isr,2085,439.88
isr,2090,447.63
isr,2095,451.19
isr,2100,451.95
ita,2010,243.95
ita,2015,259.93
ita,2020,279.93
ita,2025,326.93
ita,2030,309.25
ita,2035,322.61
ita,2040,343.13
ita,2045,371.24
ita,2050,399.02
ita,2055,421.52
ita,2060,438.51
ita,2065,440.92
ita,2070,446.05
ita,2075,455.89
ita,2080,465.83
ita,2085,470.22
ita,2090,467.09
ita,2095,458.76
ita,2100,449.75
jam,2010,8.35
jam,2015,10.08
jam,2020,9.25
jam,2025,10.03
jam,2030,10.63
jam,2035,11.46
jam,2040,12.08
jam,2045,12.16
jam,2050,12.29
jam,2055,12.51
jam,2060,12.85
jam,2065,12.61
jam,2070,12.16
jam,2075,11.8
jam,2080,11.26
jam,2085,10.97
jam,2090,10.69
jam,2095,10.3
jam,2100,9.9
jor,2010,74.71
jor,2015,89.46
jor,2020,102.55
jor,2025,117.1
jor,2030,119.66
jor,2035,136.39
jor,2040,150.39
jor,2045,159.55
jor,2050,166.84
jor,2055,172.78
jor,2060,177.15
jor,2065,181.12
jor,2070,183.14
jor,2075,183.91
jor,2080,182.7
jor,2085,178.05
jor,2090,172.76
jor,2095,169.69
jor,2100,164.31
jpn,2010,814.61
jpn,2015,826.75
jpn,2020,823.24
jpn,2025,820.19
jpn,2030,795.41
jpn,2035,738.49
jpn,2040,693.79
jpn,2045,666.79
jpn,2050,646.84
jpn,2055,624.24
jpn,2060,596.09
jpn,2065,564.44
jpn,2070,532.79
jpn,2075,508.96
jpn,2080,491.6
jpn,2085,475.9
jpn,2090,457.84
jpn,2095,436.22
jpn,2100,413.1
kaz,2010,306.28
kaz,2015,250.02
kaz,2020,277.27
kaz,2025,392.76
kaz,2030,386.99
kaz,2035,372.98
kaz,2040,355.34
kaz,2045,344.98
kaz,2050,360.25
kaz,2055,382.81
kaz,2060,389.4
kaz,2065,371.58
kaz,2070,351.89
kaz,2075,343.88
kaz,2080,341.29
kaz,2085,335.94
kaz,2090,323.66
kaz,2095,305.6
kaz,2100,293.71
ken,2010,69.41
ken,2015,87.18
ken,2020,115.28
ken,2025,148.03
ken,2030,175.11
ken,2035,204.7
ken,2040,237.85
ken,2045,277.5
ken,2050,326.13
ken,2055,375.48
ken,2060,426.85
ken,2065,462.08
ken,2070,492.72
ken,2075,532.36
ken,2080,574.26
ken,2085,607.37
ken,2090,640.15
ken,2095,662.43
ken,2100,678.25
kgz,2010,116.57
kgz,2015,102.12
kgz,2020,95.23
kgz,2025,116.47
kgz,2030,118.33
kgz,2035,113.56
kgz,2040,106.29
kgz,2045,102.19
kgz,2050,103.3
kgz,2055,103.47
kgz,2060,100.2
kgz,2065,95.47
kgz,2070,90.46
kgz,2075,86.97
kgz,2080,84.92
kgz,2085,83.29
kgz,2090,79.78
kgz,2095,76.14
kgz,2100,72.86
khm,2010,25.95
khm,2015,52.92
khm,2020,53.26
khm,2025,58.46
khm,2030,66.53
khm,2035,73.36
khm,2040,76.71
khm,2045,79.01
khm,2050,82.31
khm,2055,87.24
khm,2060,94.74
khm,2065,100.4
khm,2070,103
khm,2075,105
khm,2080,107.24
khm,2085,112.29
khm,2090,116.41
khm,2095,117.56
khm,2100,118.03
kor,2010,477.16
kor,2015,447.1
kor,2020,342.35
kor,2025,350.24
kor,2030,335.15
kor,2035,325.68
kor,2040,317.56
kor,2045,304.59
kor,2050,282.33
kor,2055,256.26
kor,2060,238.84
kor,2065,227.6
kor,2070,219.87
kor,2075,212.03
kor,2080,201.92
kor,2085,190
kor,2090,178.48
kor,2095,169.03
kor,2100,161.8
kwt,2010,14.85
kwt,2015,17.75
kwt,2020,23.2
kwt,2025,28.6
kwt,2030,26.7
kwt,2035,29.21
kwt,2040,32.32
kwt,2045,36.73
kwt,2050,41.53
kwt,2055,45.43
kwt,2060,47.98
kwt,2065,48.07
kwt,2070,48.76
kwt,2075,50.29
kwt,2080,51.79
kwt,2085,51.94
kwt,2090,50.84
kwt,2095,49.03
kwt,2100,47.52
lao,2010,65.46
lao,2015,99.9
lao,2020,100.69
lao,2025,104.67
lao,2030,117.08
lao,2035,132.08
lao,2040,142.65
lao,2045,150.37
lao,2050,154.58
lao,2055,161.12
lao,2060,170.82
lao,2065,178.25
lao,2070,182.39
lao,2075,180.48
lao,2080,176.19
lao,2085,173.65
lao,2090,174.23
lao,2095,175.33
lao,2100,173.02
lbn,2010,56.74
lbn,2015,38.22
lbn,2020,35.95
lbn,2025,37.77
lbn,2030,39.6
lbn,2035,42.78
lbn,2040,45.26
lbn,2045,45.99
lbn,2050,45.12
lbn,2055,44.6
lbn,2060,44.42
lbn,2065,43.95
lbn,2070,43.96
lbn,2075,43.15
lbn,2080,41.84
lbn,2085,40.44
lbn,2090,39.23
lbn,2095,38.22
lbn,2100,37.2
lbr,2010,0.83
lbr,2015,1.06
lbr,2020,1.39
lbr,2025,1.86
lbr,2030,2.41
lbr,2035,3.26
lbr,2040,4.27
lbr,2045,5.48
lbr,2050,7.03
lbr,2055,8.93
lbr,2060,11.33
lbr,2065,13.14
lbr,2070,14.93
lbr,2075,16.97
lbr,2080,19.19
lbr,2085,21.25
lbr,2090,23.37
lbr,2095,25.13
lbr,2100,26.54
lca,2010,1.69
lca,2015,1.68
lca,2020,1.68
lca,2025,1.93
lca,2030,2.04
lca,2035,2.14
lca,2040,2.2
lca,2045,2.25
lca,2050,2.29
lca,2055,2.36
lca,2060,2.4
lca,2065,2.37
lca,2070,2.36
lca,2075,2.35
lca,2080,2.33
lca,2085,2.3
lca,2090,2.27
lca,2095,2.23
lca,2100,2.19
lso,2010,3.49
lso,2015,4.16
lso,2020,4.52
lso,2025,5.05
lso,2030,5.6
lso,2035,6.27
lso,2040,6.89
lso,2045,7.39
lso,2050,7.87
lso,2055,8.51
lso,2060,9.22
lso,2065,9.6
lso,2070,9.86
lso,2075,10.17
lso,2080,10.4
lso,2085,10.76
lso,2090,10.8
lso,2095,10.9
lso,2100,10.94
ltu,2010,18.17
ltu,2015,14.71
ltu,2020,12.82
ltu,2025,14.64
ltu,2030,17.4
ltu,2035,17.49
ltu,2040,16.62
ltu,2045,14.92
ltu,2050,13.38
ltu,2055,13.39
ltu,2060,14.23
ltu,2065,14.59
ltu,2070,14.01
ltu,2075,12.88
ltu,2080,11.86
ltu,2085,11.45
ltu,2090,11.57
ltu,2095,11.76
ltu,2100,11.59
lux,2010,1.49
lux,2015,1.77
lux,2020,1.87
lux,2025,2.02
lux,2030,2.08
lux,2035,2.42
lux,2040,2.83
lux,2045,3.27
lux,2050,3.6
lux,2055,3.83
lux,2060,4.06
lux,2065,4.28
lux,2070,4.58
lux,2075,4.88
lux,2080,5.07
lux,2085,5.1
lux,2090,5.04
lux,2095,4.98
lux,2100,4.98
lva,2010,11.89
lva,2015,8.99
lva,2020,10.03
lva,2025,12.06
lva,2030,11.73
lva,2035,12.01
lva,2040,11.5
lva,2045,10.49
lva,2050,10.09
lva,2055,10.62
lva,2060,11.11
lva,2065,10.97
lva,2070,10.44
lva,2075,9.72
lva,2080,9.2
lva,2085,9.06
lva,2090,9.1
lva,2095,9.03
lva,2100,8.73
mac,2010,4.34
mac,2015,4.05
mac,2020,3.64
mac,2025,4.73
mac,2030,5.69
mac,2035,6.41
mac,2040,6.74
mac,2045,6.79
mac,2050,7
mac,2055,7.57
mac,2060,8.38
mac,2065,8.99
mac,2070,9.26
mac,2075,9.23
mac,2080,9.12
mac,2085,8.99
mac,2090,8.86
mac,2095,8.7
mac,2100,8.45
mar,2010,79.22
mar,2015,86.59
mar,2020,96.45
mar,2025,113.38
mar,2030,129.14
mar,2035,145.58
mar,2040,158.13
mar,2045,165.13
mar,2050,173.2
mar,2055,184.43
mar,2060,194.81
mar,2065,199.34
mar,2070,200.35
mar,2075,199.3
mar,2080,193.96
mar,2085,190.4
mar,2090,187.26
mar,2095,184.7
mar,2100,185.35
mda,2010,39.65
mda,2015,27.78
mda,2020,24.51
mda,2025,30.14
mda,2030,26.37
mda,2035,25.15
mda,2040,22.67
mda,2045,20.72
mda,2050,19.87
mda,2055,19.44
mda,2060,18.73
mda,2065,17.26
mda,2070,15.85
mda,2075,14.8
mda,2080,14.14
mda,2085,13.73
mda,2090,13.32
mda,2095,12.84
mda,2100,12.39
mdg,2010,10.03
mdg,2015,13.43
mdg,2020,16.41
mdg,2025,20.37
mdg,2030,24.62
mdg,2035,29.7
mdg,2040,35.77
mdg,2045,43.27
mdg,2050,51.62
mdg,2055,61.63
mdg,2060,72.28
mdg,2065,79.52
mdg,2070,88.39
mdg,2075,97.4
mdg,2080,105.83
mdg,2085,115.53
mdg,2090,125.76
mdg,2095,134.05
mdg,2100,141.89
mdv,2010,0.27
mdv,2015,0.25
mdv,2020,0.25
mdv,2025,0.27
mdv,2030,0.34
mdv,2035,0.39
mdv,2040,0.42
mdv,2045,0.43
mdv,2050,0.43
mdv,2055,0.47
mdv,2060,0.51
mdv,2065,0.55
mdv,2070,0.57
mdv,2075,0.57
mdv,2080,0.57
mdv,2085,0.59
mdv,2090,0.61
mdv,2095,0.62
mdv,2100,0.63
mex,2010,670.78
mex,2015,734.65
mex,2020,840.42
mex,2025,910.97
mex,2030,988.21
mex,2035,1071.52
mex,2040,1145.3
mex,2045,1210.65
mex,2050,1269.5
mex,2055,1322.53
mex,2060,1366.11
mex,2065,1375.94
mex,2070,1372.6
mex,2075,1345.39
mex,2080,1327.78
mex,2085,1321.71
mex,2090,1299.76
mex,2095,1256.9
mex,2100,1209.05
mkd,2010,17.6
mkd,2015,15.87
mkd,2020,14.42
mkd,2025,14.19
mkd,2030,14.76
mkd,2035,15.45
mkd,2040,15.73
mkd,2045,15.78
mkd,2050,15.72
mkd,2055,16.03
mkd,2060,16.82
mkd,2065,17.27
mkd,2070,17.51
mkd,2075,17.52
mkd,2080,17.43
mkd,2085,17.4
mkd,2090,17.49
mkd,2095,17.58
mkd,2100,17.54
mli,2010,8.24
mli,2015,10.4
mli,2020,13.61
mli,2025,17.72
mli,2030,22.7
mli,2035,28.76
mli,2040,36.45
mli,2045,45.84
mli,2050,56.96
mli,2055,69.92
mli,2060,85.27
mli,2065,97.35
mli,2070,110.38
mli,2075,123.12
mli,2080,137.64
mli,2085,154.16
mli,2090,168.27
mli,2095,182.06
mli,2100,198.42
mlt,2010,1.63
mlt,2015,1.92
mlt,2020,1.71
mlt,2025,1.85
mlt,2030,2.22
mlt,2035,2.43
mlt,2040,2.5
mlt,2045,2.49
mlt,2050,2.48
mlt,2055,2.51
mlt,2060,2.6
mlt,2065,2.66
mlt,2070,2.68
mlt,2075,2.65
mlt,2080,2.59
mlt,2085,2.53
mlt,2090,2.47
mlt,2095,2.43
mlt,2100,2.37
mmr,2010,560.98
mmr,2015,568.98
mmr,2020,558.35
mmr,2025,580.96
mmr,2030,592.47
mmr,2035,615.29
mmr,2040,636.65
mmr,2045,658.11
mmr,2050,664.31
mmr,2055,664.7
mmr,2060,666.39
mmr,2065,658.66
mmr,2070,664.66
mmr,2075,665.38
mmr,2080,658.51
mmr,2085,645.81
mmr,2090,631.69
mmr,2095,619.94
mmr,2100,611.46
mne,2010,8.57
mne,2015,8.57
mne,2020,8.55
mne,2025,8.49
mne,2030,8.54
mne,2035,8.53
mne,2040,8.42
mne,2045,8.32
mne,2050,8.33
mne,2055,8.44
mne,2060,8.56
mne,2065,8.52
mne,2070,8.45
mne,2075,8.37
mne,2080,8.28
mne,2085,8.16
mne,2090,8.01
mne,2095,7.83
mne,2100,7.63
mng,2010,35.35
mng,2015,31.43
mng,2020,30.79
mng,2025,43.25
mng,2030,47.14
mng,2035,48.86
mng,2040,48.06
mng,2045,46.94
mng,2050,49.77
mng,2055,55.57
mng,2060,60.04
mng,2065,60.03
mng,2070,57.39
mng,2075,54.95
mng,2080,54.89
mng,2085,55.24
mng,2090,55.77
mng,2095,54.28
mng,2100,51.67
moz,2010,22.33
moz,2015,44.84
moz,2020,61.42
moz,2025,75.53
moz,2030,89.89
moz,2035,108.72
moz,2040,131.37
moz,2045,157.04
moz,2050,186.71
moz,2055,219.32
moz,2060,252.54
moz,2065,279.93
moz,2070,309.56
moz,2075,341.93
moz,2080,370.27
moz,2085,393.6
moz,2090,419.34
moz,2095,445.36
moz,2100,461.72
mus,2010,3.15
mus,2015,3.16
mus,2020,3.39
mus,2025,3.29
mus,2030,3.37
mus,2035,3.92
mus,2040,4.56
mus,2045,5.19
mus,2050,5.68
mus,2055,6.11
mus,2060,6.67
mus,2065,7.07
mus,2070,7.56
mus,2075,8.07
mus,2080,8.53
mus,2085,8.92
mus,2090,9.27
mus,2095,9.62
mus,2100,9.99
mwi,2010,36.64
mwi,2015,45.98
mwi,2020,58.32
mwi,2025,78.73
mwi,2030,100.75
mwi,2035,129.51
mwi,2040,164
mwi,2045,206.89
mwi,2050,256.95
mwi,2055,314.38
mwi,2060,375.48
mwi,2065,425.23
mwi,2070,468.07
mwi,2075,513.79
mwi,2080,554.77
mwi,2085,588.58
mwi,2090,622.48
mwi,2095,653.63
mwi,2100,679.98
mys,2010,641.19
mys,2015,952.45
mys,2020,1025.37
mys,2025,1011.76
mys,2030,1035.89
mys,2035,1060.04
mys,2040,1072.59
mys,2045,1077.85
mys,2050,1065.48
mys,2055,1027.66
mys,2060,1001.9
mys,2065,980.13
mys,2070,955.26
mys,2075,924.74
mys,2080,891.92
mys,2085,865.87
mys,2090,832.13
mys,2095,791.38
mys,2100,751.29
nam,2010,5.73
nam,2015,6.44
nam,2020,7.3
nam,2025,8.34
nam,2030,9.08
nam,2035,10.22
nam,2040,11.64
nam,2045,12.96
nam,2050,14.37
nam,2055,15.7
nam,2060,17
nam,2065,17.82
nam,2070,18.36
nam,2075,19
nam,2080,19.22
nam,2085,19.49
nam,2090,19.88
nam,2095,20.04
nam,2100,19.88
ncl,2010,6.27
ncl,2015,6.74
ncl,2020,6.75
ncl,2025,7.2
ncl,2030,7.6
ncl,2035,8
ncl,2040,8.27
ncl,2045,8.34
ncl,2050,8.45
ncl,2055,8.65
ncl,2060,8.83
ncl,2065,8.94
ncl,2070,9.01
ncl,2075,9.06
ncl,2080,9.04
ncl,2085,8.99
ncl,2090,8.9
ncl,2095,8.79
ncl,2100,8.65
ner,2010,0.84
ner,2015,1.09
ner,2020,1.32
ner,2025,1.58
ner,2030,1.85
ner,2035,2.14
ner,2040,2.44
ner,2045,2.75
ner,2050,3.09
ner,2055,3.41
ner,2060,3.68
ner,2065,4.22
ner,2070,4.61
ner,2075,5.02
ner,2080,5.57
ner,2085,6.15
ner,2090,6.71
ner,2095,7.17
ner,2100,7.64
nga,2010,959.26
nga,2015,1228.58
nga,2020,1586.98
nga,2025,1999.77
nga,2030,2419.37
nga,2035,2919.67
nga,2040,3481.44
nga,2045,4103.13
nga,2050,4777.72
nga,2055,5466.81
nga,2060,6160.58
nga,2065,6749.54
nga,2070,6930.72
nga,2075,7144.26
nga,2080,7410.71
nga,2085,7585.01
nga,2090,7633.71
nga,2095,7675.01
nga,2100,7637.66
nic,2010,39.95
nic,2015,44.3
nic,2020,48.43
nic,2025,55.65
nic,2030,60.82
nic,2035,65.52
nic,2040,70.19
nic,2045,75.13
nic,2050,79.5
nic,2055,82.64
nic,2060,85.69
nic,2065,85.96
nic,2070,85.26
nic,2075,84.2
nic,2080,83.75
nic,2085,83.78
nic,2090,83.09
nic,2095,81.64
nic,2100,79.39
nld,2010,106.17
nld,2015,111.5
nld,2020,121.34
nld,2025,120.7
nld,2030,119.66
nld,2035,127.53
nld,2040,138.9
nld,2045,150.65
nld,2050,159.54
nld,2055,164.11
nld,2060,166.61
nld,2065,167.22
nld,2070,171.03
nld,2075,176.07
nld,2080,179.48
nld,2085,179.65
nld,2090,177.14
nld,2095,174.06
nld,2100,172.28
nor,2010,17.08
nor,2015,18.89
nor,2020,18.93
nor,2025,21.23
nor,2030,22.12
nor,2035,24.77
nor,2040,27.71
nor,2045,30.11
nor,2050,31.5
nor,2055,32.56
nor,2060,33.98
nor,2065,35.43
nor,2070,37.13
nor,2075,38.47
nor,2080,39.08
nor,2085,39.07
nor,2090,38.93
nor,2095,39.01
nor,2100,39.27
npl,2010,477.47
npl,2015,575.02
npl,2020,638.77
npl,2025,648.51
npl,2030,736.75
npl,2035,822.88
npl,2040,878.64
npl,2045,898.98
npl,2050,929.92
npl,2055,963.44
npl,2060,987.64
npl,2065,994.45
npl,2070,999.16
npl,2075,991.22
npl,2080,969.91
npl,2085,957.75
npl,2090,947.19
npl,2095,921.95
npl,2100,894.36
nzl,2010,114.11
nzl,2015,112.35
nzl,2020,112.5
nzl,2025,126.15
nzl,2030,128.03
nzl,2035,133.54
nzl,2040,138.41
nzl,2045,139.56
nzl,2050,140.48
nzl,2055,143.85
nzl,2060,147.19
nzl,2065,148.54
nzl,2070,149.23
nzl,2075,149.35
nzl,2080,148.69
nzl,2085,147.72
nzl,2090,146.3
nzl,2095,144.14
nzl,2100,141.38
pak,2010,2220.63
pak,2015,2558.86
pak,2020,2653.3
pak,2025,3110.98
pak,2030,3636.17
pak,2035,4103.96
pak,2040,4429.19
pak,2045,4631.89
pak,2050,4890.8
pak,2055,5228.69
pak,2060,5558.31
pak,2065,5754.87
pak,2070,5753.73
pak,2075,5718.82
pak,2080,5702.8
pak,2085,5710.34
pak,2090,5757.49
pak,2095,5691.53
pak,2100,5621.5
pan,2010,28.27
pan,2015,33.99
pan,2020,38.44
pan,2025,41.98
pan,2030,43.5
pan,2035,46.33
pan,2040,49.79
pan,2045,52.91
pan,2050,54.54
pan,2055,56.17
pan,2060,56.84
pan,2065,56.53
pan,2070,56.34
pan,2075,55.54
pan,2080,55.1
pan,2085,53.85
pan,2090,51.84
pan,2095,50.22
pan,2100,48.06
per,2010,609.93
per,2015,644.27
per,2020,673.48
per,2025,699.39
per,2030,707.1
per,2035,708.54
per,2040,715.05
per,2045,719.26
per,2050,711.94
per,2055,706.2
per,2060,696.58
per,2065,674.74
per,2070,648.45
per,2075,624.53
per,2080,608.97
per,2085,593.84
per,2090,573.72
per,2095,548.06
per,2100,523.36
phl,2010,1532.48
phl,2015,1766.8
phl,2020,2027.01
phl,2025,2131.21
phl,2030,2268.5
phl,2035,2406.6
phl,2040,2527.73
phl,2045,2590.66
phl,2050,2653.74
phl,2055,2681.44
phl,2060,2689.58
phl,2065,2633.31
phl,2070,2603.7
phl,2075,2572.35
phl,2080,2498.24
phl,2085,2429.53
phl,2090,2338.92
phl,2095,2267.61
phl,2100,2196.49
pol,2010,281.76
pol,2015,233.48
pol,2020,215.3
pol,2025,252.36
pol,2030,262.35
pol,2035,284.65
pol,2040,293.19
pol,2045,290.95
pol,2050,279.46
pol,2055,282.07
pol,2060,299.79
pol,2065,314.53
pol,2070,321.62
pol,2075,318.79
pol,2080,310
pol,2085,303.18
pol,2090,304
pol,2095,310.09
pol,2100,314.58
pri,2010,54.16
pri,2015,55.18
pri,2020,51.95
pri,2025,52.77
pri,2030,49.81
pri,2035,46.57
pri,2040,43.52
pri,2045,40.29
pri,2050,37.34
pri,2055,34.59
pri,2060,31.1
pri,2065,28.58
pri,2070,26.37
pri,2075,24.32
pri,2080,22.5
pri,2085,21.01
pri,2090,19.81
pri,2095,18.82
pri,2100,17.98
prt,2010,29.48
prt,2015,32.89
prt,2020,38.03
prt,2025,40.19
prt,2030,39.34
prt,2035,43.04
prt,2040,47.61
prt,2045,53.67
prt,2050,59.91
prt,2055,65.08
prt,2060,69.33
prt,2065,71.86
prt,2070,74.82
prt,2075,77.63
prt,2080,80.11
prt,2085,81.18
prt,2090,80.87
prt,2095,80.05
prt,2100,79.43
pry,2010,66.15
pry,2015,35.91
pry,2020,40.56
pry,2025,45.36
pry,2030,49.57
pry,2035,54.73
pry,2040,59.02
pry,2045,62.74
pry,2050,66.75
pry,2055,70.39
pry,2060,73.17
pry,2065,74.01
pry,2070,75.02
pry,2075,75
pry,2080,74.81
pry,2085,74.85
pry,2090,75.07
pry,2095,74.52
pry,2100,73.16
pse,2010,39.33
pse,2015,46.31
pse,2020,52.69
pse,2025,61.92
pse,2030,69.29
pse,2035,74.92
pse,2040,78.9
pse,2045,83.29
pse,2050,87
pse,2055,89.18
pse,2060,89.47
pse,2065,88.95
pse,2070,86.83
pse,2075,85.34
pse,2080,83.56
pse,2085,80.81
pse,2090,78.64
pse,2095,75.75
pse,2100,72.74
pyf,2010,7.93
pyf,2015,8.43
pyf,2020,7.55
pyf,2025,7.9
pyf,2030,8.68
pyf,2035,9
pyf,2040,8.97
pyf,2045,8.71
pyf,2050,8.49
pyf,2055,8.43
pyf,2060,8.41
pyf,2065,8.3
pyf,2070,8.09
pyf,2075,7.88
pyf,2080,7.71
pyf,2085,7.59
pyf,2090,7.46
pyf,2095,7.3
pyf,2100,7.13
qat,2010,9.64
qat,2015,13.57
qat,2020,18.41
qat,2025,25.95
qat,2030,30.78
qat,2035,32.6
qat,2040,33.79
qat,2045,36.46
qat,2050,41.16
qat,2055,45.59
qat,2060,48.84
qat,2065,47.42
qat,2070,45.97
qat,2075,43.52
qat,2080,42.52
qat,2085,41.23
qat,2090,38.91
qat,2095,36.24
qat,2100,34.42
rou,2010,107.08
rou,2015,98.56
rou,2020,94.97
rou,2025,99.17
rou,2030,91.15
rou,2035,91.53
rou,2040,89.98
rou,2045,89.95
rou,2050,91.73
rou,2055,93.23
rou,2060,94.26
rou,2065,92.7
rou,2070,91.63
rou,2075,91.24
rou,2080,91.05
rou,2085,90.67
rou,2090,89.87
rou,2095,88.87
rou,2100,87.88
rus,2010,2028.02
rus,2015,1619.68
rus,2020,1796.94
rus,2025,2151.29
rus,2030,2342.79
rus,2035,2163.89
rus,2040,1933.25
rus,2045,1782.16
rus,2050,1856.12
rus,2055,2078.2
rus,2060,2235.04
rus,2065,2219.72
rus,2070,2108.38
rus,2075,2023.1
rus,2080,2042.39
rus,2085,2112.49
rus,2090,2147.91
rus,2095,2107.04
rus,2100,2021.31
rwa,2010,1.33
rwa,2015,1.79
rwa,2020,2.51
rwa,2025,3.85
rwa,2030,5.3
rwa,2035,7.09
rwa,2040,9.16
rwa,2045,11.98
rwa,2050,15.98
rwa,2055,21.11
rwa,2060,26.97
rwa,2065,31.42
rwa,2070,35.24
rwa,2075,39.57
rwa,2080,45.12
rwa,2085,51.15
rwa,2090,56.41
rwa,2095,60.84
rwa,2100,65.22
sau,2010,186.91
sau,2015,207.72
sau,2020,252.9
sau,2025,313.55
sau,2030,315.71
sau,2035,340.44
sau,2040,359.9
sau,2045,384.42
sau,2050,409.15
sau,2055,426.85
sau,2060,433.47
sau,2065,437.63
sau,2070,442.77
sau,2075,437.12
sau,2080,434.67
sau,2085,422.93
sau,2090,410.47
sau,2095,396.66
sau,2100,381.39
sdn,2010,119.41
sdn,2015,151.33
sdn,2020,188.13
sdn,2025,225.28
sdn,2030,263.3
sdn,2035,302.78
sdn,2040,343.95
sdn,2045,392.54
sdn,2050,439.09
sdn,2055,484.11
sdn,2060,523.16
sdn,2065,549.77
sdn,2070,582.61
sdn,2075,603.63
sdn,2080,622.59
sdn,2085,645.41
sdn,2090,664.74
sdn,2095,668.58
sdn,2100,667.22
sen,2010,16.35
sen,2015,19.58
sen,2020,25.21
sen,2025,32.74
sen,2030,40.39
sen,2035,49.19
sen,2040,59.74
sen,2045,72.73
sen,2050,89.14
sen,2055,106.33
sen,2060,124.51
sen,2065,135.01
sen,2070,144.56
sen,2075,154.14
sen,2080,164.21
sen,2085,171.62
sen,2090,175.94
sen,2095,180.4
sen,2100,181.66
sgp,2010,89.04
sgp,2015,109.23
sgp,2020,84.78
sgp,2025,76.03
sgp,2030,78.31
sgp,2035,86.03
sgp,2040,94.3
sgp,2045,100
sgp,2050,97.19
sgp,2055,90.65
sgp,2060,88.21
sgp,2065,89.5
sgp,2070,93.06
sgp,2075,95.78
sgp,2080,94.72
sgp,2085,89.45
sgp,2090,83.01
sgp,2095,78.45
sgp,2100,76.28
sle,2010,8.79
sle,2015,11.28
sle,2020,14.31
sle,2025,17.85
sle,2030,20.65
sle,2035,24.41
sle,2040,28.64
sle,2045,33.38
sle,2050,39.38
sle,2055,45.91
sle,2060,52.32
sle,2065,56.55
sle,2070,61.48
sle,2075,66.96
sle,2080,71.23
sle,2085,75.44
sle,2090,80.08
sle,2095,83.52
sle,2100,86.65
slv,2010,28.59
slv,2015,31.65
slv,2020,29.56
slv,2025,31.55
slv,2030,34.29
slv,2035,36.82
slv,2040,38.21
slv,2045,38.48
slv,2050,39.23
slv,2055,40.28
slv,2060,40.5
slv,2065,39.58
slv,2070,38.31
slv,2075,37.46
slv,2080,36.14
slv,2085,35.04
slv,2090,33.76
slv,2095,33.3
slv,2100,32.77
som,2010,89.81
som,2015,118.33
som,2020,149.93
som,2025,181.88
som,2030,204.93
som,2035,222.19
som,2040,245.52
som,2045,272.75
som,2050,296.32
som,2055,306.26
som,2060,311.12
som,2065,319.89
som,2070,330.59
som,2075,337.01
som,2080,337.21
som,2085,337.68
som,2090,337.1
som,2095,336.6
som,2100,337.84
srb,2010,53.14
srb,2015,65.92
srb,2020,72.31
srb,2025,74.29
srb,2030,65.97
srb,2035,71
srb,2040,75.19
srb,2045,79.75
srb,2050,83
srb,2055,83.96
srb,2060,84.33
srb,2065,83.13
srb,2070,83.52
srb,2075,83.97
srb,2080,83.18
srb,2085,81.02
srb,2090,78.5
srb,2095,76.55
srb,2100,75.29
stp,2010,0.23
stp,2015,0.25
stp,2020,0.28
stp,2025,0.31
stp,2030,0.34
stp,2035,0.37
stp,2040,0.41
stp,2045,0.47
stp,2050,0.52
stp,2055,0.58
stp,2060,0.65
stp,2065,0.69
stp,2070,0.73
stp,2075,0.78
stp,2080,0.83
stp,2085,0.87
stp,2090,0.9
stp,2095,0.93
stp,2100,0.98
sur,2010,2.66
sur,2015,3.84
sur,2020,4.22
sur,2025,4.31
sur,2030,4.65
sur,2035,5.07
sur,2040,5.51
sur,2045,5.97
sur,2050,6.29
sur,2055,6.53
sur,2060,6.85
sur,2065,7.11
sur,2070,7.33
sur,2075,7.46
sur,2080,7.46
sur,2085,7.35
sur,2090,7.35
sur,2095,7.45
sur,2100,7.45
svk,2010,84.55
svk,2015,67.35
svk,2020,62.72
svk,2025,68.56
svk,2030,78.71
svk,2035,80.36
svk,2040,79.55
svk,2045,76.81
svk,2050,72.77
svk,2055,73.75
svk,2060,79.47
svk,2065,83.77
svk,2070,84.58
svk,2075,82.25
svk,2080,79.06
svk,2085,77.17
svk,2090,77.68
svk,2095,79.34
svk,2100,79.98
svn,2010,10.47
svn,2015,9.72
svn,2020,9.88
svn,2025,11.6
svn,2030,13.11
svn,2035,13.12
svn,2040,12.86
svn,2045,12.77
svn,2050,13.24
svn,2055,14.44
svn,2060,15.78
svn,2065,16.29
svn,2070,16.14
svn,2075,15.83
svn,2080,15.84
svn,2085,16.23
svn,2090,16.72
svn,2095,16.93
svn,2100,16.71
swe,2010,51.72
swe,2015,43.71
swe,2020,48.07
swe,2025,55.89
swe,2030,59.05
swe,2035,65.26
swe,2040,69.95
swe,2045,71.58
swe,2050,72.93
swe,2055,76.65
swe,2060,81.5
swe,2065,85.79
swe,2070,88.87
swe,2075,90.29
swe,2080,90.88
swe,2085,91.68
swe,2090,92.99
swe,2095,94.15
swe,2100,94.44
swz,2010,3.14
swz,2015,3.26
swz,2020,3.61
swz,2025,4.12
swz,2030,4.68
swz,2035,5.18
swz,2040,5.65
swz,2045,6.03
swz,2050,6.38
swz,2055,6.85
swz,2060,7.34
swz,2065,7.52
swz,2070,7.72
swz,2075,7.73
swz,2080,7.7
swz,2085,7.72
swz,2090,7.61
swz,2095,7.54
swz,2100,7.39
syr,2010,96.18
syr,2015,112.41
syr,2020,132.24
syr,2025,140.24
syr,2030,141.46
syr,2035,164.76
syr,2040,187.8
syr,2045,207.38
syr,2050,222.65
syr,2055,232.02
syr,2060,240.24
syr,2065,246.76
syr,2070,255.6
syr,2075,258.64
syr,2080,257.92
syr,2085,256.49
syr,2090,256.48
syr,2095,255.73
syr,2100,252.64
tcd,2010,1.98
tcd,2015,2.33
tcd,2020,2.88
tcd,2025,3.49
tcd,2030,4.33
tcd,2035,5.36
tcd,2040,6.72
tcd,2045,8.29
tcd,2050,10.12
tcd,2055,12.13
tcd,2060,14.68
tcd,2065,16.82
tcd,2070,19.15
tcd,2075,21.28
tcd,2080,23.26
tcd,2085,25.67
tcd,2090,28.42
tcd,2095,30.93
tcd,2100,33.46
tha,2010,756.73
tha,2015,525.03
tha,2020,588.89
tha,2025,625.98
tha,2030,667.22
tha,2035,748.85
tha,2040,798.51
tha,2045,847.97
tha,2050,878
tha,2055,898.52
tha,2060,920.92
tha,2065,909.25
tha,2070,899.53
tha,2075,881.58
tha,2080,856.17
tha,2085,827.15
tha,2090,799.26
tha,2095,773.8
tha,2100,749.27
tjk,2010,173.52
tjk,2015,173.65
tjk,2020,173.85
tjk,2025,181.29
tjk,2030,184.54
tjk,2035,186.88
tjk,2040,182.58
tjk,2045,174.25
tjk,2050,169.53
tjk,2055,168.31
tjk,2060,164.28
tjk,2065,159.19
tjk,2070,154.8
tjk,2075,150.84
tjk,2080,145.96
tjk,2085,143.4
tjk,2090,139.91
tjk,2095,137.25
tjk,2100,135.21
tkm,2010,126.89
tkm,2015,107.79
tkm,2020,114.07
tkm,2025,116.36
tkm,2030,121.64
tkm,2035,122.43
tkm,2040,119.4
tkm,2045,114.46
tkm,2050,111.58
tkm,2055,112.51
tkm,2060,112.88
tkm,2065,110.72
tkm,2070,105.88
tkm,2075,101.29
tkm,2080,97.7
tkm,2085,95.18
tkm,2090,92.24
tkm,2095,90.88
tkm,2100,88.58
tls,2010,2.46
tls,2015,3.36
tls,2020,3.8
tls,2025,4.88
tls,2030,5.91
tls,2035,7.17
tls,2040,8.52
tls,2045,9.79
tls,2050,10.71
tls,2055,11.55
tls,2060,12.42
tls,2065,13.33
tls,2070,14.09
tls,2075,14.47
tls,2080,14.56
tls,2085,14.92
tls,2090,15.48
tls,2095,15.97
tls,2100,16.32
ton,2010,0.44
ton,2015,0.51
ton,2020,0.59
ton,2025,0.65
ton,2030,0.62
ton,2035,0.57
ton,2040,0.57
ton,2045,0.59
ton,2050,0.62
ton,2055,0.62
ton,2060,0.6
ton,2065,0.56
ton,2070,0.52
ton,2075,0.5
ton,2080,0.49
ton,2085,0.48
ton,2090,0.47
ton,2095,0.45
ton,2100,0.44
tto,2010,7.82
tto,2015,7.17
tto,2020,7.77
tto,2025,8.96
tto,2030,9.23
tto,2035,9.31
tto,2040,8.93
tto,2045,8.75
tto,2050,9.05
tto,2055,9.34
tto,2060,9.38
tto,2065,8.95
tto,2070,8.62
tto,2075,8.44
tto,2080,8.35
tto,2085,8.23
tto,2090,8.03
tto,2095,7.8
tto,2100,7.61
tun,2010,21.15
tun,2015,21.82
tun,2020,24.21
tun,2025,30.07
tun,2030,32.88
tun,2035,35.45
tun,2040,36.58
tun,2045,36.15
tun,2050,35.91
tun,2055,37.25
tun,2060,38.82
tun,2065,38.84
tun,2070,38.31
tun,2075,36.92
tun,2080,35.39
tun,2085,34.4
tun,2090,34.01
tun,2095,33.71
tun,2100,33.08
tur,2010,1176.7
tur,2015,992.38
tur,2020,1026.76
tur,2025,1135.53
tur,2030,1179.31
tur,2035,1238.9
tur,2040,1281.63
tur,2045,1312.64
tur,2050,1336.53
tur,2055,1358.32
tur,2060,1369.1
tur,2065,1349.96
tur,2070,1339.35
tur,2075,1340.32
tur,2080,1332.95
tur,2085,1318.18
tur,2090,1296.57
tur,2095,1272.39
tur,2100,1251.01
tza,2010,2.92
tza,2015,3.74
tza,2020,5.16
tza,2025,7.2
tza,2030,9.14
tza,2035,11.63
tza,2040,14.63
tza,2045,18.36
tza,2050,22.88
tza,2055,28.19
tza,2060,33.8
tza,2065,38.35
tza,2070,42.34
tza,2075,46.22
tza,2080,50.75
tza,2085,55.34
tza,2090,59.03
tza,2095,63.15
tza,2100,67.65
uga,2010,10.33
uga,2015,22.03
uga,2020,30.94
uga,2025,42.88
uga,2030,58.17
uga,2035,77.96
uga,2040,104.15
uga,2045,137.9
uga,2050,178.84
uga,2055,226.39
uga,2060,280.33
uga,2065,322.03
uga,2070,360.38
uga,2075,398.67
uga,2080,436.28
uga,2085,468.49
uga,2090,501.65
uga,2095,532.03
uga,2100,555.24
ukr,2010,649.84
ukr,2015,498.93
ukr,2020,483.59
ukr,2025,591.88
ukr,2030,610.77
ukr,2035,576.79
ukr,2040,530.13
ukr,2045,493.72
ukr,2050,495.53
ukr,2055,530.52
ukr,2060,556.45
ukr,2065,546.71
ukr,2070,520.66
ukr,2075,499.22
ukr,2080,494.67
ukr,2085,499.8
ukr,2090,500.45
ukr,2095,488.96
ukr,2100,469.75
ury,2010,8.79
ury,2015,9.55
ury,2020,10.25
ury,2025,11.08
ury,2030,11.62
ury,2035,12.37
ury,2040,13.25
ury,2045,13.95
ury,2050,14.41
ury,2055,14.84
ury,2060,15.27
ury,2065,15.07
ury,2070,14.86
ury,2075,14.86
ury,2080,14.77
ury,2085,14.62
ury,2090,14.45
ury,2095,14.29
ury,2100,14.14
usa,2010,3172.61
usa,2015,3053.97
usa,2020,3348.47
usa,2025,3637.46
usa,2030,3453.12
usa,2035,3772.92
usa,2040,4068.24
usa,2045,4320.11
usa,2050,4542.26
usa,2055,4723.46
usa,2060,4856.09
usa,2065,4954.21
usa,2070,5122.81
usa,2075,5300.53
usa,2080,5422.83
usa,2085,5474.03
usa,2090,5470.48
usa,2095,5454.81
usa,2100,5459.79
vct,2010,1.24
vct,2015,1.28
vct,2020,1.26
vct,2025,1.33
vct,2030,1.36
vct,2035,1.37
vct,2040,1.38
vct,2045,1.36
vct,2050,1.32
vct,2055,1.26
vct,2060,1.21
vct,2065,1.17
vct,2070,1.12
vct,2075,1.06
vct,2080,0.99
vct,2085,0.93
vct,2090,0.89
vct,2095,0.87
vct,2100,0.84
ven,2010,248.67
ven,2015,351.47
ven,2020,387.95
ven,2025,425.87
ven,2030,443.31
ven,2035,460.12
ven,2040,479.62
ven,2045,496.83
ven,2050,502.73
ven,2055,505.84
ven,2060,506.58
ven,2065,498.14
ven,2070,489.76
ven,2075,478.22
ven,2080,463.58
ven,2085,444.44
ven,2090,425.44
ven,2095,415.3
ven,2100,403.42
vnm,2010,985.64
vnm,2015,809.89
vnm,2020,846.13
vnm,2025,972.27
vnm,2030,1047.28
vnm,2035,1083.81
vnm,2040,1066.85
vnm,2045,1045.5
vnm,2050,1064.56
vnm,2055,1108.38
vnm,2060,1140.14
vnm,2065,1091.97
vnm,2070,1066.67
vnm,2075,1039.9
vnm,2080,1026.38
vnm,2085,1017.66
vnm,2090,999.2
vnm,2095,971.32
vnm,2100,943.25
vut,2010,1.3
vut,2015,1.67
vut,2020,2.01
vut,2025,2.43
vut,2030,2.67
vut,2035,2.93
vut,2040,3.31
vut,2045,3.74
vut,2050,4.11
vut,2055,4.4
vut,2060,4.7
vut,2065,4.91
vut,2070,5.08
vut,2075,5.26
vut,2080,5.32
vut,2085,5.4
vut,2090,5.37
vut,2095,5.38
vut,2100,5.36
wld,2010,79422.53
wld,2015,82121.98
wld,2020,87025.39
wld,2025,95351.81
wld,2030,99901.51
wld,2035,104947.9
wld,2040,108312.21
wld,2045,111172.96
wld,2050,114986.05
wld,2055,118556.33
wld,2060,121291.72
wld,2065,121175.17
wld,2070,120368.92
wld,2075,119010.04
wld,2080,117830.64
wld,2085,116933.49
wld,2090,115266.54
wld,2095,112821.32
wld,2100,109793.56
wsm,2010,0.72
wsm,2015,0.84
wsm,2020,0.95
wsm,2025,0.93
wsm,2030,0.88
wsm,2035,0.82
wsm,2040,0.85
wsm,2045,0.9
wsm,2050,0.91
wsm,2055,0.88
wsm,2060,0.84
wsm,2065,0.79
wsm,2070,0.75
wsm,2075,0.72
wsm,2080,0.69
wsm,2085,0.67
wsm,2090,0.65
wsm,2095,0.64
wsm,2100,0.64
zaf,2010,221.94
zaf,2015,234.36
zaf,2020,259.14
zaf,2025,278.44
zaf,2030,305.6
zaf,2035,336.89
zaf,2040,368.4
zaf,2045,396.06
zaf,2050,429.46
zaf,2055,467.42
zaf,2060,504.92
zaf,2065,526.16
zaf,2070,541.48
zaf,2075,553.8
zaf,2080,572.2
zaf,2085,580.97
zaf,2090,587.4
zaf,2095,585.95
zaf,2100,595.55
zmb,2010,18.86
zmb,2015,24.73
zmb,2020,30.66
zmb,2025,39.04
zmb,2030,48.24
zmb,2035,57.2
zmb,2040,67.89
zmb,2045,80.01
zmb,2050,93.03
zmb,2055,106.47
zmb,2060,120.6
zmb,2065,134.02
zmb,2070,147.7
zmb,2075,160.47
zmb,2080,171.51
zmb,2085,184.71
zmb,2090,196.26
zmb,2095,208.6
zmb,2100,220.93
zwe,2010,204.42
zwe,2015,204.06
zwe,2020,214.56
zwe,2025,233.42
zwe,2030,238.69
zwe,2035,240.7
zwe,2040,237.23
zwe,2045,231.59
zwe,2050,229.82
zwe,2055,227.05
zwe,2060,220.79
zwe,2065,212.75
zwe,2070,203.72
zwe,2075,198.88
zwe,2080,193.88
zwe,2085,191.94
zwe,2090,185.35
zwe,2095,180.8
zwe,2100,176.95
