country,year,se_prm_tenr
abw,1999,98.0017318725585
abw,2000,98.2535934448242
abw,2001,96.6157073974609
abw,2002,95.3976287841797
abw,2003,93.9748382568359
abw,2004,94.7763595581055
abw,2005,97.9789199829102
abw,2006,98.6493530273438
abw,2007,98.9268112182617
abw,2008,99.1143188476563
abw,2009,95.9954223632813
abw,2010,98.9204635620117
abw,2014,99.307243347168
ago,2008,80.1990966796875
ago,2009,79.6908416748047
ago,2010,81.3394393920898
ago,2011,84.0123062133789
alb,1999,97.3142471313477
alb,2000,95.8898773193359
alb,2001,94.3273468017578
alb,2003,91.7103118896484
alb,2004,91.1112899780273
alb,2008,90.2672882080078
alb,2009,89.3933334350585
alb,2010,91.0338668823242
alb,2011,93.2256622314453
alb,2012,96.137092590332
alb,2013,95.91259765625
alb,2014,95.9208908081055
arb,1970,54.8221206665039
arb,1971,54.8941383361816
arb,1972,56.2094383239746
arb,1973,57.2671089172363
arb,1974,57.991138458252
arb,1975,59.3655395507813
arb,1976,60.9999618530273
arb,1977,61.922679901123
arb,1978,62.6934204101563
arb,1979,64.383186340332
arb,1980,65.6177673339844
arb,1981,66.0851516723633
arb,1982,66.6081390380859
arb,1983,67.2904510498047
arb,1984,68.5100936889648
arb,1985,69.0332107543945
arb,1986,69.9449081420898
arb,1987,71.0418701171875
arb,1988,71.6937789916992
arb,1989,71.6990966796875
arb,1990,71.9958190917969
arb,1991,72.6028366088867
arb,1992,70.0327224731445
arb,1993,70.4648208618164
arb,1994,72.6456832885742
arb,1995,71.8117599487305
arb,1996,73.9035110473633
arb,1997,74.4252014160156
arb,1998,75.1108169555664
arb,1999,76.2543182373047
arb,2000,77.2456817626953
arb,2001,78.8005218505859
arb,2002,80.051399230957
arb,2003,80.8053894042969
arb,2004,81.607063293457
arb,2005,82.4894866943359
arb,2006,82.6855087280273
arb,2007,83.2803421020508
arb,2008,84.0118713378906
arb,2009,84.1959609985352
arb,2010,85.2119979858398
arb,2011,85.2451400756836
arb,2012,86.1016693115234
arb,2013,85.5119400024414
arb,2014,85.3201522827148
are,1999,85.2134094238281
are,2000,81.4572830200195
are,2001,79.6290588378906
are,2002,83.7655410766602
are,2003,90.6923828125
are,2004,94.0984191894531
are,2005,96.23388671875
are,2006,95.3827514648438
are,2007,95.0816497802734
are,2009,90.2082214355469
are,2010,93.2341613769531
are,2011,92.672996520996
are,2012,94.617576599121
are,2013,94.6897735595703
are,2014,96.1950836181641
are,2015,95.9560775756835
arg,1999,99.7521209716797
arg,2000,99.548469543457
arg,2003,99.5429763793945
arg,2004,99.1972808837891
arg,2005,99.345832824707
arg,2006,99.4688568115234
arg,2007,99.5742034912109
arg,2008,99.4382934570313
arg,2009,99.4355087280273
arg,2010,99.0661087036133
arg,2011,99.1407012939453
arg,2012,99.1844482421875
arg,2013,99.3542098999023
arg,2014,99.6745529174805
arm,2002,87.3171310424805
arm,2003,85.6454162597656
arm,2005,87.5530319213867
arm,2006,89.9668731689453
arm,2007,92.9483795166016
arm,2015,96.423713684082
atg,2007,91.8214569091797
atg,2008,92.8791427612305
atg,2009,92.3602905273438
atg,2010,89.4789962768555
atg,2011,87.5440521240234
atg,2012,85.9711608886719
atg,2014,85.8329391479492
atg,2015,90.253303527832
aus,1999,94.171028137207
aus,2000,94.1244812011719
aus,2001,94.0042037963867
aus,2002,94.0780181884766
aus,2003,94.6440277099609
aus,2004,95.0159225463867
aus,2005,95.4895477294922
aus,2006,95.8208312988281
aus,2007,96.5983581542969
aus,2008,96.719856262207
aus,2009,96.8397979736328
aus,2010,97.1056518554688
aus,2011,97.7657623291016
aus,2012,97.6552581787109
aus,2013,97.4503936767578
aus,2014,97.13818359375
aus,2015,97.1604080200195
aze,1999,92.1410980224609
aze,2000,88.239616394043
aze,2001,85.4634017944335
aze,2002,84.9103393554688
aze,2003,83.3462982177734
aze,2004,84.2832565307617
aze,2005,83.9535369873047
aze,2006,83.7720108032227
aze,2007,83.4584121704102
aze,2008,83.9875106811523
aze,2009,85.5188980102539
aze,2010,84.7260513305664
aze,2011,87.2680816650391
aze,2012,89.2900314331055
aze,2013,93.6706771850585
aze,2014,94.8121032714844
aze,2015,94.2627487182617
bdi,2000,40.6560592651367
bdi,2001,49.2994804382324
bdi,2002,48.6509208679199
bdi,2003,52.0144386291504
bdi,2004,53.5166282653809
bdi,2005,56.4940414428711
bdi,2006,72.4477310180664
bdi,2007,78.9945678710938
bdi,2008,88.8050994873047
bdi,2009,86.8415298461914
bdi,2010,91.5200271606445
bdi,2013,91.0474624633789
bdi,2014,95.6819000244141
bdi,2015,94.6127319335938
bel,1999,99.0390701293945
bel,2000,99.1907119750977
bel,2001,99.111442565918
bel,2002,99.1410293579102
bel,2003,98.3117904663085
bel,2004,96.7831726074219
bel,2005,96.6483688354492
bel,2006,97.2572402954102
bel,2007,98.334617614746
bel,2008,98.9981231689453
bel,2009,99.0210876464844
bel,2010,98.7389602661133
bel,2011,98.772361755371
bel,2012,99.1473693847656
bel,2013,99.2084274291992
bel,2014,99.1138000488281
bel,2015,99.2667007446289
ben,2003,82.8737487792969
ben,2004,85.8055725097656
ben,2005,81.7522964477539
ben,2006,84.6718597412109
ben,2008,87.6232986450195
ben,2009,93.3121795654297
ben,2010,94.120849609375
ben,2011,94.0614471435547
ben,2012,94.8630981445313
ben,2014,95.8666229248047
bfa,1999,35.5136985778809
bfa,2000,36.7456588745117
bfa,2001,37.7718811035156
bfa,2002,36.7238502502441
bfa,2003,39.0540008544922
bfa,2004,41.1556816101074
bfa,2005,45.9777412414551
bfa,2006,49.6234512329102
bfa,2007,54.9504699707031
bfa,2008,60.98583984375
bfa,2009,63.8480415344238
bfa,2010,60.0682106018066
bfa,2011,64.6422500610352
bfa,2012,65.7516632080078
bfa,2013,66.6159210205078
bfa,2014,67.9535369873047
bfa,2015,69.6642303466797
bgd,2005,95.3730163574219
bgd,2006,95.8562698364258
bgd,2008,92.8416595458984
bgd,2009,93.7941970825195
bgd,2010,94.9320373535156
bgr,1999,98.0791091918945
bgr,2000,97.904670715332
bgr,2001,98.3314590454102
bgr,2002,97.5084915161133
bgr,2003,97.4399795532227
bgr,2004,96.9504623413085
bgr,2005,93.7879028320313
bgr,2006,92.3002395629883
bgr,2007,95.6291275024414
bgr,2008,97.6515731811523
bgr,2009,99.0591888427734
bgr,2010,99.3304290771484
bgr,2011,98.5961837768555
bgr,2012,96.991828918457
bgr,2013,96.6200790405273
bgr,2014,96.3582229614258
bgr,2015,94.9369430541992
bhr,1999,99.5313186645508
bhr,2000,97.8886566162109
bhr,2001,94.8550872802734
bhr,2002,94.4283599853516
bhr,2003,93.3863906860352
bhr,2004,92.8795700073242
bhr,2005,90.1977005004883
bhr,2006,91.8926315307617
bhr,2011,91.899658203125
bhr,2012,92.7343292236328
bhr,2013,93.7328033447266
bhr,2014,95.7210998535156
bhr,2015,97.9990997314453
bhs,1999,91.2892608642578
bhs,2004,94.3973083496094
bhs,2005,98.5798492431641
bhs,2006,97.1298217773438
bhs,2007,98.6637878417969
bhs,2008,98.6106872558594
bhs,2009,96.1911468505859
bhs,2010,97.8058624267578
blr,2001,96.5401382446289
blr,2002,93.5305328369141
blr,2003,93.6519775390625
blr,2004,92.1270217895508
blr,2005,90.1567687988281
blr,2006,90.1742401123047
blr,2007,90.0314636230469
blr,2009,91.9550476074219
blr,2010,91.402458190918
blr,2011,91.01806640625
blr,2012,94.1806716918945
blr,2013,93.1421127319335
blr,2014,94.0612106323242
blr,2015,95.6539688110352
blz,1999,99.1970291137695
blz,2000,96.3308868408203
blz,2001,93.5284271240234
blz,2003,93.8720703125
blz,2004,95.4701538085938
blz,2005,95.072166442871
blz,2006,95.7155532836914
blz,2007,95.2968597412109
blz,2008,96.283332824707
blz,2009,97.1289291381835
blz,2010,98.0161972045898
blz,2011,97.6786193847656
blz,2012,99.568962097168
blz,2013,98.8876266479492
blz,2014,99.1475677490234
blz,2015,99.2194213867188
bmu,2005,97.5803604125977
bmu,2011,87.9107284545898
bmu,2012,83.4578704833984
bol,1999,95.422752380371
bol,2000,96.0888824462891
bol,2001,96.3320693969727
bol,2002,96.5704193115234
bol,2003,97.0831909179688
bol,2004,96.9242401123047
bol,2005,96.9665374755859
bol,2006,96.9439392089844
bol,2007,96.6735916137695
bol,2008,94.9655609130859
bol,2009,97.9759674072266
bol,2010,95.5505905151367
bol,2011,93.2788467407227
bol,2012,89.8732528686523
bol,2013,91.8477325439453
bol,2014,89.2540664672852
bol,2015,89.8857421875
bra,1999,98.0727233886719
bra,2001,98.8549270629883
bra,2002,96.727409362793
bra,2003,94.2950592041016
bra,2004,95.5853118896484
bra,2005,96.0799331665039
bra,2007,92.4741134643555
bra,2008,98.5383071899414
bra,2009,96.5850830078125
bra,2011,95.6971817016602
bra,2012,95.5137481689453
bra,2013,93.7790374755859
bra,2014,94.7150573730469
bra,2015,94.773338317871
brb,1999,97.1827926635742
brb,2000,95.5622329711914
brb,2001,94.6190719604492
brb,2002,91.9341506958008
brb,2003,91.685173034668
brb,2004,90.4938125610352
brb,2005,90.2778396606445
brb,2006,92.0782089233398
brb,2007,94.8007202148438
brb,2008,96.8102111816406
brb,2009,93.8373718261719
brb,2010,95.0805206298828
brb,2011,93.6163711547852
brb,2014,91.48681640625
btn,1999,56.1360092163086
btn,2000,59.1656799316406
btn,2001,62.7099494934082
btn,2005,72.9403610229492
btn,2006,76.7238388061523
btn,2008,82.0637588500977
btn,2009,86.514549255371
btn,2010,88.4916229248047
btn,2011,89.117790222168
btn,2012,90.7184906005859
btn,2013,89.162239074707
btn,2014,88.9828720092773
bwa,1999,80.4704895019531
bwa,2000,81.9193725585938
bwa,2001,83.9167404174805
bwa,2002,84.4831008911133
bwa,2003,84.7295989990234
bwa,2004,85.6088180541992
bwa,2005,84.6825866699219
bwa,2006,85.7693862915039
bwa,2007,84.9667663574219
bwa,2008,84.3909072875977
bwa,2009,85.0092620849609
bwa,2012,90.7666625976563
bwa,2013,91.3624801635742
caf,2005,48.4697303771973
caf,2006,48.8196296691895
caf,2007,57.1372909545898
caf,2008,66.4770202636719
caf,2009,67.1277923583984
caf,2010,69.691062927246
caf,2011,67.7650909423828
caf,2012,70.8406677246094
can,1999,99.7825698852539
can,2000,99.9220504760742
can,2012,99.4774780273438
can,2013,99.4567413330078
che,1999,99.4856796264648
che,2000,99.2972412109375
che,2001,99.223762512207
che,2002,99.2306823730469
che,2003,99.2346115112305
che,2004,98.9246826171875
che,2005,98.0722732543945
che,2006,97.7179794311523
che,2007,97.83154296875
che,2008,98.5629806518555
che,2009,99.0457611083984
che,2010,99.1101913452148
che,2011,99.2607192993164
che,2012,99.2277526855469
che,2013,99.6360778808594
che,2014,99.6436004638672
che,2015,99.6236267089844
chl,2007,97.6400985717773
chl,2008,97.1870727539063
chl,2009,94.7397613525391
chl,2010,95.0516662597656
chl,2011,93.712516784668
chl,2012,93.1441497802734
chl,2013,92.5136566162109
chl,2014,93.0736770629883
chl,2015,94.3637466430664
civ,1999,57.7338905334473
civ,2000,56.7892112731934
civ,2001,60.9120788574219
civ,2002,61.0490112304688
civ,2003,56.5333290100098
civ,2009,56.708740234375
civ,2013,70.3510284423828
civ,2014,75.2114868164063
civ,2015,79.2544708251953
cmr,2008,82.2233428955078
cmr,2009,85.0537033081055
cmr,2011,87.630241394043
cmr,2012,94.0622329711914
cmr,2014,94.7031478881835
cmr,2015,95.1098098754883
cod,1999,35.3699913024902
cog,2005,53.4156684875488
cog,2006,57.0220718383789
cog,2010,89.3315811157227
cog,2012,92.8515930175781
col,1999,96.3397064208984
col,2000,97.5376510620117
col,2001,97.083641052246
col,2002,97.583251953125
col,2004,97.190788269043
col,2005,97.4555892944335
col,2006,96.3894500732422
col,2007,95.777976989746
col,2008,96.2875366210938
col,2009,96.8523635864258
col,2010,97.2210693359375
col,2011,97.3179626464844
col,2012,94.3497314453125
col,2013,93.0784530639648
col,2014,92.2585067749023
col,2015,93.1681900024414
com,1999,60.1150093078613
com,2000,66.8552169799805
com,2007,78.270149230957
com,2013,85.2704162597656
com,2014,81.2953186035156
cpv,2000,97.6968002319335
cpv,2001,95.4030303955078
cpv,2002,95.0727233886719
cpv,2003,94.5844573974609
cpv,2004,92.9646072387695
cpv,2005,92.7444381713867
cpv,2006,92.4239120483398
cpv,2007,92.4380874633789
cpv,2008,92.5056076049805
cpv,2009,93.6335372924805
cpv,2010,95.2459487915039
cpv,2011,96.709861755371
cpv,2012,98.4276504516602
cpv,2013,98.4166564941406
cpv,2014,98.2425003051758
cpv,2015,97.2687225341797
cri,2011,99.4373321533203
cri,2012,99.4707489013672
cri,2013,98.4705810546875
cri,2014,96.358268737793
cri,2015,96.6183471679688
cub,1999,98.9336395263672
cub,2000,98.2787704467773
cub,2001,97.5693283081055
cub,2002,97.1877670288085
cub,2003,95.2508392333984
cub,2004,95.0939102172852
cub,2005,94.9967727661133
cub,2006,95.1727600097656
cub,2007,97.4230728149414
cub,2008,98.1765213012695
cub,2009,99.8122024536133
cub,2010,99.786491394043
cub,2011,98.6743621826172
cub,2012,97.0414276123047
cub,2013,96.4222793579102
cub,2014,93.2393112182617
cub,2015,92.2526473999023
cyp,1999,97.6236190795898
cyp,2000,98.069969177246
cyp,2001,97.5395965576172
cyp,2002,98.5069427490234
cyp,2003,98.6352386474609
cyp,2004,98.7601928710938
cyp,2005,99.6620407104492
cyp,2006,99.5201873779297
cyp,2007,99.3418426513672
cyp,2008,98.9612426757813
cyp,2009,99.1447372436523
cyp,2010,99.2851028442383
cyp,2011,99.2800903320313
cyp,2012,98.1763534545898
cyp,2013,97.4943695068359
cyp,2014,97.1352920532227
cyp,2015,97.8283386230469
deu,1999,99.9712295532227
deu,2000,99.8758087158203
deu,2001,99.8546600341797
deu,2002,99.9278717041016
deu,2003,99.7486877441406
deu,2004,99.8051605224609
deu,2005,99.7500076293945
deu,2006,99.6223526000977
deu,2007,99.7798461914063
deu,2008,99.6006622314453
deu,2009,99.5622100830078
deu,2010,99.6122665405273
deu,2011,99.64208984375
deu,2012,99.5957336425781
deu,2013,99.8479690551758
deu,2014,99.8454208374023
deu,2015,99.7974319458008
dji,1999,25.7426700592041
dji,2000,25.8925704956055
dji,2001,28.4242496490479
dji,2002,30.0588798522949
dji,2004,34.5450706481934
dji,2005,36.7196388244629
dji,2006,40.5892791748047
dji,2007,44.8876190185547
dji,2008,49.2966003417969
dji,2009,48.8498382568359
dji,2011,57.6825218200684
dji,2013,57.0603485107422
dji,2014,64.6444778442383
dji,2015,57.3690605163574
dma,2000,98.4133987426758
dma,2001,97.2953186035156
dma,2002,98.7066192626953
dma,2003,98.0031661987305
dma,2004,98.4449615478516
dma,2005,95.5358963012695
dma,2006,93.8036499023438
dma,2007,89.2515335083008
dma,2008,89.6743698120117
dma,2009,97.1752090454102
dnk,1999,97.9455108642578
dnk,2000,98.1049728393555
dnk,2001,99.8507766723633
dnk,2002,99.8725891113281
dnk,2004,98.3372573852539
dnk,2005,96.2336502075195
dnk,2006,96.5750732421875
dnk,2007,97.1049194335938
dnk,2008,96.5492477416992
dnk,2009,96.456901550293
dnk,2010,96.2930603027344
dnk,2011,97.7728729248047
dnk,2012,98.2551116943359
dnk,2013,98.6692962646484
dnk,2014,98.3957595825195
dnk,2015,98.6671524047852
dom,1999,83.8945388793945
dom,2000,84.8338928222656
dom,2002,90.5752334594727
dom,2003,87.5302734375
dom,2004,82.4811630249023
dom,2005,84.1126098632813
dom,2006,82.572151184082
dom,2007,88.7144165039063
dom,2008,85.1657333374023
dom,2009,94.942497253418
dom,2010,92.1523208618164
dom,2011,91.2253875732422
dom,2012,89.3181228637695
dom,2013,88.1054534912109
dom,2014,85.7966766357422
dom,2015,88.7476272583008
dza,1999,89.7255325317383
dza,2000,90.5237197875977
dza,2001,92.6419372558594
dza,2002,93.91455078125
dza,2003,94.4528579711914
dza,2004,95.2220077514648
dza,2005,95.5387573242188
dza,2006,95.7594985961914
dza,2007,95.9753799438477
dza,2008,97.3411483764648
dza,2009,98.8084030151367
dza,2010,98.6604766845703
dza,2011,98.7500610351563
dza,2015,98.8130264282227
eap,1986,91.4108810424805
eap,1987,94.1397323608398
eap,1988,95.3767623901367
eap,1989,95.60205078125
eap,1990,95.2994613647461
eap,1991,95.6004409790039
eap,1992,95.7396621704102
eap,1993,94.9529113769531
eap,1994,93.9900894165039
eap,1995,92.647590637207
eap,1996,91.6590805053711
eap,1997,91.0225296020508
eap,1998,92.7498168945313
eap,1999,94.3346710205078
eap,2000,94.6755065917969
eap,2001,95.1565093994141
eap,2002,97.3995971679688
eap,2003,97.1673889160156
eap,2004,96.4863510131836
eap,2005,94.8850326538086
eap,2006,94.3600082397461
eap,2007,95.3861465454102
eap,2008,95.4391326904297
eap,2009,95.8122406005859
eap,2010,95.9232025146484
eap,2011,96.1331481933594
eap,2012,96.0971069335938
eap,2013,95.9019012451172
eap,2014,96.0258026123047
eas,1976,88.7344284057617
eas,1977,86.8304977416992
eas,1978,84.5244827270508
eas,1979,84.3972091674805
eas,1980,85.1848983764648
eas,1981,86.2845993041992
eas,1982,86.9029769897461
eas,1983,87.0720977783203
eas,1984,87.5325927734375
eas,1985,90.0456008911133
eas,1986,92.1577301025391
eas,1987,94.6503219604492
eas,1988,95.7716598510742
eas,1989,95.9703369140625
eas,1990,95.6782379150391
eas,1991,95.9280776977539
eas,1992,96.0368194580078
eas,1993,95.2768096923828
eas,1994,94.3853073120117
eas,1995,93.1119918823242
eas,1996,92.1747436523438
eas,1997,91.552001953125
eas,1998,93.1389770507813
eas,1999,94.6244201660156
eas,2000,94.9568099975586
eas,2001,95.4109573364258
eas,2002,97.4924163818359
eas,2003,97.2951736450195
eas,2004,96.6563873291016
eas,2005,95.181770324707
eas,2006,94.7097320556641
eas,2007,95.674072265625
eas,2008,95.7309417724609
eas,2009,96.0687484741211
eas,2010,96.1660690307617
eas,2011,96.3647613525391
eas,2012,96.3226089477539
eas,2013,96.0940628051758
eas,2014,96.2079620361328
eca,1992,94.1734771728516
eca,1993,93.2285537719727
eca,1994,92.9158401489258
eca,1995,92.1419830322266
eca,1996,92.5687408447266
eca,1997,92.073600769043
eca,1998,92.5253067016602
eca,1999,93.0527801513672
eca,2000,93.925666809082
eca,2001,95.6474761962891
eca,2002,96.8447570800781
eca,2003,96.3400115966797
eca,2004,96.8508911132813
eca,2005,94.8106231689453
eca,2006,94.9569473266602
eca,2007,95.0181503295898
eca,2008,95.146240234375
eca,2009,94.7815170288086
eca,2010,95.1925735473633
eca,2011,95.3641891479492
eca,2012,95.0888366699219
eca,2013,95.1033325195313
eca,2014,94.6392593383789
ecs,1972,93.3352127075195
ecs,1973,93.0546188354492
ecs,1974,93.1358184814453
ecs,1975,93.2356109619141
ecs,1976,93.5277404785156
ecs,1977,93.6136093139648
ecs,1978,93.771858215332
ecs,1979,93.9589614868164
ecs,1980,93.9319686889648
ecs,1981,93.4009094238281
ecs,1982,93.4231109619141
ecs,1983,93.1687622070313
ecs,1984,93.7424621582031
ecs,1985,93.7376708984375
ecs,1986,94.3063430786133
ecs,1987,94.6050567626953
ecs,1988,95.0819473266602
ecs,1989,94.8638000488281
ecs,1990,94.9237976074219
ecs,1991,95.3003082275391
ecs,1992,95.0544967651367
ecs,1993,94.8142929077148
ecs,1994,94.7077407836914
ecs,1995,94.4343719482422
ecs,1996,94.8403396606445
ecs,1997,95.0358963012695
ecs,1998,95.8526611328125
ecs,1999,96.1917572021484
ecs,2000,96.6480865478516
ecs,2001,97.4777069091797
ecs,2002,97.9724578857422
ecs,2003,97.6664810180664
ecs,2004,97.6409072875977
ecs,2005,96.7368316650391
ecs,2006,96.8327484130859
ecs,2007,96.8629837036133
ecs,2008,97.1301116943359
ecs,2009,96.9808883666992
ecs,2010,97.2747192382813
ecs,2011,97.3291778564453
ecs,2012,97.2496490478516
ecs,2013,97.3062515258789
ecs,2014,97.022087097168
ecu,1999,96.2609100341797
ecu,2000,96.9949722290039
ecu,2001,98.2973403930664
ecu,2002,99.3680267333984
ecu,2003,99.3115997314453
ecu,2005,99.3765411376953
ecu,2006,99.4553680419922
ecu,2007,99.3686676025391
ecu,2009,97.2394485473633
ecu,2010,96.7655563354492
ecu,2011,97.0186233520508
ecu,2012,96.7369918823242
ecu,2013,96.4246215820313
ecu,2014,98.0846405029297
ecu,2015,97.9652862548828
ecu,2016,98.192527770996
egy,1999,86.0095062255859
egy,2000,88.395393371582
egy,2001,90.1067123413085
egy,2002,91.8093338012695
egy,2003,93.8121185302734
egy,2004,96.2165069580078
egy,2005,96.837028503418
egy,2006,94.986473083496
egy,2007,98.1638488769531
egy,2009,98.6080780029297
egy,2010,99.074363708496
egy,2011,97.8934783935547
egy,2012,99.2109603881835
egy,2014,98.9418411254883
emu,1970,95.2237930297852
emu,1971,95.2293014526367
emu,1972,95.3497924804688
emu,1973,95.3196868896484
emu,1974,95.8484115600586
emu,1975,96.0534515380859
emu,1976,96.3037719726563
emu,1977,96.336051940918
emu,1978,96.7017288208008
emu,1979,96.9507827758789
emu,1980,96.9828796386719
emu,1981,97.0625228881836
emu,1982,96.7981414794922
emu,1983,96.1892929077148
emu,1984,96.0176162719727
emu,1985,96.0755920410156
emu,1986,96.8819427490234
emu,1987,96.9836196899414
emu,1988,97.1399078369141
emu,1989,97.2258605957031
emu,1990,97.026252746582
emu,1991,97.0304107666016
emu,1992,96.5078201293945
emu,1993,96.5888824462891
emu,1994,96.4248886108398
emu,1995,96.8555679321289
emu,1996,97.6197204589844
emu,1997,98.1840515136719
emu,1998,99.1040802001953
emu,1999,99.3495712280273
emu,2000,99.3522720336914
emu,2001,99.2863922119141
emu,2002,99.2347869873047
emu,2003,99.0746917724609
emu,2004,98.7902374267578
emu,2005,98.7482986450195
emu,2006,98.8127975463867
emu,2007,99.0463333129883
emu,2008,99.0866928100586
emu,2009,99.0738983154297
emu,2010,99.1178588867188
emu,2011,98.9867401123047
emu,2012,99.0712280273438
emu,2013,99.104248046875
emu,2014,98.9193115234375
eri,1999,31.1446895599365
eri,2000,36.2617797851563
eri,2001,38.389289855957
eri,2002,43.5629081726074
eri,2003,48.290340423584
eri,2004,50.9935913085938
eri,2005,52.5422897338867
eri,2006,51.8664588928223
eri,2007,47.1321716308594
eri,2008,43.8014793395996
eri,2009,40.5337715148926
eri,2010,38.286548614502
eri,2011,40.5774917602539
eri,2012,42.6383209228516
eri,2013,40.6462097167969
eri,2014,40.685661315918
eri,2015,39.1359710693359
esp,1999,99.868797302246
esp,2000,99.8215713500977
esp,2001,99.7684478759766
esp,2002,99.8282470703125
esp,2003,99.8662872314453
esp,2004,99.7542877197266
esp,2005,99.6923980712891
esp,2006,99.7742385864258
esp,2007,99.8775405883789
esp,2008,99.8555297851563
esp,2009,99.7120132446289
esp,2010,99.6082382202148
esp,2011,99.6769866943359
esp,2012,99.6745910644531
esp,2013,99.5133514404297
esp,2014,98.987190246582
esp,2015,99.4968795776367
est,1999,99.1438369750977
est,2000,98.9567489624023
est,2001,98.8893890380859
est,2002,98.8566436767578
est,2003,97.2395401000977
est,2004,96.2865600585938
est,2005,96.1147537231445
est,2006,95.6875076293945
est,2007,96.7607192993164
est,2008,96.2749328613281
est,2009,96.0925903320313
est,2010,99.0993270874023
est,2011,99.6407012939453
est,2012,99.6500701904297
est,2013,99.5527191162109
est,2014,95.5918121337891
est,2015,94.9418334960938
eth,1999,36.0899314880371
eth,2000,40.1560401916504
eth,2001,44.411060333252
eth,2002,46.6327209472656
eth,2003,47.4056396484375
eth,2004,50.2760391235352
eth,2005,61.2172317504883
eth,2006,65.9244918823242
eth,2007,71.1290969848633
eth,2008,76.7881393432617
eth,2009,76.361572265625
eth,2010,74.4483413696289
eth,2011,78.4198913574219
eth,2012,79.6823577880859
eth,2014,86.4894714355469
eth,2015,86.1690826416016
euu,1970,95.6277770996094
euu,1971,95.6384811401367
euu,1972,95.7369537353516
euu,1973,95.5626831054688
euu,1974,95.8518524169922
euu,1975,95.8743896484375
euu,1976,95.9670791625977
euu,1977,95.9242172241211
euu,1978,96.0265274047852
euu,1979,96.0414810180664
euu,1980,96.0924606323242
euu,1981,95.8806076049805
euu,1982,95.8607711791992
euu,1983,95.4592132568359
euu,1984,95.3579406738281
euu,1985,95.1598587036133
euu,1986,95.6511688232422
euu,1987,95.8680267333984
euu,1988,95.9365768432617
euu,1989,95.6812286376953
euu,1990,95.3740997314453
euu,1991,95.1041030883789
euu,1992,94.7412109375
euu,1993,95.2007522583008
euu,1994,95.6884994506836
euu,1995,96.0622406005859
euu,1996,96.608772277832
euu,1997,97.3789901733398
euu,1998,98.5713729858398
euu,1999,98.5740585327148
euu,2000,98.6010589599609
euu,2001,98.6492691040039
euu,2002,98.6461486816406
euu,2003,98.6030731201172
euu,2004,98.2677612304688
euu,2005,98.2317810058594
euu,2006,98.1920776367188
euu,2007,98.1912078857422
euu,2008,98.5345687866211
euu,2009,98.5405731201172
euu,2010,98.7255935668945
euu,2011,98.6496810913086
euu,2012,98.6754989624023
euu,2013,98.6328125
euu,2014,98.5083312988281
fin,1999,99.8300094604492
fin,2000,99.7310104370117
fin,2001,99.7556304931641
fin,2002,99.5286407470703
fin,2003,98.8194580078125
fin,2004,97.891487121582
fin,2005,97.4883575439453
fin,2006,96.9269714355469
fin,2007,97.3836517333984
fin,2008,97.6822662353516
fin,2009,97.7257385253906
fin,2010,97.9589462280273
fin,2011,98.2579498291016
fin,2012,99.1749877929688
fin,2013,99.588508605957
fin,2014,99.5038604736328
fin,2015,99.6449966430664
fji,1999,94.248291015625
fji,2000,94.8633270263672
fji,2001,97.938591003418
fji,2002,99.2170715332031
fji,2003,99.300163269043
fji,2004,99.1555862426758
fji,2006,99.1292877197266
fji,2007,99.6143493652344
fji,2008,99.3302001953125
fji,2009,99.3888931274414
fji,2011,99.0408401489258
fji,2012,98.6865615844727
fji,2013,97.0447311401367
fji,2015,98.0284423828125
fra,1999,99.6363372802734
fra,2000,99.5732116699219
fra,2001,99.6007232666016
fra,2002,99.5820770263672
fra,2003,99.4264297485352
fra,2004,99.0588531494141
fra,2005,99.2911834716797
fra,2006,99.195068359375
fra,2007,99.2077865600585
fra,2008,99.1491928100585
fra,2009,99.2422485351563
fra,2010,99.2565994262695
fra,2011,99.0425491333008
fra,2012,98.9327774047852
fra,2013,99.3398818969727
fra,2014,99.442268371582
fsm,2014,87.0547332763672
fsm,2015,84.0033264160156
gbr,1999,99.9496917724609
gbr,2000,99.9523468017578
gbr,2001,99.9441986083984
gbr,2002,99.7907867431641
gbr,2003,99.9081497192383
gbr,2004,99.2863311767578
gbr,2005,99.9943923950195
gbr,2006,99.6199264526367
gbr,2007,97.7029113769531
gbr,2008,99.0680923461914
gbr,2009,98.7300262451172
gbr,2010,99.422996520996
gbr,2011,99.738151550293
gbr,2012,99.801139831543
gbr,2013,99.8274612426758
gbr,2014,99.8543319702148
geo,2004,90.652587890625
geo,2005,90.876121520996
geo,2006,94.990623474121
geo,2007,95.1777877807617
geo,2008,99.5936584472656
geo,2009,99.9597930908203
geo,2011,99.3552627563477
gha,1999,62.0941314697266
gha,2000,65.631591796875
gha,2001,60.2021903991699
gha,2002,62.7061004638672
gha,2003,61.593090057373
gha,2005,66.5083465576172
gha,2006,66.0584030151367
gha,2007,72.3871536254883
gha,2008,77.9094390869141
gha,2009,76.4905471801758
gha,2011,83.8500823974609
gha,2012,82.188591003418
gha,2013,86.831657409668
gha,2014,89.3122863769531
gha,2015,90.885887145996
gha,2016,87.9477691650391
gin,1999,41.8635292053223
gin,2000,44.9769401550292
gin,2001,48.4439010620117
gin,2002,55.8093414306641
gin,2003,59.3417587280273
gin,2004,62.4310607910156
gin,2005,64.4574432373047
gin,2006,66.6397476196289
gin,2007,68.4754409790039
gin,2008,67.3027801513672
gin,2009,68.4406585693359
gin,2010,70.5466613769531
gin,2011,74.3938522338867
gin,2012,73.729362487793
gin,2013,74.5948181152344
gin,2014,78.0177993774414
gmb,1999,75.1035614013672
gmb,2000,72.7627029418945
gmb,2001,73.733787536621
gmb,2002,71.6805877685547
gmb,2003,75.4088516235352
gmb,2004,75.5747375488281
gmb,2005,72.7384796142578
gmb,2006,77.17431640625
gmb,2007,76.9160614013672
gmb,2008,72.5064010620117
gmb,2010,70.5251235961914
gmb,2011,70.3667907714844
gmb,2012,72.7127532958984
gmb,2013,68.6043395996094
gmb,2014,71.2463836669922
gmb,2015,74.0793762207031
gmb,2016,75.973777770996
gnb,2000,46.7029685974121
gnb,2010,69.23095703125
gnq,2000,66.6094818115234
gnq,2001,73.8110504150391
gnq,2002,71.66552734375
gnq,2003,70.0858917236328
gnq,2008,52.9673118591309
gnq,2009,52.7452697753906
gnq,2010,52.9906997680664
gnq,2011,55.3024787902832
gnq,2012,57.8901481628417
gnq,2015,56.7971000671387
grc,1999,96.5781402587891
grc,2000,98.0747680664063
grc,2001,97.3347702026367
grc,2002,97.8855285644531
grc,2003,98.1664505004883
grc,2004,98.047019958496
grc,2005,97.1704711914063
grc,2006,96.923210144043
grc,2007,97.4117965698242
grc,2010,98.5231094360352
grc,2011,97.9782409667969
grc,2012,97.8580780029297
grc,2013,97.1714706420898
grc,2014,96.2816772460938
grd,1999,99.9914321899414
grd,2002,96.2912673950195
grd,2004,98.5203170776367
grd,2005,90.684226989746
grd,2007,93.4244689941406
grd,2008,95.79052734375
grd,2009,97.4743728637695
grd,2013,98.3966903686523
grd,2014,97.3325500488281
grd,2015,97.7573699951172
gtm,1999,82.1330490112305
gtm,2000,85.0584869384766
gtm,2001,84.4045333862305
gtm,2002,87.7789001464844
gtm,2004,92.2792434692383
gtm,2005,93.6537475585938
gtm,2006,94.9619674682617
gtm,2007,95.9247207641602
gtm,2008,95.9173583984375
gtm,2009,99.0848388671875
gtm,2010,98.6926498413085
gtm,2011,96.6536865234375
gtm,2012,93.752799987793
gtm,2013,91.2425079345703
gtm,2014,88.9645462036133
gtm,2015,88.0477600097656
guy,2003,92.3445434570313
guy,2008,89.183479309082
guy,2009,82.6614227294922
guy,2010,84.6697082519531
guy,2011,85.9839172363281
guy,2012,85.0296630859375
hic,1970,90.7859573364258
hic,1971,90.8210220336914
hic,1972,90.7826919555664
hic,1973,91.20654296875
hic,1974,90.90576171875
hic,1975,91.2173614501953
hic,1976,91.8483428955078
hic,1977,91.9765014648438
hic,1978,92.268699645996
hic,1979,92.3486404418945
hic,1980,94.5244598388672
hic,1981,94.4798202514648
hic,1982,94.9863967895508
hic,1983,94.3843536376953
hic,1984,93.9716262817383
hic,1985,93.9590606689453
hic,1986,94.5557708740234
hic,1987,95.135627746582
hic,1988,95.4522018432617
hic,1989,95.6465225219727
hic,1990,95.8128204345703
hic,1991,95.7257537841797
hic,1992,95.1929702758789
hic,1993,94.950569152832
hic,1994,94.8919296264648
hic,1995,95.3492813110352
hic,1996,95.4543685913085
hic,1997,96.0617904663085
hic,1998,96.7839431762695
hic,1999,97.016471862793
hic,2000,97.1162567138672
hic,2001,97.0358963012695
hic,2002,96.6140975952148
hic,2003,96.4773712158203
hic,2004,96.0961074829102
hic,2005,96.3792266845703
hic,2006,96.7898788452148
hic,2007,97.1774291992188
hic,2008,97.4571228027344
hic,2009,97.0353698730469
hic,2010,96.9592208862305
hic,2011,96.6409378051758
hic,2012,96.8689727783203
hic,2013,96.8007736206055
hic,2014,96.817527770996
hic,2015,97.1638717651367
hnd,2000,88.506706237793
hnd,2003,93.0645904541016
hnd,2004,95.0736465454102
hnd,2005,91.2187805175781
hnd,2006,96.1972885131835
hnd,2007,92.119873046875
hnd,2008,96.1943283081055
hnd,2009,96.650260925293
hnd,2010,96.0585708618164
hnd,2011,97.5053176879883
hnd,2012,97.3269119262695
hnd,2013,94.6304397583008
hnd,2014,94.8790817260742
hnd,2015,93.5872421264648
hpc,1972,37.316650390625
hpc,1973,38.1691513061523
hpc,1974,38.8487892150879
hpc,1975,40.4917411804199
hpc,1976,42.3579711914063
hpc,1977,43.8961410522461
hpc,1978,45.2576904296875
hpc,1979,46.410758972168
hpc,1980,48.0699501037598
hpc,1981,49.2252998352051
hpc,1982,48.5533905029297
hpc,1983,49.2823295593262
hpc,1984,49.0511817932129
hpc,1985,48.854190826416
hpc,1986,48.8292198181152
hpc,1987,48.1399688720703
hpc,1988,48.0398712158203
hpc,1989,46.9183692932129
hpc,1990,45.7718086242676
hpc,1991,47.0157203674316
hpc,1992,46.0964012145996
hpc,1993,45.9205513000488
hpc,1994,46.9195213317871
hpc,1995,48.9131813049316
hpc,1996,48.9169006347656
hpc,1997,51.5796890258789
hpc,1998,52.2463302612305
hpc,1999,52.17919921875
hpc,2000,54.0877990722656
hpc,2001,56.7015991210938
hpc,2002,60.1947593688965
hpc,2003,63.0906715393066
hpc,2004,65.6474761962891
hpc,2005,68.3468170166016
hpc,2006,70.743522644043
hpc,2007,72.7194976806641
hpc,2008,75.937141418457
hpc,2009,76.0889663696289
hpc,2010,76.0655136108398
hpc,2011,77.5114669799805
hpc,2012,78.7073364257813
hpc,2013,79.9000015258789
hpc,2014,80.689567565918
hrv,1999,92.5778503417969
hrv,2000,93.9080581665039
hrv,2001,96.165428161621
hrv,2002,98.2722473144531
hrv,2003,99.6106185913085
hrv,2005,98.9043884277344
hrv,2006,98.8605117797852
hrv,2007,98.7937774658203
hrv,2008,97.1181716918945
hrv,2009,91.3665466308594
hrv,2010,94.6010437011719
hrv,2011,96.8275299072266
hrv,2012,98.4076080322266
hrv,2013,98.2675323486328
hrv,2014,98.3544769287109
hrv,2015,98.3650894165039
hun,1999,96.1263809204102
hun,2000,96.6038589477539
hun,2001,96.9877166748047
hun,2002,97.0804061889648
hun,2003,95.9458770751953
hun,2004,95.557243347168
hun,2005,96.2855606079102
hun,2006,96.7986679077148
hun,2007,96.6255569458008
hun,2008,97.875617980957
hun,2009,98.5827102661133
hun,2010,98.454963684082
hun,2011,97.7651977539063
hun,2012,96.7207183837891
hun,2013,96.0714874267578
hun,2014,95.8816223144531
hun,2015,95.7095336914063
idn,2001,96.1651306152344
idn,2002,95.4445037841797
idn,2003,94.9045181274414
idn,2004,94.1105422973633
idn,2005,93.1107025146484
idn,2006,94.4006118774414
idn,2007,96.735008239746
idn,2008,95.8119201660156
idn,2009,96.472770690918
idn,2010,96.8136520385742
idn,2011,96.3476333618164
idn,2012,95.4360427856445
idn,2013,93.2890625
idn,2014,92.8833236694335
idn,2015,90.5746612548828
ind,2000,84.1365432739258
ind,2001,84.0630874633789
ind,2002,83.869987487793
ind,2003,88.7030563354492
ind,2007,96.9665603637695
ind,2008,96.9870376586914
ind,2009,95.6436080932617
ind,2010,96.1928100585938
ind,2011,95.7629928588867
ind,2012,96.9845123291016
ind,2013,97.7388687133789
irl,1999,99.8147430419922
irl,2000,99.7543869018555
irl,2001,99.7233428955078
irl,2002,99.767936706543
irl,2003,99.8928527832031
irl,2004,99.8024673461914
irl,2005,99.8748474121094
irl,2006,99.8899383544922
irl,2007,99.924186706543
irl,2008,99.8193969726563
irl,2009,99.6885681152344
irl,2010,99.6659698486328
irl,2011,99.2528991699219
irl,2012,99.4322662353516
irl,2013,99.2397994995117
irl,2014,98.9288024902344
irl,2015,99.2007522583008
irn,1999,85.8827667236328
irn,2000,85.2519073486328
irn,2002,93.9058990478516
irn,2003,93.3409576416016
irn,2004,96.4062881469727
irn,2005,96.1834182739258
irn,2006,98.7880477905273
irn,2007,99.5147399902344
irn,2009,99.5773620605469
irn,2010,99.6831207275391
irn,2011,99.8326416015625
irn,2012,99.541862487793
irn,2013,98.8229904174805
irn,2014,99.3434677124023
irn,2015,99.2453231811523
irq,1999,89.4671401977539
irq,2000,88.4190826416016
irq,2003,94.2461776733398
irq,2004,93.017463684082
irq,2007,92.3116989135742
isl,1999,99.0343475341797
isl,2000,99.164192199707
isl,2001,99.5688171386719
isl,2002,99.5400085449219
isl,2003,99.261863708496
isl,2004,97.8515014648438
isl,2005,97.8940734863281
isl,2006,97.9587173461914
isl,2007,98.0479125976563
isl,2008,98.629638671875
isl,2009,99.1235885620117
isl,2010,98.6615905761719
isl,2011,98.5233993530273
isl,2012,98.6939315795898
isl,2013,99.118537902832
isr,1999,97.5969467163085
isr,2000,97.8463668823242
isr,2001,98.3108367919922
isr,2002,97.9895477294922
isr,2003,98.0803298950195
isr,2004,97.663330078125
isr,2005,97.5390319824219
isr,2006,97.0628814697266
isr,2007,97.2923202514648
isr,2008,97.26513671875
isr,2009,96.9678268432617
isr,2010,97.3854675292969
isr,2011,97.022850036621
isr,2012,97.6753921508789
isr,2013,97.2495803833008
isr,2014,97.0653228759766
isr,2015,97.5569229125977
ita,1999,99.9102478027344
ita,2000,99.7511672973633
ita,2001,99.6679382324219
ita,2002,99.577262878418
ita,2003,99.5302429199219
ita,2004,99.4769897460938
ita,2005,99.3017501831055
ita,2006,99.2121124267578
ita,2007,99.1502227783203
ita,2008,99.0986480712891
ita,2009,99.1474914550781
ita,2010,99.2549285888672
ita,2011,98.9895477294922
ita,2012,99.3193664550781
ita,2013,99.4585266113281
ita,2014,99.2787704467773
ita,2015,98.9025192260742
jam,1999,92.0829162597656
jam,2000,93.5644989013672
jam,2001,93.2731704711914
jam,2002,92.5724411010742
jam,2003,91.3733596801758
jam,2004,93.2186813354492
jor,1999,97.6574172973633
jor,2000,98.9402008056641
jor,2002,99.019889831543
jor,2003,98.8525009155273
jor,2004,98.5535583496094
jor,2005,98.9109802246094
jor,2006,98.5873718261719
jor,2007,97.0517501831055
jor,2008,94.3829116821289
jor,2010,89.7488784790039
jor,2011,88.6718826293945
jor,2012,87.5220489501953
jor,2013,89.322868347168
jpn,1999,99.9985733032227
jpn,2000,99.9702072143555
jpn,2001,99.9746475219727
jpn,2002,99.9753494262695
jpn,2003,99.996223449707
jpn,2004,99.9665603637695
jpn,2005,99.9993515014648
jpn,2006,99.9762115478516
jpn,2007,99.9979782104492
jpn,2008,99.9821472167969
jpn,2009,99.9726486206055
jpn,2010,99.9435119628906
jpn,2011,99.9499893188477
jpn,2012,99.948631286621
jpn,2013,99.9499969482422
jpn,2014,99.9500122070313
kaz,2000,94.1336517333984
kaz,2001,97.2529907226563
kaz,2002,98.3575820922852
kaz,2003,98.5819778442383
kaz,2004,98.7266464233398
kaz,2005,98.7241668701172
kaz,2006,97.654182434082
kaz,2007,97.3195266723633
kaz,2008,98.5670776367188
kaz,2009,99.4467926025391
kaz,2010,99.652587890625
kaz,2011,99.2639617919922
kaz,2012,99.4159317016602
kaz,2013,99.392707824707
kaz,2014,99.4929885864258
kaz,2015,99.8704528808594
kaz,2016,99.7381973266602
ken,1999,62.8877792358398
ken,2000,66.0325393676758
ken,2001,67.5440826416016
ken,2002,62.6820602416992
ken,2003,75.1603393554688
ken,2004,74.3146820068359
ken,2005,76.0977325439453
ken,2006,76.0051879882813
ken,2007,87.0947494506835
ken,2008,82.8987426757813
ken,2009,84.0122222900391
ken,2012,86.2140808105469
kgz,1999,93.0641708374023
kgz,2000,92.4056167602539
kgz,2001,93.0592193603516
kgz,2002,92.906120300293
kgz,2003,92.5238723754883
kgz,2004,96.9235382080078
kgz,2005,94.4707183837891
kgz,2006,95.5512008666992
kgz,2007,94.4178237915039
kgz,2008,93.7753601074219
kgz,2009,93.0455093383789
kgz,2010,93.7540435791016
kgz,2011,93.7148895263672
kgz,2012,97.2663116455078
kgz,2013,98.3486480712891
kgz,2014,97.9814376831055
kgz,2015,97.9330825805664
khm,1999,86.5765533447266
khm,2000,92.3216705322266
khm,2003,97.6994094848633
khm,2006,94.4971466064453
khm,2007,95.543830871582
khm,2008,94.2363662719727
khm,2010,93.2808303833008
khm,2011,97.5170516967773
khm,2012,97.4059829711914
khm,2014,94.7074508666992
khm,2015,94.9251098632813
kir,2014,97.6427612304688
kir,2015,96.8826599121094
kna,2000,97.2177429199219
kna,2001,94.2459716796875
kna,2002,96.2173767089844
kna,2003,96.87255859375
kna,2004,96.5019607543945
kna,2005,95.6290969848633
kna,2007,89.8415069580078
kna,2008,82.587287902832
kna,2009,92.2916717529297
kna,2010,86.0131530761719
kna,2011,87.3833236694335
kna,2012,83.9407196044922
kna,2013,82.2023620605469
kna,2014,81.1317901611328
kna,2015,80.392448425293
kor,1999,99.3447494506835
kor,2000,99.750602722168
kor,2001,99.8657302856445
kor,2002,99.7223892211914
kor,2007,99.6880722045898
kor,2008,99.6943588256835
kor,2009,99.076042175293
kor,2010,98.9409103393555
kor,2011,98.9755172729492
kor,2012,98.9859924316406
kor,2013,96.4079895019531
kor,2014,96.5499801635742
kor,2015,98.7600631713867
kwt,1999,96.6286468505859
kwt,2000,97.0510635375977
kwt,2001,98.659797668457
kwt,2002,99.0195388793945
kwt,2003,99.2374801635742
kwt,2004,99.1733627319335
kwt,2005,96.0896072387695
kwt,2007,98.7675933837891
kwt,2008,98.3131637573242
kwt,2010,97.4856262207031
kwt,2011,98.4758987426758
kwt,2012,98.0258178710938
kwt,2013,98.093132019043
kwt,2014,98.7032012939453
lac,1970,82.3460464477539
lac,1971,82.7733993530273
lac,1972,83.2891998291016
lac,1973,83.9814910888672
lac,1974,84.6018218994141
lac,1975,84.730842590332
lac,1976,85.3824920654297
lac,1977,86.4021987915039
lac,1978,86.9790115356445
lac,1979,88.5632095336914
lac,1980,88.8607864379883
lac,1981,89.7135162353516
lac,1982,89.7709884643555
lac,1983,89.8219985961914
lac,1984,89.8727493286133
lac,1985,90.1960372924805
lac,1986,90.2919082641602
lac,1987,90.5061721801758
lac,1988,90.3365936279297
lac,1989,89.6360092163086
lac,1990,90.1750030517578
lac,1991,90.5483322143555
lac,1992,91.5829391479492
lac,1993,91.8863830566406
lac,1994,91.4617385864258
lac,1995,91.4657669067383
lac,1996,92.0250015258789
lac,1997,92.4529876708984
lac,1998,93.804817199707
lac,1999,94.9257125854492
lac,2000,95.6891403198242
lac,2001,95.9667510986328
lac,2002,96.1902618408203
lac,2003,95.3461074829102
lac,2004,95.3647003173828
lac,2005,95.1215591430664
lac,2006,94.5084228515625
lac,2007,94.0731887817383
lac,2008,95.3614501953125
lac,2009,95.5054321289063
lac,2010,95.6606674194336
lac,2011,95.6587219238281
lac,2012,94.9143829345703
lac,2013,94.3569183349609
lac,2014,94.0029983520508
lao,1999,74.9083404541016
lao,2000,75.6953811645508
lao,2001,75.1142120361328
lao,2002,76.1745300292969
lao,2003,78.699462890625
lao,2004,79.3492736816406
lao,2005,80.6172866821289
lao,2006,82.1559982299805
lao,2007,84.6691589355469
lao,2008,87.1155624389648
lao,2009,89.5041732788085
lao,2010,94.1474075317383
lao,2011,93.9884567260742
lao,2012,93.7866134643555
lao,2013,95.3730392456055
lao,2014,95.1242294311523
lao,2015,92.7118911743164
lbn,2002,98.5696792602539
lbn,2003,97.7067108154297
lbn,2004,95.8949737548828
lbn,2005,91.6793365478516
lbn,2006,88.8487167358398
lbn,2007,89.7786636352539
lbn,2008,90.6227493286133
lbn,2009,91.833122253418
lbn,2010,93.3599014282227
lbn,2011,93.3284683227539
lbn,2012,90.2040634155273
lbn,2013,88.8914108276367
lbn,2014,83.7448425292969
lbn,2015,83.5174331665039
lbr,1999,46.6338691711426
lbr,2006,35.1092300415039
lbr,2008,42.6238288879395
lbr,2009,40.1645317077637
lbr,2011,40.9160003662109
lbr,2014,38.127010345459
lbr,2015,37.6139297485352
lca,2000,90.6404266357422
lca,2001,91.0643920898438
lca,2002,98.3430404663085
lca,2003,97.0899200439453
lca,2004,95.0642700195313
lca,2005,92.7846832275391
lca,2006,95.1759872436523
lca,2007,94.1219329833984
lcn,1970,83.2726211547852
lcn,1971,83.6702194213867
lcn,1972,84.1307220458984
lcn,1973,84.774299621582
lcn,1974,85.3195037841797
lcn,1975,85.4381790161133
lcn,1976,86.070442199707
lcn,1977,87.0341262817383
lcn,1978,87.5548782348633
lcn,1979,88.9925079345703
lcn,1980,89.229377746582
lcn,1981,90.0905838012695
lcn,1982,90.0583877563477
lcn,1983,90.0746536254883
lcn,1984,90.0671081542969
lcn,1985,90.396842956543
lcn,1986,90.4519271850586
lcn,1987,90.6237030029297
lcn,1988,90.4362716674805
lcn,1989,89.7818603515625
lcn,1990,90.3111724853516
lcn,1991,90.6571807861328
lcn,1992,91.571662902832
lcn,1993,91.8555374145508
lcn,1994,91.4386901855469
lcn,1995,91.4367904663086
lcn,1996,91.9654998779297
lcn,1997,92.4473419189453
lcn,1998,93.7901992797852
lcn,1999,94.9251327514648
lcn,2000,95.6602478027344
lcn,2001,95.9107513427734
lcn,2002,96.1161727905273
lcn,2003,95.2875823974609
lcn,2004,95.410530090332
lcn,2005,95.1587600708008
lcn,2006,94.5741500854492
lcn,2007,94.1537780761719
lcn,2008,95.3872909545898
lcn,2009,95.4632415771484
lcn,2010,95.6300201416016
lcn,2011,95.5751724243164
lcn,2012,94.8488388061523
lcn,2013,94.3018798828125
lcn,2014,93.9753265380859
ldc,1970,38.7994003295898
ldc,1971,38.444580078125
ldc,1972,41.5185203552246
ldc,1973,44.6319885253906
ldc,1974,44.6785316467285
ldc,1975,47.1510009765625
ldc,1976,49.2497901916504
ldc,1977,50.1746597290039
ldc,1978,51.0284805297852
ldc,1979,51.8211288452148
ldc,1980,53.0050582885742
ldc,1981,53.2682189941406
ldc,1982,52.5093688964844
ldc,1983,52.8688011169434
ldc,1984,52.508960723877
ldc,1985,51.7958488464355
ldc,1986,51.8208999633789
ldc,1987,51.449649810791
ldc,1988,53.5010299682617
ldc,1989,53.1467704772949
ldc,1990,52.5661506652832
ldc,1991,53.891471862793
ldc,1992,53.8519706726074
ldc,1993,53.9226303100586
ldc,1994,54.7338981628418
ldc,1995,56.0681495666504
ldc,1996,56.1836891174316
ldc,1997,57.8259010314941
ldc,1998,58.1873588562012
ldc,1999,58.0114593505859
ldc,2000,60.22412109375
ldc,2001,62.4403495788574
ldc,2002,65.6056594848633
ldc,2003,68.5569763183594
ldc,2004,70.9746780395508
ldc,2005,73.4141082763672
ldc,2006,75.5764236450195
ldc,2007,76.7899932861328
ldc,2008,78.8505096435547
ldc,2009,79.196891784668
ldc,2010,79.0647811889648
ldc,2011,80.5829010009766
ldc,2012,81.4536209106445
ldc,2013,82.2595520019531
ldc,2014,82.5270690917969
lic,1973,35.9092597961426
lic,1974,37.0089302062988
lic,1975,38.9749717712402
lic,1976,41.1860809326172
lic,1977,43.1962585449219
lic,1978,44.6156692504883
lic,1979,45.7754287719727
lic,1980,48.2728004455566
lic,1981,49.7397918701172
lic,1982,48.9231185913086
lic,1983,49.7903900146484
lic,1984,49.4142684936523
lic,1985,48.9291610717773
lic,1986,48.884449005127
lic,1987,47.6445617675781
lic,1988,47.607250213623
lic,1989,46.8177909851074
lic,1990,45.5570297241211
lic,1991,46.9552116394042
lic,1992,45.9697303771973
lic,1993,45.8758811950684
lic,1994,46.865161895752
lic,1995,49.074031829834
lic,1996,49.2005615234375
lic,1997,51.7754707336426
lic,1998,52.3490104675292
lic,1999,52.2260284423828
lic,2000,54.3902816772461
lic,2001,56.9101982116699
lic,2002,60.798469543457
lic,2003,64.1058502197266
lic,2004,66.7287521362305
lic,2005,69.3465576171875
lic,2006,72.3290710449219
lic,2007,74.2566604614258
lic,2008,77.2439117431641
lic,2009,77.7818908691406
lic,2010,77.5309982299805
lic,2011,78.7845993041992
lic,2012,79.8950500488281
lic,2013,80.6974868774414
lic,2014,81.075569152832
lic,2015,80.9454727172852
lie,2003,99.2285385131835
lie,2004,99.4318466186523
lie,2006,98.8516693115234
lie,2007,98.9021530151367
lie,2008,99.2175979614258
lie,2009,98.5204010009766
lie,2010,99.1849212646484
lie,2011,98.6972427368164
lie,2012,98.4792861938477
lie,2014,97.4986724853516
lie,2015,99.8076705932617
lka,2001,99.8810119628906
lka,2002,99.9247283935547
lka,2003,99.6167297363281
lka,2004,96.8480987548828
lka,2005,97.2529067993164
lka,2006,96.728416442871
lka,2007,96.3668975830078
lka,2008,95.5427932739258
lka,2009,93.3739700317383
lka,2010,95.0441513061523
lka,2011,95.1880798339844
lka,2012,95.3712692260742
lka,2013,96.512336730957
lka,2014,97.3337783813477
lka,2015,99.0812683105469
lmc,1970,61.0500106811523
lmc,1971,61.112548828125
lmc,1972,62.4588394165039
lmc,1973,64.501579284668
lmc,1974,64.4869918823242
lmc,1975,65.7971725463867
lmc,1976,66.5537872314453
lmc,1977,68.3689498901367
lmc,1978,68.0847930908203
lmc,1979,69.0018463134766
lmc,1980,70.2065963745117
lmc,1981,71.5050201416016
lmc,1982,72.9931793212891
lmc,1983,73.9915390014648
lmc,1984,74.6367874145508
lmc,1985,74.5491485595703
lmc,1986,74.8154907226563
lmc,1987,74.4340209960938
lmc,1988,75.5046920776367
lmc,1989,76.5717468261719
lmc,1990,76.3487930297852
lmc,1991,76.6152877807617
lmc,1992,76.9189682006835
lmc,1993,77.9463119506835
lmc,1994,78.9128494262695
lmc,1995,78.6189270019531
lmc,1996,78.6426696777344
lmc,1997,78.9497528076172
lmc,1998,78.9095993041992
lmc,1999,79.7356719970703
lmc,2000,81.2648010253906
lmc,2001,81.7337265014648
lmc,2002,81.8715972900391
lmc,2003,84.3828735351563
lmc,2004,85.873680114746
lmc,2005,87.0896072387695
lmc,2006,87.8865966796875
lmc,2007,89.9042587280273
lmc,2008,89.4365310668945
lmc,2009,89.3196487426758
lmc,2010,90.0078735351563
lmc,2011,90.1707763671875
lmc,2012,90.6671676635742
lmc,2013,90.4885482788085
lmc,2014,90.5145797729492
lmc,2015,90.2624969482422
lmy,1970,67.986686706543
lmy,1971,67.9754409790039
lmy,1972,69.1593933105469
lmy,1973,71.7816772460938
lmy,1974,72.7710113525391
lmy,1975,74.1724700927734
lmy,1976,74.8912200927734
lmy,1977,74.9220733642578
lmy,1978,73.6743087768555
lmy,1979,74.0962371826172
lmy,1980,75.0831298828125
lmy,1981,75.9944686889648
lmy,1982,76.4575424194336
lmy,1983,76.8828811645508
lmy,1984,77.2728881835938
lmy,1985,78.0017929077148
lmy,1986,78.8264389038086
lmy,1987,79.117790222168
lmy,1988,79.8206481933594
lmy,1989,80.3177185058594
lmy,1990,80.2462692260742
lmy,1991,80.6608428955078
lmy,1992,80.7143173217773
lmy,1993,80.9269714355469
lmy,1994,81.1029891967773
lmy,1995,80.7948379516602
lmy,1996,80.6052474975586
lmy,1997,80.9040908813477
lmy,1998,81.5384292602539
lmy,1999,82.4099578857422
lmy,2000,83.3934326171875
lmy,2001,83.9308471679688
lmy,2002,85.1315231323242
lmy,2003,86.4718780517578
lmy,2004,87.5373916625977
lmy,2005,87.7802429199219
lmy,2006,88.2073516845703
lmy,2007,89.4666366577148
lmy,2008,89.680061340332
lmy,2009,89.5680389404297
lmy,2010,89.7946701049805
lmy,2011,89.9546279907227
lmy,2012,90.2888336181641
lmy,2013,90.3597793579102
lmy,2014,90.4409637451172
lso,1999,59.6079483032227
lso,2000,80.4165420532227
lso,2001,80.5418090820313
lso,2002,80.894432067871
lso,2003,80.8929977416992
lso,2004,78.4020614624023
lso,2005,77.5157623291016
lso,2006,77.695671081543
lso,2007,75.1601028442383
lso,2008,76.2792663574219
lso,2009,76.9185028076172
lso,2010,79.0310287475585
lso,2011,80.6149826049805
lso,2012,82.023323059082
lso,2013,80.0596771240234
lso,2014,80.730842590332
lso,2015,80.7348937988281
ltu,1999,97.9118423461914
ltu,2000,97.8814010620117
ltu,2001,98.0011978149414
ltu,2002,97.9856185913085
ltu,2003,95.9408416748047
ltu,2004,92.0402374267578
ltu,2005,91.0606994628906
ltu,2006,93.0054321289063
ltu,2007,96.2266006469727
ltu,2008,98.9358062744141
ltu,2009,99.2557067871094
ltu,2010,99.3075866699219
ltu,2011,98.1517791748047
ltu,2012,98.5683975219727
ltu,2013,99.7295074462891
ltu,2014,99.4684677124023
ltu,2015,99.390998840332
lux,1999,97.3383178710938
lux,2000,97.0999298095703
lux,2001,96.7372970581055
lux,2002,96.9964599609375
lux,2003,95.8672409057617
lux,2004,96.5126037597656
lux,2005,97.7544937133789
lux,2006,98.2531509399414
lux,2007,98.3547821044922
lux,2008,97.6252288818359
lux,2010,95.2893524169922
lux,2011,94.6215896606445
lux,2012,95.6161804199219
lux,2013,95.2097930908203
lux,2014,95.9760971069335
lva,1999,97.1604690551758
lva,2008,96.9392929077148
lva,2009,98.1845779418945
lva,2010,98.1457901000977
lva,2011,98.1608505249023
lva,2012,98.3848495483398
lva,2013,98.466667175293
lva,2014,97.0260314941406
lva,2015,96.7509765625
mac,1999,85.2979507446289
mac,2000,85.7432327270508
mac,2001,84.7895278930664
mac,2002,87.1392517089844
mac,2003,88.3799209594727
mac,2004,89.3782806396484
mac,2005,89.4779510498047
mac,2006,88.4059677124023
mac,2007,88.5439071655273
mac,2008,87.1722869873047
mac,2009,84.5146408081055
mac,2010,83.3314666748047
mac,2011,84.600700378418
mac,2012,84.4038162231445
mac,2013,85.7973480224609
mac,2014,90.3414077758789
mac,2015,95.2107009887695
mar,1999,71.1536178588867
mar,2000,75.9322814941406
mar,2001,79.8515319824219
mar,2002,84.073631286621
mar,2003,85.367790222168
mar,2004,85.2127075195313
mar,2005,86.2399826049805
mar,2006,87.6223526000977
mar,2007,89.0299377441406
mar,2008,90.1635437011719
mar,2009,90.7012329101563
mar,2010,94.917381286621
mar,2011,97.3412628173828
mar,2012,97.8614501953125
mar,2013,98.8764114379883
mar,2014,98.9231719970703
mda,2000,92.5607376098633
mda,2001,95.5865478515625
mda,2002,95.9639282226563
mda,2003,96.6388778686523
mda,2004,96.6290969848633
mda,2005,93.3720016479492
mda,2006,90.6344833374023
mda,2007,90.0117034912109
mda,2008,90.4635314941406
mda,2009,90.0338592529297
mda,2010,90.1051406860352
mda,2011,90.5779037475585
mda,2012,90.5281677246094
mda,2013,90.5799102783203
mda,2014,90.0017471313477
mda,2015,89.9499664306641
mdg,1999,63.531810760498
mdg,2000,65.1805877685547
mdg,2001,66.7487487792969
mdg,2002,67.6795120239258
mdg,2003,77.4342727661133
mdv,1999,95.5598068237305
mdv,2000,97.1532669067383
mdv,2001,97.9196014404297
mdv,2002,97.8323287963867
mdv,2004,99.9943466186523
mdv,2005,98.1989822387695
mdv,2006,97.8494567871094
mdv,2007,96.7123565673828
mdv,2008,91.9364166259766
mdv,2009,96.5268020629883
mdv,2016,94.835838317871
mea,1970,60.4545402526855
mea,1971,60.4220390319824
mea,1972,62.6985015869141
mea,1973,64.0884017944336
mea,1974,65.0932464599609
mea,1975,67.6085586547852
mea,1976,69.9375610351563
mea,1977,71.4733963012695
mea,1978,72.73095703125
mea,1979,72.0931091308594
mea,1980,74.4640121459961
mea,1981,74.1791534423828
mea,1982,75.4136428833008
mea,1983,76.129753112793
mea,1984,77.4105529785156
mea,1985,77.7852096557617
mea,1986,78.6677093505859
mea,1987,79.6345672607422
mea,1988,80.3179092407227
mea,1989,80.3203964233398
mea,1990,82.145881652832
mea,1991,82.9655303955078
mea,1992,80.8106307983398
mea,1993,81.0839920043945
mea,1994,82.6674499511719
mea,1995,81.6528701782227
mea,1996,83.422721862793
mea,1997,83.4895706176758
mea,1998,83.531608581543
mea,1999,83.6581726074219
mea,2000,84.5818634033203
mea,2001,87.0338363647461
mea,2002,89.063102722168
mea,2003,89.8974914550781
mea,2004,91.1664810180664
mea,2005,91.694450378418
mea,2006,91.9551391601563
mea,2007,92.8623962402344
mea,2008,93.3037872314453
mea,2009,93.8103179931641
mea,2010,95.0561294555664
mea,2011,95.3808898925781
mea,2012,95.7441787719727
mea,2013,94.9381866455078
mea,2014,94.5927810668945
mex,1999,98.2546234130859
mex,2000,98.5814819335938
mex,2001,98.4224624633789
mex,2002,99.0451812744141
mex,2003,98.473876953125
mex,2004,97.3841094970703
mex,2005,96.1249465942383
mex,2006,95.16455078125
mex,2007,94.8666915893555
mex,2008,94.8051528930664
mex,2009,95.4195404052734
mex,2010,96.2654571533203
mex,2011,97.0296630859375
mex,2012,97.6105804443359
mex,2013,97.4915924072266
mex,2014,97.5963668823242
mhl,2002,98.0330123901367
mhl,2011,99.7081985473633
mhl,2015,78.4077987670898
mic,1970,71.0859985351563
mic,1971,71.03466796875
mic,1972,72.2305068969727
mic,1973,74.9914321899414
mic,1974,75.9833297729492
mic,1975,77.327507019043
mic,1976,77.9199295043945
mic,1977,77.7648315429688
mic,1978,76.2904586791992
mic,1979,76.6708297729492
mic,1980,77.5380325317383
mic,1981,78.4744415283203
mic,1982,79.099021911621
mic,1983,79.5246887207031
mic,1984,80.0434417724609
mic,1985,80.9555282592773
mic,1986,81.9385375976563
mic,1987,82.5020217895508
mic,1988,83.3697891235352
mic,1989,84.0890274047852
mic,1990,84.2290573120117
mic,1991,84.5785903930664
mic,1992,84.8080215454102
mic,1993,85.1140518188477
mic,1994,85.2361831665039
mic,1995,84.647819519043
mic,1996,84.4321594238281
mic,1997,84.4761962890625
mic,1998,85.2262496948242
mic,1999,86.3463287353516
mic,2000,87.2571334838867
mic,2001,87.6243896484375
mic,2002,88.5813827514648
mic,2003,89.8851318359375
mic,2004,90.9827117919922
mic,2005,90.7570495605469
mic,2006,90.8510818481445
mic,2007,92.1182708740234
mic,2008,91.9626770019531
mic,2009,91.8291168212891
mic,2010,92.222801208496
mic,2011,92.3138580322266
mic,2012,92.55126953125
mic,2013,92.4045562744141
mic,2014,92.4859237670898
mic,2015,92.3483123779297
mkd,1999,95.0403518676758
mkd,2000,97.375877380371
mkd,2001,97.7198867797852
mkd,2002,96.2571487426758
mkd,2003,94.644172668457
mkd,2004,94.4003829956055
mkd,2005,93.6154937744141
mkd,2006,91.5814666748047
mkd,2007,90.3844604492188
mkd,2008,88.8777770996094
mkd,2009,89.8980484008789
mkd,2010,93.3574523925781
mkd,2012,88.293701171875
mkd,2013,87.399040222168
mkd,2014,88.2561187744141
mkd,2015,91.0573577880859
mli,1999,43.7472190856934
mli,2002,51.2014083862305
mli,2003,51.1484107971191
mli,2004,51.1284790039063
mli,2005,56.1136016845703
mli,2006,57.43505859375
mli,2007,59.5858383178711
mli,2009,66.7762832641602
mli,2010,67.9494018554688
mli,2011,69.0754623413085
mli,2012,67.0073776245117
mli,2013,62.6587409973145
mli,2014,63.5668411254883
mli,2015,60.7258491516113
mlt,2011,98.2108306884766
mlt,2012,98.0098876953125
mlt,2013,99.4032821655273
mlt,2014,98.8251113891602
mlt,2015,98.4868392944335
mmr,2000,89.9173965454102
mmr,2001,91.0418090820313
mmr,2002,88.900260925293
mmr,2003,90.7007904052734
mmr,2004,89.240478515625
mmr,2005,88.9581909179688
mmr,2006,88.6576614379883
mmr,2007,88.8171997070313
mmr,2008,89.3798904418945
mmr,2009,88.0809783935547
mmr,2010,87.7473373413085
mmr,2014,94.5278778076172
mna,1970,60.8727188110352
mna,1971,60.8591384887695
mna,1972,63.290111541748
mna,1973,64.769157409668
mna,1974,65.8436584472656
mna,1975,68.5339431762695
mna,1976,71.0598297119141
mna,1977,72.7000427246094
mna,1978,74.0553588867188
mna,1979,73.432861328125
mna,1980,76.018669128418
mna,1981,75.7289123535156
mna,1982,77.0549087524414
mna,1983,77.8017120361328
mna,1984,79.1228332519531
mna,1985,79.4500427246094
mna,1986,80.2961502075195
mna,1987,81.2545928955078
mna,1988,81.9161682128906
mna,1989,81.8438186645508
mna,1990,83.8815612792969
mna,1991,84.8134384155273
mna,1992,82.3186416625977
mna,1993,82.4664001464844
mna,1994,84.0811614990234
mna,1995,82.7549667358398
mna,1996,84.553466796875
mna,1997,84.4903869628906
mna,1998,84.3347320556641
mna,1999,84.3652114868164
mna,2000,85.2658081054688
mna,2001,87.8784103393555
mna,2002,90.0501708984375
mna,2003,90.9216079711914
mna,2004,92.2395477294922
mna,2005,92.6737899780273
mna,2006,92.9425811767578
mna,2007,93.8026809692383
mna,2008,94.1545791625977
mna,2009,94.5505523681641
mna,2010,95.4378280639648
mna,2011,95.7616195678711
mna,2012,95.9190216064453
mna,2013,94.7312774658203
mna,2014,94.3022994995117
mne,2003,97.3427810668945
mne,2005,97.9165496826172
mne,2006,98.4623718261719
mne,2007,95.3074493408203
mne,2008,94.1046829223633
mne,2011,91.925910949707
mne,2012,94.2378921508789
mne,2015,93.6869583129883
mng,1999,90.7107620239258
mng,2000,92.8608474731445
mng,2001,94.2141036987305
mng,2002,93.135383605957
mng,2003,85.9646682739258
mng,2004,92.8379135131835
mng,2005,92.4327011108398
mng,2006,97.4871826171875
mng,2007,97.7397003173828
mng,2008,98.164421081543
mng,2009,96.4628829956055
mng,2010,97.6429290771484
mng,2011,98.0401229858398
mng,2012,97.5772018432617
mng,2013,95.2905807495117
mng,2014,95.6186599731445
mng,2015,97.3117599487305
moz,1999,51.6889495849609
moz,2000,55.1837196350098
moz,2001,59.3220405578613
moz,2002,54.866268157959
moz,2004,67.2778701782227
moz,2005,72.1879577636719
moz,2006,75.8675308227539
moz,2007,80.8704986572266
moz,2008,84.21875
moz,2009,85.4948501586914
moz,2010,87.051887512207
moz,2011,85.1350173950195
moz,2012,85.55078125
moz,2013,86.7726821899414
moz,2014,87.5563278198242
moz,2015,89.1328125
mrt,1999,59.7348785400391
mrt,2000,59.8535499572754
mrt,2001,63.1058807373047
mrt,2002,62.3823318481445
mrt,2003,65.3047332763672
mrt,2004,72.057991027832
mrt,2005,70.6530075073242
mrt,2006,73.1740875244141
mrt,2007,73.9434661865234
mrt,2008,70.4822006225585
mrt,2009,69.8058166503906
mrt,2010,70.2421798706055
mrt,2011,70.8662033081055
mrt,2012,69.8418731689453
mrt,2013,72.7310409545898
mrt,2014,75.0818023681641
mrt,2015,79.9006195068359
mus,1999,92.7568283081055
mus,2000,93.2265930175781
mus,2001,92.7536468505859
mus,2002,94.3364562988281
mus,2003,93.7285385131835
mus,2004,94.3805389404297
mus,2005,96.0208892822266
mus,2006,96.0304718017578
mus,2007,96.4994583129883
mus,2008,96.6482086181641
mus,2009,96.6599197387695
mus,2010,96.508689880371
mus,2011,96.735710144043
mus,2012,93.952018737793
mus,2013,96.3373489379883
mus,2014,96.5532684326172
mus,2015,96.2853393554688
mwi,1999,96.7137222290039
mwi,2002,98.5447463989258
mwi,2004,98.1769714355469
mwi,2005,98.2278594970703
mwi,2006,97.6163101196289
mwi,2007,93.1662063598633
mwi,2008,97.6617889404297
mwi,2009,98.0618209838867
mys,1999,95.1418304443359
mys,2000,97.8139877319335
mys,2001,97.0256195068359
mys,2002,95.8628921508789
mys,2003,96.715950012207
mys,2004,99.7181091308594
mys,2005,99.9383010864258
mys,2006,97.5446090698242
mys,2007,97.5140914916992
mys,2008,97.2239532470703
mys,2009,97.2880935668945
mys,2010,96.5733032226563
mys,2011,96.7227096557617
mys,2012,97.7119827270508
mys,2013,98.815086364746
mys,2014,98.3656616210938
mys,2015,98.091682434082
nac,1974,82.1521911621094
nac,1975,82.0888290405273
nac,1976,82.991943359375
nac,1977,83.4120407104492
nac,1978,84.013069152832
nac,1979,83.8771820068359
nac,1980,91.0504913330078
nac,1981,91.0936889648438
nac,1982,93.4483108520508
nac,1983,92.4569396972656
nac,1984,91.6168670654297
nac,1985,91.9772567749023
nac,1986,93.4341506958008
nac,1987,94.959846496582
nac,1988,95.9002304077148
nac,1989,96.8560562133789
nac,1990,97.7814788818359
nac,1991,97.985481262207
nac,1992,97.0743179321289
nac,1993,96.0357131958008
nac,1994,95.637451171875
nac,1995,96.7799530029297
nac,1996,96.3440780639648
nac,1997,96.9273986816406
nac,1998,97.5015335083008
nac,1999,97.7222595214844
nac,2000,97.8275909423828
nac,2001,97.5007705688477
nac,2002,96.2626800537109
nac,2003,95.7878112792969
nac,2004,94.7384262084961
nac,2005,95.4057693481445
nac,2006,96.4368286132813
nac,2007,97.2874526977539
nac,2008,97.4980163574219
nac,2009,96.2578735351563
nac,2010,95.0980224609375
nac,2011,94.2823791503906
nac,2012,94.5479431152344
nac,2013,93.3228378295898
nac,2014,94.4784393310547
nam,1999,87.7285079956055
nam,2000,89.2378616333008
nam,2001,89.9774703979492
nam,2002,91.26806640625
nam,2003,91.0111618041992
nam,2004,88.4582977294922
nam,2005,88.2671508789063
nam,2006,85.6107864379883
nam,2007,87.9842071533203
nam,2008,87.1752395629883
nam,2009,86.9608764648438
nam,2010,86.7711715698242
nam,2012,88.5864486694335
nam,2013,90.6553192138672
ner,1999,26.7073707580566
ner,2000,27.3813896179199
ner,2001,31.011079788208
ner,2002,34.6166000366211
ner,2003,38.3387603759766
ner,2004,41.836009979248
ner,2005,41.8024101257324
ner,2006,43.1207389831542
ner,2007,44.366081237793
ner,2008,47.8209991455078
ner,2009,51.638599395752
ner,2010,55.7457084655762
ner,2011,60.5615501403809
ner,2012,62.0574417114258
ner,2013,61.7787094116211
ner,2014,61.7597885131836
ner,2015,63.2819213867188
nga,1999,62.9099807739258
nga,2000,65.9570617675781
nga,2004,67.6427612304688
nga,2005,68.075080871582
nga,2006,68.5330963134766
nga,2007,71.3556976318359
nga,2008,64.6025314331055
nga,2009,65.6817779541016
nga,2010,65.6736526489258
nic,1999,82.6587982177734
nic,2000,85.9325408935547
nic,2001,90.1826019287109
nic,2002,97.4267730712891
nic,2004,99.1733093261719
nic,2005,99.3627319335938
nic,2006,98.3640594482422
nic,2007,98.1061782836914
nic,2008,98.9714813232422
nic,2010,98.410530090332
nld,1999,99.4704895019531
nld,2000,99.5035171508789
nld,2001,99.4492492675781
nld,2002,99.4109725952148
nld,2003,99.2610473632813
nld,2004,98.5691833496094
nld,2005,98.3895034790039
nld,2006,98.7243270874023
nld,2007,99.4118194580078
nld,2008,99.5025787353516
nld,2009,99.6649322509766
nld,2010,99.8847503662109
nld,2011,99.9055328369141
nld,2012,99.8530197143555
nld,2015,98.6431427001953
nor,1999,99.7776184082031
nor,2000,99.7189865112305
nor,2001,99.7702331542969
nor,2002,99.7396392822266
nor,2003,99.8557434082031
nor,2004,99.4310302734375
nor,2005,98.5824737548828
nor,2006,98.6391372680664
nor,2007,99.1732177734375
nor,2008,99.3368072509766
nor,2009,99.1598205566406
nor,2010,99.007713317871
nor,2011,99.2730407714844
nor,2012,99.7013473510742
nor,2013,99.8645935058594
nor,2014,99.8879623413085
nor,2015,99.7845764160156
npl,1999,66.3244400024414
npl,2000,72.6118698120117
npl,2003,80.4018020629883
npl,2004,81.0856399536133
npl,2011,98.6350936889648
npl,2012,99.5794830322266
npl,2014,94.6615295410156
npl,2015,97.1265487670898
npl,2016,97.1078033447266
nru,2012,76.71533203125
nru,2014,86.6267471313477
nzl,1999,99.3978805541992
nzl,2000,98.9087295532227
nzl,2001,97.2408905029297
nzl,2002,96.8351364135742
nzl,2003,98.0580291748047
nzl,2004,98.2695999145508
nzl,2005,99.1018676757813
nzl,2006,99.1652374267578
nzl,2007,99.5302429199219
nzl,2008,99.6553497314453
nzl,2009,99.4593200683594
nzl,2010,99.4692077636719
nzl,2011,99.0524291992188
nzl,2012,98.4232330322266
nzl,2013,98.3457870483398
nzl,2014,98.4942398071289
nzl,2015,99.1453399658203
oed,1970,90.1674423217773
oed,1971,90.1885833740234
oed,1972,90.2944412231445
oed,1973,90.869499206543
oed,1974,90.8171005249023
oed,1975,91.0227966308594
oed,1976,91.7038726806641
oed,1977,92.0611877441406
oed,1978,92.2829513549805
oed,1979,92.8969879150391
oed,1980,94.8600082397461
oed,1981,94.8500671386719
oed,1982,95.3949279785156
oed,1983,95.0271682739258
oed,1984,95.1254501342773
oed,1985,95.0463027954102
oed,1986,95.8487930297852
oed,1987,96.4177627563477
oed,1988,96.7870635986328
oed,1989,96.6899719238281
oed,1990,97.2800598144531
oed,1991,97.2162704467773
oed,1992,96.8667602539063
oed,1993,96.4333419799805
oed,1994,96.2307434082031
oed,1995,96.4870910644531
oed,1996,96.4667282104492
oed,1997,96.8588485717773
oed,1998,97.4734115600586
oed,1999,98.1214218139648
oed,2000,98.3331909179688
oed,2001,98.2464065551758
oed,2002,97.9411392211914
oed,2003,97.6975326538086
oed,2004,97.1800308227539
oed,2005,97.2041625976563
oed,2006,97.3863906860352
oed,2007,97.6211624145508
oed,2008,97.7265930175781
oed,2009,97.2295989990234
oed,2010,97.1194229125977
oed,2011,96.8939437866211
oed,2012,96.9548873901367
oed,2013,96.4692764282227
oed,2014,96.8109512329102
omn,1999,83.6271820068359
omn,2000,84.7496337890625
omn,2001,85.9721527099609
omn,2002,85.5044708251953
omn,2003,83.0793609619141
omn,2009,96.5246429443359
omn,2011,97.0044784545898
omn,2012,97.738166809082
omn,2013,98.0912399291992
omn,2014,97.8833389282227
omn,2015,98.042869567871
pak,2002,59.0375709533691
pak,2003,61.0006217956542
pak,2004,66.6361999511719
pak,2005,68.7413330078125
pak,2006,66.281883239746
pak,2007,71.1234893798828
pak,2008,71.9115600585938
pak,2009,73.3100967407227
pak,2010,74.6779632568359
pak,2011,71.7402725219727
pak,2012,71.3037567138672
pak,2013,70.0556793212891
pak,2014,72.9792022705078
pak,2015,73.8453216552734
pan,1999,93.3634567260742
pan,2000,95.2319107055664
pan,2001,96.633201599121
pan,2002,98.8197326660156
pan,2004,98.5951232910156
pan,2005,98.2288589477539
pan,2006,98.7533569335938
pan,2007,98.683837890625
pan,2008,98.119873046875
pan,2009,95.6354293823242
pan,2010,97.9906005859375
pan,2011,97.447868347168
pan,2012,97.4421768188477
pan,2013,96.5407028198242
pan,2014,93.4018096923828
per,1999,99.9663162231445
per,2000,99.9532775878906
per,2001,99.7456512451172
per,2002,99.7130737304688
per,2003,99.5369033813477
per,2004,99.1174621582031
per,2005,98.9429092407227
per,2006,98.9228210449219
per,2007,98.8813171386719
per,2008,98.7802124023438
per,2009,98.8804321289063
per,2010,98.877586364746
per,2011,98.5783920288085
per,2012,93.0569534301758
per,2013,95.777473449707
per,2014,95.3085632324219
per,2015,97.8900527954102
phl,1999,88.9417114257813
phl,2001,89.6324615478516
phl,2002,90.066307067871
phl,2003,90.3635787963867
phl,2004,89.7702178955078
phl,2005,88.9954833984375
phl,2006,87.37158203125
phl,2007,87.7036895751953
phl,2008,89.0593490600585
phl,2009,91.2589721679688
phl,2013,96.7509613037109
plw,2013,98.9193115234375
plw,2014,99.3121337890625
plw,2016,80.3008575439453
png,2012,87.1588821411133
pol,1999,95.9409332275391
pol,2000,95.9779891967773
pol,2001,96.1362228393555
pol,2002,95.8939208984375
pol,2003,95.5391464233398
pol,2004,95.1943588256835
pol,2005,94.9032897949219
pol,2006,95.1611785888672
pol,2007,95.3445663452148
pol,2008,95.5500564575195
pol,2009,96.2912063598633
pol,2010,96.7667388916016
pol,2011,96.7353820800781
pol,2012,97.043701171875
pol,2013,97.1043090820313
pol,2014,96.5266723632813
pri,2010,87.571907043457
pri,2011,84.5309906005859
pri,2012,85.1835098266602
pri,2013,85.2233505249023
pri,2014,84.8782501220703
prk,2009,96.9731292724609
prk,2015,96.4502487182617
prt,2009,99.3789367675781
prt,2010,99.4780883789063
prt,2011,99.0160064697266
prt,2012,99.0984497070313
prt,2013,98.9627532958984
prt,2014,98.7731323242188
prt,2015,97.9703979492188
pry,1999,97.0823974609375
pry,2000,97.8622283935547
pry,2001,97.8754196166992
pry,2002,96.2130813598633
pry,2003,95.4285430908203
pry,2004,94.9108505249023
pry,2005,95.4290466308594
pry,2006,93.7732467651367
pry,2007,92.0249862670898
pry,2008,90.5397720336914
pry,2009,89.5365371704102
pry,2010,89.6587982177734
pry,2011,89.6935424804688
pry,2012,89.1967697143555
pse,1999,90.3358535766602
pse,2000,90.900047302246
pse,2001,89.0592498779297
pse,2002,88.8767013549805
pse,2003,88.0495681762695
pse,2004,86.0659103393555
pse,2005,83.6354904174805
pse,2006,84.1771011352539
pse,2007,83.9305725097656
pse,2008,85.958740234375
pse,2009,87.7297134399414
pse,2010,89.0168685913085
pse,2011,89.8696899414063
pse,2012,92.5071105957031
pse,2013,92.3597412109375
pse,2014,92.9536590576172
pse,2015,92.2536773681641
qat,1999,98.5762329101563
qat,2000,96.1877517700195
qat,2001,96.9362106323242
qat,2002,98.1452102661133
qat,2003,96.7048187255859
qat,2004,96.1857223510742
qat,2005,99.2866973876953
qat,2007,98.461067199707
qat,2009,97.077880859375
qat,2010,95.4177398681641
qat,2011,98.8112564086914
qat,2012,97.4195327758789
qat,2013,93.6794128417969
qat,2014,93.85986328125
qat,2015,96.5736923217773
rou,1999,92.7769012451172
rou,2000,92.3099822998047
rou,2001,91.8564987182617
rou,2002,94.1571807861328
rou,2003,97.2548370361328
rou,2004,98.9348831176758
rou,2005,97.7737274169922
rou,2006,95.4447326660156
rou,2007,95.2398300170898
rou,2008,94.6480712890625
rou,2009,94.3371429443359
rou,2010,93.5558166503906
rou,2011,92.7008972167969
rou,2012,91.4696884155273
rou,2015,90.1396484375
rus,2006,92.8209609985352
rus,2007,93.5542221069335
rus,2008,94.7831726074219
rus,2009,96.2273788452148
rus,2011,97.2668075561523
rus,2012,97.3267669677734
rus,2013,97.5060729980469
rus,2014,96.2125396728516
rus,2015,97.4988021850585
rwa,1999,78.7342910766602
rwa,2002,82.009880065918
rwa,2003,88.4706802368164
rwa,2010,98.5069885253906
rwa,2013,96.1213073730469
rwa,2014,96.6725769042969
rwa,2015,95.0956497192383
sas,1970,57.4898300170898
sas,1971,57.2140693664551
sas,1972,59.1119689941406
sas,1973,62.4644584655762
sas,1974,62.2666893005371
sas,1975,63.4774398803711
sas,1976,63.9129905700684
sas,1977,65.4199676513672
sas,1978,62.9885711669922
sas,1979,63.1566505432129
sas,1980,64.2492370605469
sas,1981,65.2786178588867
sas,1982,65.3798904418945
sas,1983,66.8990707397461
sas,1984,68.0518417358398
sas,1985,68.1612167358398
sas,1986,69.6909103393555
sas,1987,68.6232376098633
sas,1988,70.8607177734375
sas,1989,73.0815887451172
sas,1990,73.2493667602539
sas,1991,73.5073623657227
sas,1992,74.1642379760742
sas,1993,75.6632995605469
sas,1994,76.9507675170898
sas,1995,77.1963729858398
sas,1996,77.4841003417969
sas,1997,77.5645523071289
sas,1998,76.8692092895508
sas,1999,77.6454620361328
sas,2000,79.415641784668
sas,2001,79.5629806518555
sas,2002,80.3913192749023
sas,2003,84.6933670043945
sas,2004,87.2437362670898
sas,2005,89.147819519043
sas,2006,90.6212997436523
sas,2007,92.5427780151367
sas,2008,92.4088821411133
sas,2009,91.7397079467773
sas,2010,92.4785690307617
sas,2011,92.0738983154297
sas,2012,92.9888763427734
sas,2013,93.3346862792969
sas,2014,93.5379333496094
sau,2009,85.016357421875
sau,2010,90.3468322753906
sau,2011,90.7401885986328
sau,2012,93.0728225708008
sau,2013,96.0713882446289
sau,2014,96.4863128662109
sau,2015,97.690330505371
sdn,2011,57.2810897827148
sdn,2012,54.7466812133789
sen,1999,54.758918762207
sen,2000,57.827709197998
sen,2003,64.6090774536133
sen,2004,62.6852416992188
sen,2005,63.7599182128906
sen,2006,66.1593399047852
sen,2007,68.6826400756835
sen,2008,69.3868789672852
sen,2009,69.5675811767578
sen,2010,70.2179489135742
sen,2011,70.4968719482422
sen,2012,73.205192565918
sen,2013,72.0403823852539
sen,2014,72.8386306762695
sen,2015,72.9911422729492
slb,2005,75.5612487792969
slb,2006,80.5692596435547
slb,2007,80.7406387329102
slb,2013,70.6607208251953
slb,2014,70.1548614501953
slb,2015,70.5470581054688
sle,2012,99.3236694335938
sle,2015,99.3764114379883
slv,2000,92.4210891723633
slv,2001,93.4353485107422
slv,2002,95.7342681884766
slv,2003,96.2735214233398
slv,2005,96.5606231689453
slv,2006,96.4985885620117
slv,2007,95.8383407592773
slv,2008,95.9560012817383
slv,2009,95.9989776611328
slv,2010,96.1280212402344
slv,2011,95.8536911010742
slv,2012,95.7051391601563
slv,2013,95.7695999145508
slv,2014,94.11376953125
slv,2015,92.1209030151367
smr,2009,91.9976272583008
smr,2010,94.1408309936523
smr,2012,93.0646133422852
srb,2005,99.7035903930664
srb,2006,99.8624801635742
srb,2007,98.3446807861328
srb,2008,97.9980697631835
srb,2009,96.0879974365234
srb,2010,94.5363693237305
srb,2011,97.124900817871
srb,2012,96.1641464233398
srb,2013,96.3415222167969
srb,2014,98.5882720947266
srb,2015,99.2062301635742
ssa,1975,43.5458106994629
ssa,1976,44.4282684326172
ssa,1977,46.5420112609863
ssa,1978,48.8146514892578
ssa,1979,51.718921661377
ssa,1980,53.9159507751465
ssa,1981,55.9272499084473
ssa,1982,57.3142395019531
ssa,1983,57.7313995361328
ssa,1984,57.1608200073242
ssa,1985,56.0291290283203
ssa,1986,54.4596099853516
ssa,1987,53.4749488830566
ssa,1988,52.7858009338379
ssa,1989,53.4390487670898
ssa,1990,52.8754081726074
ssa,1991,53.8265914916992
ssa,1992,53.6116714477539
ssa,1993,54.0523910522461
ssa,1994,54.3720092773438
ssa,1995,55.1251411437988
ssa,1996,53.9261894226074
ssa,1997,56.440299987793
ssa,1998,57.5136985778809
ssa,1999,58.1897811889648
ssa,2000,60.2286911010742
ssa,2001,61.9701881408691
ssa,2002,63.5056190490723
ssa,2003,65.8465270996094
ssa,2004,67.5780181884766
ssa,2005,69.7971420288086
ssa,2006,71.5027618408203
ssa,2007,74.1148834228516
ssa,2008,75.1307525634766
ssa,2009,75.5050582885742
ssa,2010,75.4607315063477
ssa,2011,76.6508865356445
ssa,2012,77.5177001953125
ssa,2013,78.2727813720703
ssa,2014,78.766471862793
ssd,2011,40.6473693847656
ssd,2015,30.9766006469727
ssf,1975,43.5535507202148
ssf,1976,44.4352416992188
ssf,1977,46.5484809875488
ssf,1978,48.8206596374512
ssf,1979,51.724048614502
ssf,1980,53.9201507568359
ssf,1981,55.9313201904297
ssf,1982,57.3181915283203
ssf,1983,57.7351608276367
ssf,1984,57.1643981933594
ssf,1985,56.0329704284668
ssf,1986,54.4637908935547
ssf,1987,53.4788513183594
ssf,1988,52.7894897460938
ssf,1989,53.4426689147949
ssf,1990,52.8792686462402
ssf,1991,53.8303718566895
ssf,1992,53.6153106689453
ssf,1993,54.0559310913086
ssf,1994,54.3756790161133
ssf,1995,55.1287002563477
ssf,1996,53.9298286437988
ssf,1997,56.4439010620117
ssf,1998,57.5174789428711
ssf,1999,58.1931686401367
ssf,2000,60.2315101623535
ssf,2001,61.9721717834473
ssf,2002,63.5079689025879
ssf,2003,65.8487396240234
ssf,2004,67.5800018310547
ssf,2005,69.7988662719727
ssf,2006,71.5043106079102
ssf,2007,74.1161804199219
ssf,2008,75.1319580078125
ssf,2009,75.506233215332
ssf,2010,75.4619979858398
ssf,2011,76.6520919799805
ssf,2012,77.5187835693359
ssf,2013,78.2737121582031
ssf,2014,78.7673110961914
stp,1999,82.4984817504883
stp,2002,97.8092422485352
stp,2003,98.7170104980469
stp,2004,99.0414886474609
stp,2005,98.9455108642578
stp,2007,92.3028717041016
stp,2008,93.4251098632813
stp,2009,94.6778335571289
stp,2010,94.8981094360352
stp,2013,94.7087173461914
stp,2014,95.5228729248047
stp,2015,95.699821472168
sur,2005,88.3925704956055
sur,2006,90.9975891113281
sur,2007,87.375877380371
sur,2008,92.363639831543
sur,2009,95.0215835571289
sur,2010,93.2919464111328
sur,2011,91.9831390380859
sur,2012,92.9733734130859
sur,2013,92.9163513183594
sur,2014,92.7221069335938
sur,2015,94.6637802124023
svn,1999,96.484489440918
svn,2000,95.5391693115234
svn,2001,96.1408462524414
svn,2002,96.8095474243164
svn,2003,97.7215423583984
svn,2004,99.7162628173828
svn,2005,98.6626815795898
svn,2006,98.0937423706055
svn,2007,97.9063568115234
svn,2008,97.9255065917969
svn,2009,97.6642684936523
svn,2010,97.3347320556641
svn,2011,97.1543731689453
svn,2012,97.7465972900391
svn,2013,97.492301940918
svn,2014,97.8173294067383
swe,1999,99.7683486938477
swe,2000,99.4255065917969
swe,2001,99.7246017456055
swe,2002,99.522216796875
swe,2003,99.1593933105469
swe,2004,96.9484634399414
swe,2005,95.4585037231445
swe,2006,95.1426696777344
swe,2007,96.2853393554688
swe,2008,98.4780807495117
swe,2009,99.329963684082
swe,2010,99.3796691894531
swe,2011,99.4740600585938
swe,2012,99.5910110473633
swe,2013,99.6826629638672
swe,2014,99.7146072387695
swe,2015,99.6285705566406
swz,2009,75.7794189453125
swz,2010,81.440803527832
swz,2011,82.5916290283203
swz,2012,81.6862869262695
swz,2013,78.5620498657227
swz,2014,79.7437362670898
syc,2000,93.1470794677734
syc,2001,86.1039505004883
syc,2002,93.4868392944335
syc,2003,95.2831497192383
syc,2004,95.5192794799805
syc,2005,95.5060501098633
syc,2013,95.4365463256835
syc,2014,94.6850433349609
syc,2015,95.4750137329102
syr,1999,96.5316772460938
syr,2000,96.8621215820313
syr,2001,97.5284194946289
syr,2002,97.7036666870117
syr,2003,98.3845291137695
syr,2004,99.00341796875
syr,2005,99.2025833129883
syr,2006,99.0688934326172
syr,2007,98.9716186523438
syr,2008,99.0244598388672
syr,2009,98.9173202514648
syr,2013,70.867088317871
tcd,1999,49.8944396972656
tcd,2000,51.5676803588867
tcd,2001,52.796630859375
tcd,2002,56.2953987121582
tcd,2003,57.8204307556152
tcd,2011,63.0390701293945
tcd,2013,79.1245727539063
tgo,1999,88.5492630004883
tgo,2000,85.0263595581055
tgo,2001,87.6474533081055
tgo,2002,90.9521102905273
tgo,2003,88.7495574951172
tgo,2004,91.4344329833984
tgo,2005,90.8877334594727
tgo,2006,93.3025894165039
tgo,2007,89.9970016479492
tgo,2008,91.4678726196289
tgo,2014,93.0255432128906
tgo,2015,97.4581298828125
tha,2006,94.1102066040039
tha,2007,94.5156021118164
tha,2008,95.0685501098633
tha,2009,96.3403396606445
tha,2014,92.3923110961914
tha,2015,90.8125076293945
tjk,2000,94.4541015625
tjk,2001,94.2597579956055
tjk,2002,96.188720703125
tjk,2003,96.9568405151367
tjk,2004,97.3760299682617
tjk,2005,97.4397811889648
tjk,2006,97.2831878662109
tjk,2007,96.5018081665039
tjk,2008,97.7665100097656
tjk,2009,97.8856201171875
tjk,2010,98.1088027954102
tjk,2011,98.0704498291016
tjk,2012,98.3330307006835
tjk,2013,98.0035400390625
tjk,2014,97.2233200073242
tjk,2015,98.1128463745117
tjk,2016,98.8905487060547
tls,2008,77.423973083496
tls,2009,87.2501602172852
tls,2010,96.3403625488281
tls,2011,98.9163818359375
tls,2012,97.291877746582
tls,2013,98.0439682006835
tls,2014,97.8470916748047
tls,2015,97.0163116455078
ton,1999,91.6096115112305
ton,2001,99.0487670898438
ton,2004,98.1182632446289
ton,2005,98.8295593261719
ton,2006,98.9081115722656
ton,2012,98.4152221679688
ton,2013,96.087043762207
ton,2014,98.6842498779297
tto,1999,97.8899917602539
tto,2000,98.3050384521484
tto,2001,97.7707595825195
tto,2002,94.539909362793
tto,2003,95.9292297363281
tto,2004,96.5873107910156
tto,2005,93.6748580932617
tto,2007,96.879638671875
tto,2008,97.9778213500977
tto,2009,98.2992782592773
tto,2010,98.733512878418
tun,1999,94.3447570800781
tun,2000,95.438133239746
tun,2001,97.286003112793
tun,2002,99.4774703979492
tun,2003,99.6979064941406
tun,2004,99.8405532836914
tun,2005,98.8697204589844
tun,2006,98.6300582885742
tun,2007,97.6528091430664
tun,2008,98.0080337524414
tun,2009,98.6213684082031
tun,2010,99.6318283081055
tun,2011,99.6342010498047
tun,2012,99.8892974853516
tun,2013,99.6131896972656
tur,1999,94.2962036132813
tur,2000,95.8353576660156
tur,2001,96.377571105957
tur,2002,96.7097702026367
tur,2003,97.1483993530273
tur,2004,97.4768295288085
tur,2005,97.7891387939453
tur,2006,98.1366271972656
tur,2007,98.607566833496
tur,2008,97.9982681274414
tur,2009,95.6194381713867
tur,2010,96.3258666992188
tur,2011,95.3783721923828
tur,2012,93.7784805297852
tur,2013,93.1798477172852
tur,2014,94.2770462036133
tur,2015,94.2412414550781
tuv,2014,96.0770263671875
tuv,2015,98.3286895751953
tza,1999,49.2332992553711
tza,2000,52.8379402160645
tza,2001,57.5036315917969
tza,2002,72.3798980712891
tza,2003,80.786979675293
tza,2004,85.0932006835938
tza,2005,89.40869140625
tza,2006,94.7678833007813
tza,2008,95.8666763305664
tza,2010,89.1167984008789
tza,2012,84.8559417724609
tza,2013,81.9190826416016
tza,2014,80.0905303955078
uga,2009,93.5632095336914
uga,2010,90.3226928710938
uga,2011,93.1651992797852
uga,2013,93.7977066040039
ukr,2002,96.1612701416016
ukr,2003,89.3184661865234
ukr,2004,89.0027008056641
ukr,2005,89.5112228393555
ukr,2006,88.7073822021484
ukr,2007,88.371726989746
ukr,2008,88.6961822509766
ukr,2009,90.2376480102539
ukr,2010,94.4123306274414
ukr,2011,98.5144805908203
ukr,2012,99.0826416015625
ukr,2013,99.0202178955078
ukr,2014,96.5178985595703
umc,1985,87.7838821411133
umc,1986,89.8579025268555
umc,1987,91.8411026000977
umc,1988,92.8220062255859
umc,1989,93.392463684082
umc,1990,94.1154098510742
umc,1991,94.6855392456055
umc,1992,94.8998413085938
umc,1993,94.2752304077148
umc,1994,93.2325897216797
umc,1995,92.1097717285156
umc,1996,91.4348907470703
umc,1997,91.038719177246
umc,1998,92.7139892578125
umc,1999,94.2861709594727
umc,2000,94.6059875488281
umc,2001,95.1563415527344
umc,2002,97.5336380004883
umc,2003,97.5318603515625
umc,2004,97.752830505371
umc,2005,95.8577117919922
umc,2006,95.1327514648438
umc,2007,95.4179611206055
umc,2008,95.854881286621
umc,2009,95.7993698120117
umc,2010,95.7556610107422
umc,2011,95.7792816162109
umc,2012,95.6114807128906
umc,2013,95.4764862060547
umc,2014,95.6601791381835
umc,2015,95.7058792114258
ury,2005,97.5637893676758
ury,2006,99.9434814453125
ury,2007,98.0944213867188
ury,2008,99.2555923461914
ury,2009,99.4453430175781
ury,2010,99.842399597168
ury,2013,99.494873046875
ury,2014,94.5071411132813
usa,1999,97.5138931274414
usa,2000,97.6168670654297
usa,2001,97.3115234375
usa,2002,96.0032577514648
usa,2003,95.5352325439453
usa,2004,94.4362487792969
usa,2005,95.2743301391602
usa,2006,96.2528991699219
usa,2007,97.1722793579102
usa,2008,97.4857482910156
usa,2009,96.0313034057617
usa,2010,94.7958221435547
usa,2011,93.9446411132813
usa,2012,94.1093673706055
usa,2013,93.8258438110352
usa,2014,94.0345306396484
usa,2015,94.4560470581055
uzb,2007,97.0551223754883
uzb,2008,95.0710067749023
uzb,2009,94.1086502075195
uzb,2010,94.6520614624023
uzb,2011,94.9734420776367
uzb,2012,96.1094284057617
uzb,2013,96.9227828979492
uzb,2014,96.7416229248047
uzb,2015,96.7525787353516
uzb,2016,97.1263809204102
vct,2000,98.1995010375977
vct,2002,99.0473327636719
vct,2003,99.4829330444335
vct,2004,99.3917999267578
vct,2005,98.2729034423828
vct,2007,98.4300537109375
vct,2008,97.520896911621
vct,2009,98.3576812744141
vct,2010,98.48876953125
vct,2011,96.6967391967773
vct,2012,99.1224365234375
vct,2013,96.2477874755859
vct,2014,91.2033081054688
vct,2015,98.7279586791992
ven,1999,84.9776916503906
ven,2000,87.4783325195313
ven,2001,90.1411895751953
ven,2002,93.1179885864258
ven,2003,91.8090667724609
ven,2004,92.1075897216797
ven,2005,90.973777770996
ven,2006,91.761863708496
ven,2007,92.8658218383789
ven,2008,91.0407867431641
ven,2009,93.0370864868164
ven,2010,93.8645629882813
ven,2011,93.8759765625
ven,2012,93.9151382446289
ven,2013,93.2032775878906
ven,2014,92.9789276123047
ven,2015,92.3869781494141
vnm,1999,98.3492431640625
vnm,2000,97.3607177734375
vnm,2001,96.0673904418945
vnm,2002,93.0630187988281
vnm,2005,90.2243423461914
vnm,2006,91.8777236938477
vnm,2008,97.2740783691406
vnm,2009,98.507568359375
vnm,2010,98.1388092041016
vnm,2011,99.40087890625
vnm,2012,98.201560974121
vnm,2013,98.1055297851563
vut,1999,97.642692565918
vut,2000,99.3187637329102
vut,2001,99.5860595703125
vut,2002,99.2256698608398
vut,2003,99.6685562133789
vut,2004,97.6352691650391
vut,2005,99.1522979736328
vut,2015,86.6986465454102
wld,1970,72.353141784668
wld,1971,72.2584609985352
wld,1972,73.1304092407227
wld,1973,75.2583236694335
wld,1974,75.9267120361328
wld,1975,77.0532073974609
wld,1976,77.6713180541992
wld,1977,77.6419296264648
wld,1978,76.5670471191406
wld,1979,76.8828430175781
wld,1980,78.0087203979492
wld,1981,78.7392578125
wld,1982,79.171501159668
wld,1983,79.4102401733398
wld,1984,79.6516036987305
wld,1985,80.2464218139648
wld,1986,81.0132675170898
wld,1987,81.3186874389648
wld,1988,81.945198059082
wld,1989,82.3777236938477
wld,1990,82.3180465698242
wld,1991,82.6380462646484
wld,1992,82.5908966064453
wld,1993,82.7157821655273
wld,1994,82.8288803100585
wld,1995,82.5826416015625
wld,1996,82.3972930908203
wld,1997,82.6988296508789
wld,1998,83.3220596313477
wld,1999,84.134033203125
wld,2000,84.9904174804688
wld,2001,85.4280319213867
wld,2002,86.4424133300781
wld,2003,87.6963119506835
wld,2004,88.759910583496
wld,2005,88.8357696533203
wld,2006,89.2335205078125
wld,2007,90.4100723266602
wld,2008,90.643913269043
wld,2009,90.5124664306641
wld,2010,90.7195587158203
wld,2011,90.8831481933594
wld,2012,91.206787109375
wld,2013,91.1724624633789
wld,2014,91.2640533447266
wld,2015,91.1550903320313
wsm,1999,92.684471130371
wsm,2000,91.5099487304688
wsm,2001,94.7367630004883
wsm,2007,98.3702392578125
wsm,2009,99.7332611083984
wsm,2010,96.7654113769531
wsm,2011,95.0377197265625
wsm,2012,96.1147613525391
wsm,2014,97.326301574707
wsm,2015,97.3556518554688
yem,1999,56.2520408630371
yem,2001,64.6585083007813
yem,2003,70.7472305297852
yem,2004,73.6916732788085
yem,2005,75.8423233032227
yem,2008,76.2084197998047
yem,2010,81.3428573608398
yem,2012,84.9122314453125
yem,2013,85.3279724121094
zaf,1999,94.8595962524414
zaf,2000,91.9988784790039
zaf,2001,91.6416397094727
zaf,2002,91.2356109619141
zaf,2003,90.8863067626953
zaf,2004,90.1082611083984
zaf,2005,88.2970123291016
zmb,1999,64.9221878051758
zmb,2000,64.9517135620117
zmb,2001,64.9177474975585
zmb,2002,68.1115264892578
zmb,2004,81.2446517944335
zmb,2005,89.7433929443359
zmb,2006,88.337532043457
zmb,2007,91.1576690673828
zmb,2008,91.9589996337891
zmb,2009,89.1116027832031
zmb,2010,86.5126724243164
zmb,2011,90.3464279174805
zmb,2012,91.791160583496
zmb,2013,89.0403594970703
zwe,1999,83.6054306030273
zwe,2000,84.5295104980469
zwe,2001,86.7056198120117
zwe,2002,83.5757904052734
zwe,2003,82.6140670776367
zwe,2012,89.1102600097656
zwe,2013,86.3031692504883
